date,year,month,day,weekday,hour,demand,temperature
2023/1/1,2023,1,1,7,1,10511,50
2023/1/1,2023,1,1,7,2,10050,50
2023/1/1,2023,1,1,7,3,9718,50
2023/1/1,2023,1,1,7,4,9532,50
2023/1/1,2023,1,1,7,5,9507,50
2023/1/1,2023,1,1,7,6,9687,49
2023/1/1,2023,1,1,7,7,10099,49
2023/1/1,2023,1,1,7,8,10447,50
2023/1/1,2023,1,1,7,9,10717,49
2023/1/1,2023,1,1,7,10,10810,50
2023/1/1,2023,1,1,7,11,10920,50
2023/1/1,2023,1,1,7,12,11103,50
2023/1/1,2023,1,1,7,13,11381,50
2023/1/1,2023,1,1,7,14,11443,49
2023/1/1,2023,1,1,7,15,11750,49
2023/1/1,2023,1,1,7,16,12304,48
2023/1/1,2023,1,1,7,17,13407,46
2023/1/1,2023,1,1,7,18,14292,44
2023/1/1,2023,1,1,7,19,14067,43
2023/1/1,2023,1,1,7,20,13677,41
2023/1/1,2023,1,1,7,21,13212,41
2023/1/1,2023,1,1,7,22,12604,40
2023/1/1,2023,1,1,7,23,11853,40
2023/1/1,2023,1,1,7,24,11145,39
2023/1/2,2023,1,2,1,1,10603,38
2023/1/2,2023,1,2,1,2,10320,37
2023/1/2,2023,1,2,1,3,10207,36
2023/1/2,2023,1,2,1,4,10243,36
2023/1/2,2023,1,2,1,5,10479,34
2023/1/2,2023,1,2,1,6,10987,34
2023/1/2,2023,1,2,1,7,11719,34
2023/1/2,2023,1,2,1,8,12344,34
2023/1/2,2023,1,2,1,9,12862,35
2023/1/2,2023,1,2,1,10,13256,38
2023/1/2,2023,1,2,1,11,13467,40
2023/1/2,2023,1,2,1,12,13506,42
2023/1/2,2023,1,2,1,13,13443,44
2023/1/2,2023,1,2,1,14,13472,46
2023/1/2,2023,1,2,1,15,13492,47
2023/1/2,2023,1,2,1,16,13781,48
2023/1/2,2023,1,2,1,17,14792,46
2023/1/2,2023,1,2,1,18,15709,45
2023/1/2,2023,1,2,1,19,15499,42
2023/1/2,2023,1,2,1,20,15006,40
2023/1/2,2023,1,2,1,21,14399,38
2023/1/2,2023,1,2,1,22,13562,36
2023/1/2,2023,1,2,1,23,12596,36
2023/1/2,2023,1,2,1,24,11756,34
2023/1/3,2023,1,3,2,1,11161,34
2023/1/3,2023,1,3,2,2,10848,33
2023/1/3,2023,1,3,2,3,10726,32
2023/1/3,2023,1,3,2,4,10758,33
2023/1/3,2023,1,3,2,5,11113,33
2023/1/3,2023,1,3,2,6,11961,33
2023/1/3,2023,1,3,2,7,13454,36
2023/1/3,2023,1,3,2,8,14443,36
2023/1/3,2023,1,3,2,9,14824,37
2023/1/3,2023,1,3,2,10,15067,38
2023/1/3,2023,1,3,2,11,15275,38
2023/1/3,2023,1,3,2,12,15429,39
2023/1/3,2023,1,3,2,13,15458,39
2023/1/3,2023,1,3,2,14,15405,39
2023/1/3,2023,1,3,2,15,15256,40
2023/1/3,2023,1,3,2,16,15268,40
2023/1/3,2023,1,3,2,17,15871,41
2023/1/3,2023,1,3,2,18,16338,40
2023/1/3,2023,1,3,2,19,16028,40
2023/1/3,2023,1,3,2,20,15450,40
2023/1/3,2023,1,3,2,21,14729,39
2023/1/3,2023,1,3,2,22,13810,39
2023/1/3,2023,1,3,2,23,12707,39
2023/1/3,2023,1,3,2,24,11759,40
2023/1/4,2023,1,4,3,1,11101,39
2023/1/4,2023,1,4,3,2,10723,39
2023/1/4,2023,1,4,3,3,10564,39
2023/1/4,2023,1,4,3,4,10568,40
2023/1/4,2023,1,4,3,5,10857,40
2023/1/4,2023,1,4,3,6,11675,39
2023/1/4,2023,1,4,3,7,13051,39
2023/1/4,2023,1,4,3,8,14024,39
2023/1/4,2023,1,4,3,9,14293,39
2023/1/4,2023,1,4,3,10,14365,40
2023/1/4,2023,1,4,3,11,14316,42
2023/1/4,2023,1,4,3,12,14236,43
2023/1/4,2023,1,4,3,13,14199,44
2023/1/4,2023,1,4,3,14,14170,45
2023/1/4,2023,1,4,3,15,14190,45
2023/1/4,2023,1,4,3,16,14420,45
2023/1/4,2023,1,4,3,17,15179,44
2023/1/4,2023,1,4,3,18,15791,44
2023/1/4,2023,1,4,3,19,15561,43
2023/1/4,2023,1,4,3,20,15067,43
2023/1/4,2023,1,4,3,21,14410,43
2023/1/4,2023,1,4,3,22,13526,43
2023/1/4,2023,1,4,3,23,12511,43
2023/1/4,2023,1,4,3,24,11580,43
2023/1/5,2023,1,5,4,1,10909,43
2023/1/5,2023,1,5,4,2,10536,43
2023/1/5,2023,1,5,4,3,10349,43
2023/1/5,2023,1,5,4,4,10349,43
2023/1/5,2023,1,5,4,5,10646,42
2023/1/5,2023,1,5,4,6,11541,43
2023/1/5,2023,1,5,4,7,12984,42
2023/1/5,2023,1,5,4,8,14043,42
2023/1/5,2023,1,5,4,9,14473,41
2023/1/5,2023,1,5,4,10,14665,41
2023/1/5,2023,1,5,4,11,14823,41
2023/1/5,2023,1,5,4,12,14896,41
2023/1/5,2023,1,5,4,13,14871,41
2023/1/5,2023,1,5,4,14,14812,40
2023/1/5,2023,1,5,4,15,14804,40
2023/1/5,2023,1,5,4,16,15006,40
2023/1/5,2023,1,5,4,17,15685,39
2023/1/5,2023,1,5,4,18,16288,38
2023/1/5,2023,1,5,4,19,16050,38
2023/1/5,2023,1,5,4,20,15553,37
2023/1/5,2023,1,5,4,21,14969,37
2023/1/5,2023,1,5,4,22,14097,37
2023/1/5,2023,1,5,4,23,13059,37
2023/1/5,2023,1,5,4,24,12118,36
2023/1/6,2023,1,6,5,1,11512,36
2023/1/6,2023,1,6,5,2,11135,35
2023/1/6,2023,1,6,5,3,10946,35
2023/1/6,2023,1,6,5,4,10955,35
2023/1/6,2023,1,6,5,5,11257,35
2023/1/6,2023,1,6,5,6,12094,35
2023/1/6,2023,1,6,5,7,13458,35
2023/1/6,2023,1,6,5,8,14515,35
2023/1/6,2023,1,6,5,9,14980,35
2023/1/6,2023,1,6,5,10,15233,35
2023/1/6,2023,1,6,5,11,15474,35
2023/1/6,2023,1,6,5,12,15575,36
2023/1/6,2023,1,6,5,13,15518,35
2023/1/6,2023,1,6,5,14,15456,35
2023/1/6,2023,1,6,5,15,15331,35
2023/1/6,2023,1,6,5,16,15355,35
2023/1/6,2023,1,6,5,17,15927,35
2023/1/6,2023,1,6,5,18,16400,35
2023/1/6,2023,1,6,5,19,16021,35
2023/1/6,2023,1,6,5,20,15496,34
2023/1/6,2023,1,6,5,21,14880,35
2023/1/6,2023,1,6,5,22,14165,34
2023/1/6,2023,1,6,5,23,13288,34
2023/1/6,2023,1,6,5,24,12428,34
2023/1/7,2023,1,7,6,1,11762,33
2023/1/7,2023,1,7,6,2,11337,34
2023/1/7,2023,1,7,6,3,11107,34
2023/1/7,2023,1,7,6,4,11033,33
2023/1/7,2023,1,7,6,5,11161,33
2023/1/7,2023,1,7,6,6,11549,33
2023/1/7,2023,1,7,6,7,12165,33
2023/1/7,2023,1,7,6,8,12858,33
2023/1/7,2023,1,7,6,9,13466,32
2023/1/7,2023,1,7,6,10,13797,34
2023/1/7,2023,1,7,6,11,13835,36
2023/1/7,2023,1,7,6,12,13579,38
2023/1/7,2023,1,7,6,13,13352,40
2023/1/7,2023,1,7,6,14,13374,40
2023/1/7,2023,1,7,6,15,13598,41
2023/1/7,2023,1,7,6,16,13947,40
2023/1/7,2023,1,7,6,17,14723,40
2023/1/7,2023,1,7,6,18,15358,38
2023/1/7,2023,1,7,6,19,15186,38
2023/1/7,2023,1,7,6,20,14786,37
2023/1/7,2023,1,7,6,21,14368,35
2023/1/7,2023,1,7,6,22,13864,34
2023/1/7,2023,1,7,6,23,13214,32
2023/1/7,2023,1,7,6,24,12548,32
2023/1/8,2023,1,8,7,1,12037,30
2023/1/8,2023,1,8,7,2,11741,29
2023/1/8,2023,1,8,7,3,11575,28
2023/1/8,2023,1,8,7,4,11548,27
2023/1/8,2023,1,8,7,5,11683,26
2023/1/8,2023,1,8,7,6,12006,25
2023/1/8,2023,1,8,7,7,12527,24
2023/1/8,2023,1,8,7,8,13105,23
2023/1/8,2023,1,8,7,9,13419,24
2023/1/8,2023,1,8,7,10,13260,27
2023/1/8,2023,1,8,7,11,12936,29
2023/1/8,2023,1,8,7,12,12707,31
2023/1/8,2023,1,8,7,13,12656,33
2023/1/8,2023,1,8,7,14,12783,35
2023/1/8,2023,1,8,7,15,13321,36
2023/1/8,2023,1,8,7,16,14177,36
2023/1/8,2023,1,8,7,17,15406,35
2023/1/8,2023,1,8,7,18,16352,32
2023/1/8,2023,1,8,7,19,16260,31
2023/1/8,2023,1,8,7,20,15859,30
2023/1/8,2023,1,8,7,21,15324,29
2023/1/8,2023,1,8,7,22,14519,28
2023/1/8,2023,1,8,7,23,13577,28
2023/1/8,2023,1,8,7,24,12762,27
2023/1/9,2023,1,9,1,1,12184,27
2023/1/9,2023,1,9,1,2,11853,27
2023/1/9,2023,1,9,1,3,11711,28
2023/1/9,2023,1,9,1,4,11736,28
2023/1/9,2023,1,9,1,5,12076,29
2023/1/9,2023,1,9,1,6,12936,29
2023/1/9,2023,1,9,1,7,14433,29
2023/1/9,2023,1,9,1,8,15467,30
2023/1/9,2023,1,9,1,9,15619,30
2023/1/9,2023,1,9,1,10,15412,32
2023/1/9,2023,1,9,1,11,14972,35
2023/1/9,2023,1,9,1,12,14558,37
2023/1/9,2023,1,9,1,13,14272,38
2023/1/9,2023,1,9,1,14,14005,39
2023/1/9,2023,1,9,1,15,14158,39
2023/1/9,2023,1,9,1,16,14762,39
2023/1/9,2023,1,9,1,17,15833,37
2023/1/9,2023,1,9,1,18,16800,35
2023/1/9,2023,1,9,1,19,16707,34
2023/1/9,2023,1,9,1,20,16267,32
2023/1/9,2023,1,9,1,21,15619,32
2023/1/9,2023,1,9,1,22,14764,32
2023/1/9,2023,1,9,1,23,13727,32
2023/1/9,2023,1,9,1,24,12780,32
2023/1/10,2023,1,10,2,1,12150,33
2023/1/10,2023,1,10,2,2,11778,34
2023/1/10,2023,1,10,2,3,11603,34
2023/1/10,2023,1,10,2,4,11572,34
2023/1/10,2023,1,10,2,5,11858,35
2023/1/10,2023,1,10,2,6,12749,35
2023/1/10,2023,1,10,2,7,14246,35
2023/1/10,2023,1,10,2,8,15202,35
2023/1/10,2023,1,10,2,9,15341,36
2023/1/10,2023,1,10,2,10,15075,36
2023/1/10,2023,1,10,2,11,14673,36
2023/1/10,2023,1,10,2,12,14306,38
2023/1/10,2023,1,10,2,13,13946,38
2023/1/10,2023,1,10,2,14,13984,38
2023/1/10,2023,1,10,2,15,14269,39
2023/1/10,2023,1,10,2,16,14875,39
2023/1/10,2023,1,10,2,17,15915,37
2023/1/10,2023,1,10,2,18,16829,35
2023/1/10,2023,1,10,2,19,16724,33
2023/1/10,2023,1,10,2,20,16316,32
2023/1/10,2023,1,10,2,21,15736,30
2023/1/10,2023,1,10,2,22,14892,30
2023/1/10,2023,1,10,2,23,13878,29
2023/1/10,2023,1,10,2,24,13048,27
2023/1/11,2023,1,11,3,1,12469,27
2023/1/11,2023,1,11,3,2,12154,26
2023/1/11,2023,1,11,3,3,12062,24
2023/1/11,2023,1,11,3,4,12145,24
2023/1/11,2023,1,11,3,5,12567,24
2023/1/11,2023,1,11,3,6,13536,23
2023/1/11,2023,1,11,3,7,15110,22
2023/1/11,2023,1,11,3,8,16069,21
2023/1/11,2023,1,11,3,9,15925,21
2023/1/11,2023,1,11,3,10,15219,24
2023/1/11,2023,1,11,3,11,14521,26
2023/1/11,2023,1,11,3,12,14100,28
2023/1/11,2023,1,11,3,13,13941,30
2023/1/11,2023,1,11,3,14,14205,31
2023/1/11,2023,1,11,3,15,14745,33
2023/1/11,2023,1,11,3,16,15384,32
2023/1/11,2023,1,11,3,17,16377,32
2023/1/11,2023,1,11,3,18,17119,30
2023/1/11,2023,1,11,3,19,16960,30
2023/1/11,2023,1,11,3,20,16609,29
2023/1/11,2023,1,11,3,21,15978,29
2023/1/11,2023,1,11,3,22,15068,29
2023/1/11,2023,1,11,3,23,14024,29
2023/1/11,2023,1,11,3,24,13049,29
2023/1/12,2023,1,12,4,1,12413,30
2023/1/12,2023,1,12,4,2,12039,30
2023/1/12,2023,1,12,4,3,11856,30
2023/1/12,2023,1,12,4,4,11865,30
2023/1/12,2023,1,12,4,5,12183,30
2023/1/12,2023,1,12,4,6,13067,30
2023/1/12,2023,1,12,4,7,14508,30
2023/1/12,2023,1,12,4,8,15552,30
2023/1/12,2023,1,12,4,9,15922,30
2023/1/12,2023,1,12,4,10,16107,31
2023/1/12,2023,1,12,4,11,16276,31
2023/1/12,2023,1,12,4,12,16327,32
2023/1/12,2023,1,12,4,13,16300,33
2023/1/12,2023,1,12,4,14,16204,34
2023/1/12,2023,1,12,4,15,16033,35
2023/1/12,2023,1,12,4,16,16045,35
2023/1/12,2023,1,12,4,17,16501,36
2023/1/12,2023,1,12,4,18,16852,36
2023/1/12,2023,1,12,4,19,16491,36
2023/1/12,2023,1,12,4,20,15929,37
2023/1/12,2023,1,12,4,21,15196,38
2023/1/12,2023,1,12,4,22,14235,39
2023/1/12,2023,1,12,4,23,13140,40
2023/1/12,2023,1,12,4,24,12145,41
2023/1/13,2023,1,13,5,1,11420,43
2023/1/13,2023,1,13,5,2,10964,45
2023/1/13,2023,1,13,5,3,10703,46
2023/1/13,2023,1,13,5,4,10617,48
2023/1/13,2023,1,13,5,5,10816,52
2023/1/13,2023,1,13,5,6,11581,52
2023/1/13,2023,1,13,5,7,12890,52
2023/1/13,2023,1,13,5,8,13876,52
2023/1/13,2023,1,13,5,9,14326,52
2023/1/13,2023,1,13,5,10,14551,51
2023/1/13,2023,1,13,5,11,14661,51
2023/1/13,2023,1,13,5,12,14585,50
2023/1/13,2023,1,13,5,13,14459,50
2023/1/13,2023,1,13,5,14,14378,51
2023/1/13,2023,1,13,5,15,14249,51
2023/1/13,2023,1,13,5,16,14326,49
2023/1/13,2023,1,13,5,17,14826,49
2023/1/13,2023,1,13,5,18,15223,47
2023/1/13,2023,1,13,5,19,14928,45
2023/1/13,2023,1,13,5,20,14455,43
2023/1/13,2023,1,13,5,21,13985,41
2023/1/13,2023,1,13,5,22,13374,39
2023/1/13,2023,1,13,5,23,12593,39
2023/1/13,2023,1,13,5,24,11885,37
2023/1/14,2023,1,14,6,1,11337,36
2023/1/14,2023,1,14,6,2,11018,35
2023/1/14,2023,1,14,6,3,10882,34
2023/1/14,2023,1,14,6,4,10882,33
2023/1/14,2023,1,14,6,5,11058,33
2023/1/14,2023,1,14,6,6,11457,32
2023/1/14,2023,1,14,6,7,12120,32
2023/1/14,2023,1,14,6,8,12916,32
2023/1/14,2023,1,14,6,9,13730,31
2023/1/14,2023,1,14,6,10,14371,31
2023/1/14,2023,1,14,6,11,14729,32
2023/1/14,2023,1,14,6,12,14868,32
2023/1/14,2023,1,14,6,13,14829,32
2023/1/14,2023,1,14,6,14,14789,32
2023/1/14,2023,1,14,6,15,14767,33
2023/1/14,2023,1,14,6,16,14905,33
2023/1/14,2023,1,14,6,17,15445,33
2023/1/14,2023,1,14,6,18,15998,32
2023/1/14,2023,1,14,6,19,15790,31
2023/1/14,2023,1,14,6,20,15310,31
2023/1/14,2023,1,14,6,21,14848,31
2023/1/14,2023,1,14,6,22,14243,31
2023/1/14,2023,1,14,6,23,13532,30
2023/1/14,2023,1,14,6,24,12808,30
2023/1/15,2023,1,15,7,1,12233,30
2023/1/15,2023,1,15,7,2,11864,30
2023/1/15,2023,1,15,7,3,11656,30
2023/1/15,2023,1,15,7,4,11590,30
2023/1/15,2023,1,15,7,5,11661,30
2023/1/15,2023,1,15,7,6,11927,30
2023/1/15,2023,1,15,7,7,12420,31
2023/1/15,2023,1,15,7,8,13036,31
2023/1/15,2023,1,15,7,9,13603,31
2023/1/15,2023,1,15,7,10,13948,32
2023/1/15,2023,1,15,7,11,14104,33
2023/1/15,2023,1,15,7,12,14272,34
2023/1/15,2023,1,15,7,13,14272,35
2023/1/15,2023,1,15,7,14,14272,35
2023/1/15,2023,1,15,7,15,14441,36
2023/1/15,2023,1,15,7,16,14874,35
2023/1/15,2023,1,15,7,17,15598,35
2023/1/15,2023,1,15,7,18,16382,34
2023/1/15,2023,1,15,7,19,16182,33
2023/1/15,2023,1,15,7,20,15657,33
2023/1/15,2023,1,15,7,21,15135,33
2023/1/15,2023,1,15,7,22,14434,31
2023/1/15,2023,1,15,7,23,13638,31
2023/1/15,2023,1,15,7,24,12879,31
2023/1/16,2023,1,16,1,1,12307,30
2023/1/16,2023,1,16,1,2,11962,30
2023/1/16,2023,1,16,1,3,11808,29
2023/1/16,2023,1,16,1,4,11819,28
2023/1/16,2023,1,16,1,5,12094,29
2023/1/16,2023,1,16,1,6,12748,29
2023/1/16,2023,1,16,1,7,13723,29
2023/1/16,2023,1,16,1,8,14591,29
2023/1/16,2023,1,16,1,9,15295,29
2023/1/16,2023,1,16,1,10,15820,29
2023/1/16,2023,1,16,1,11,15982,30
2023/1/16,2023,1,16,1,12,15986,31
2023/1/16,2023,1,16,1,13,15938,33
2023/1/16,2023,1,16,1,14,15955,33
2023/1/16,2023,1,16,1,15,15979,33
2023/1/16,2023,1,16,1,16,16063,33
2023/1/16,2023,1,16,1,17,16624,33
2023/1/16,2023,1,16,1,18,17304,33
2023/1/16,2023,1,16,1,19,16978,33
2023/1/16,2023,1,16,1,20,16434,33
2023/1/16,2023,1,16,1,21,15720,33
2023/1/16,2023,1,16,1,22,14783,32
2023/1/16,2023,1,16,1,23,13734,32
2023/1/16,2023,1,16,1,24,12837,32
2023/1/17,2023,1,17,2,1,12176,31
2023/1/17,2023,1,17,2,2,11811,30
2023/1/17,2023,1,17,2,3,11678,31
2023/1/17,2023,1,17,2,4,11720,30
2023/1/17,2023,1,17,2,5,12067,30
2023/1/17,2023,1,17,2,6,13006,31
2023/1/17,2023,1,17,2,7,14517,30
2023/1/17,2023,1,17,2,8,15436,30
2023/1/17,2023,1,17,2,9,15322,31
2023/1/17,2023,1,17,2,10,14718,34
2023/1/17,2023,1,17,2,11,14041,37
2023/1/17,2023,1,17,2,12,13592,40
2023/1/17,2023,1,17,2,13,13511,43
2023/1/17,2023,1,17,2,14,13826,45
2023/1/17,2023,1,17,2,15,14278,45
2023/1/17,2023,1,17,2,16,14708,45
2023/1/17,2023,1,17,2,17,15433,44
2023/1/17,2023,1,17,2,18,16177,42
2023/1/17,2023,1,17,2,19,16005,41
2023/1/17,2023,1,17,2,20,15487,40
2023/1/17,2023,1,17,2,21,14799,40
2023/1/17,2023,1,17,2,22,13906,40
2023/1/17,2023,1,17,2,23,12821,40
2023/1/17,2023,1,17,2,24,11957,39
2023/1/18,2023,1,18,3,1,11327,39
2023/1/18,2023,1,18,3,2,11000,39
2023/1/18,2023,1,18,3,3,10841,39
2023/1/18,2023,1,18,3,4,10867,38
2023/1/18,2023,1,18,3,5,11217,38
2023/1/18,2023,1,18,3,6,12102,38
2023/1/18,2023,1,18,3,7,13558,38
2023/1/18,2023,1,18,3,8,14519,38
2023/1/18,2023,1,18,3,9,14651,39
2023/1/18,2023,1,18,3,10,14476,41
2023/1/18,2023,1,18,3,11,14096,45
2023/1/18,2023,1,18,3,12,13851,46
2023/1/18,2023,1,18,3,13,13577,47
2023/1/18,2023,1,18,3,14,13367,48
2023/1/18,2023,1,18,3,15,13498,48
2023/1/18,2023,1,18,3,16,13965,48
2023/1/18,2023,1,18,3,17,14797,46
2023/1/18,2023,1,18,3,18,15768,45
2023/1/18,2023,1,18,3,19,15693,44
2023/1/18,2023,1,18,3,20,15253,43
2023/1/18,2023,1,18,3,21,14643,42
2023/1/18,2023,1,18,3,22,13801,42
2023/1/18,2023,1,18,3,23,12768,41
2023/1/18,2023,1,18,3,24,11899,40
2023/1/19,2023,1,19,4,1,11350,40
2023/1/19,2023,1,19,4,2,11012,40
2023/1/19,2023,1,19,4,3,10853,38
2023/1/19,2023,1,19,4,4,10919,36
2023/1/19,2023,1,19,4,5,11292,36
2023/1/19,2023,1,19,4,6,12229,35
2023/1/19,2023,1,19,4,7,13769,35
2023/1/19,2023,1,19,4,8,14725,35
2023/1/19,2023,1,19,4,9,14907,35
2023/1/19,2023,1,19,4,10,14875,36
2023/1/19,2023,1,19,4,11,14894,37
2023/1/19,2023,1,19,4,12,14881,38
2023/1/19,2023,1,19,4,13,14980,39
2023/1/19,2023,1,19,4,14,15099,39
2023/1/19,2023,1,19,4,15,15149,38
2023/1/19,2023,1,19,4,16,15339,37
2023/1/19,2023,1,19,4,17,15935,36
2023/1/19,2023,1,19,4,18,16476,35
2023/1/19,2023,1,19,4,19,16265,35
2023/1/19,2023,1,19,4,20,15724,36
2023/1/19,2023,1,19,4,21,15110,36
2023/1/19,2023,1,19,4,22,14275,36
2023/1/19,2023,1,19,4,23,13279,36
2023/1/19,2023,1,19,4,24,12444,36
2023/1/20,2023,1,20,5,1,11824,35
2023/1/20,2023,1,20,5,2,11474,35
2023/1/20,2023,1,20,5,3,11252,34
2023/1/20,2023,1,20,5,4,11216,35
2023/1/20,2023,1,20,5,5,11540,35
2023/1/20,2023,1,20,5,6,12372,34
2023/1/20,2023,1,20,5,7,13649,35
2023/1/20,2023,1,20,5,8,14641,34
2023/1/20,2023,1,20,5,9,15110,34
2023/1/20,2023,1,20,5,10,15385,34
2023/1/20,2023,1,20,5,11,15645,34
2023/1/20,2023,1,20,5,12,15730,35
2023/1/20,2023,1,20,5,13,15617,35
2023/1/20,2023,1,20,5,14,15474,35
2023/1/20,2023,1,20,5,15,15318,35
2023/1/20,2023,1,20,5,16,15348,35
2023/1/20,2023,1,20,5,17,15827,35
2023/1/20,2023,1,20,5,18,16426,35
2023/1/20,2023,1,20,5,19,16117,35
2023/1/20,2023,1,20,5,20,15582,34
2023/1/20,2023,1,20,5,21,15002,34
2023/1/20,2023,1,20,5,22,14293,34
2023/1/20,2023,1,20,5,23,13431,33
2023/1/20,2023,1,20,5,24,12595,33
2023/1/21,2023,1,21,6,1,11993,32
2023/1/21,2023,1,21,6,2,11595,32
2023/1/21,2023,1,21,6,3,11379,31
2023/1/21,2023,1,21,6,4,11332,31
2023/1/21,2023,1,21,6,5,11462,30
2023/1/21,2023,1,21,6,6,11845,30
2023/1/21,2023,1,21,6,7,12504,30
2023/1/21,2023,1,21,6,8,13254,30
2023/1/21,2023,1,21,6,9,13970,31
2023/1/21,2023,1,21,6,10,14379,31
2023/1/21,2023,1,21,6,11,14530,32
2023/1/21,2023,1,21,6,12,14681,33
2023/1/21,2023,1,21,6,13,14680,33
2023/1/21,2023,1,21,6,14,14628,33
2023/1/21,2023,1,21,6,15,14628,33
2023/1/21,2023,1,21,6,16,14802,33
2023/1/21,2023,1,21,6,17,15328,32
2023/1/21,2023,1,21,6,18,15974,31
2023/1/21,2023,1,21,6,19,15763,30
2023/1/21,2023,1,21,6,20,15311,30
2023/1/21,2023,1,21,6,21,14838,29
2023/1/21,2023,1,21,6,22,14225,29
2023/1/21,2023,1,21,6,23,13494,29
2023/1/21,2023,1,21,6,24,12760,28
2023/1/22,2023,1,22,7,1,12206,28
2023/1/22,2023,1,22,7,2,11821,27
2023/1/22,2023,1,22,7,3,11599,27
2023/1/22,2023,1,22,7,4,11543,27
2023/1/22,2023,1,22,7,5,11610,28
2023/1/22,2023,1,22,7,6,11871,28
2023/1/22,2023,1,22,7,7,12368,28
2023/1/22,2023,1,22,7,8,12990,28
2023/1/22,2023,1,22,7,9,13734,28
2023/1/22,2023,1,22,7,10,14357,29
2023/1/22,2023,1,22,7,11,14661,30
2023/1/22,2023,1,22,7,12,14715,32
2023/1/22,2023,1,22,7,13,14705,33
2023/1/22,2023,1,22,7,14,14694,33
2023/1/22,2023,1,22,7,15,14764,34
2023/1/22,2023,1,22,7,16,15000,35
2023/1/22,2023,1,22,7,17,15622,34
2023/1/22,2023,1,22,7,18,16235,34
2023/1/22,2023,1,22,7,19,16033,34
2023/1/22,2023,1,22,7,20,15496,34
2023/1/22,2023,1,22,7,21,14940,33
2023/1/22,2023,1,22,7,22,14080,34
2023/1/22,2023,1,22,7,23,13137,33
2023/1/22,2023,1,22,7,24,12286,33
2023/1/23,2023,1,23,1,1,11730,33
2023/1/23,2023,1,23,1,2,11384,33
2023/1/23,2023,1,23,1,3,11247,33
2023/1/23,2023,1,23,1,4,11271,34
2023/1/23,2023,1,23,1,5,11597,34
2023/1/23,2023,1,23,1,6,12429,34
2023/1/23,2023,1,23,1,7,13746,34
2023/1/23,2023,1,23,1,8,14789,34
2023/1/23,2023,1,23,1,9,15275,34
2023/1/23,2023,1,23,1,10,15590,34
2023/1/23,2023,1,23,1,11,15844,34
2023/1/23,2023,1,23,1,12,16020,34
2023/1/23,2023,1,23,1,13,16109,33
2023/1/23,2023,1,23,1,14,16150,33
2023/1/23,2023,1,23,1,15,16090,33
2023/1/23,2023,1,23,1,16,16040,33
2023/1/23,2023,1,23,1,17,16448,33
2023/1/23,2023,1,23,1,18,17106,33
2023/1/23,2023,1,23,1,19,16884,32
2023/1/23,2023,1,23,1,20,16365,33
2023/1/23,2023,1,23,1,21,15620,32
2023/1/23,2023,1,23,1,22,14704,32
2023/1/23,2023,1,23,1,23,13677,31
2023/1/23,2023,1,23,1,24,12781,31
2023/1/24,2023,1,24,2,1,12182,31
2023/1/24,2023,1,24,2,2,11846,31
2023/1/24,2023,1,24,2,3,11693,31
2023/1/24,2023,1,24,2,4,11727,31
2023/1/24,2023,1,24,2,5,12082,30
2023/1/24,2023,1,24,2,6,12977,30
2023/1/24,2023,1,24,2,7,14442,30
2023/1/24,2023,1,24,2,8,15360,30
2023/1/24,2023,1,24,2,9,15658,31
2023/1/24,2023,1,24,2,10,15523,32
2023/1/24,2023,1,24,2,11,15181,34
2023/1/24,2023,1,24,2,12,14950,36
2023/1/24,2023,1,24,2,13,14963,37
2023/1/24,2023,1,24,2,14,15028,38
2023/1/24,2023,1,24,2,15,15123,38
2023/1/24,2023,1,24,2,16,15234,38
2023/1/24,2023,1,24,2,17,15920,37
2023/1/24,2023,1,24,2,18,16848,36
2023/1/24,2023,1,24,2,19,16755,36
2023/1/24,2023,1,24,2,20,16273,36
2023/1/24,2023,1,24,2,21,15618,35
2023/1/24,2023,1,24,2,22,14728,34
2023/1/24,2023,1,24,2,23,13645,35
2023/1/24,2023,1,24,2,24,12727,34
2023/1/25,2023,1,25,3,1,12146,33
2023/1/25,2023,1,25,3,2,11817,33
2023/1/25,2023,1,25,3,3,11671,32
2023/1/25,2023,1,25,3,4,11709,32
2023/1/25,2023,1,25,3,5,12073,30
2023/1/25,2023,1,25,3,6,13014,30
2023/1/25,2023,1,25,3,7,14542,30
2023/1/25,2023,1,25,3,8,15472,30
2023/1/25,2023,1,25,3,9,15742,31
2023/1/25,2023,1,25,3,10,15815,32
2023/1/25,2023,1,25,3,11,15831,33
2023/1/25,2023,1,25,3,12,15717,34
2023/1/25,2023,1,25,3,13,15621,34
2023/1/25,2023,1,25,3,14,15609,34
2023/1/25,2023,1,25,3,15,15646,34
2023/1/25,2023,1,25,3,16,15854,34
2023/1/25,2023,1,25,3,17,16466,34
2023/1/25,2023,1,25,3,18,17093,33
2023/1/25,2023,1,25,3,19,16886,33
2023/1/25,2023,1,25,3,20,16405,33
2023/1/25,2023,1,25,3,21,15650,33
2023/1/25,2023,1,25,3,22,14688,34
2023/1/25,2023,1,25,3,23,13549,36
2023/1/25,2023,1,25,3,24,12548,37
2023/1/26,2023,1,26,4,1,11851,38
2023/1/26,2023,1,26,4,2,11411,39
2023/1/26,2023,1,26,4,3,11146,41
2023/1/26,2023,1,26,4,4,11073,43
2023/1/26,2023,1,26,4,5,11311,43
2023/1/26,2023,1,26,4,6,12068,44
2023/1/26,2023,1,26,4,7,13439,43
2023/1/26,2023,1,26,4,8,14375,42
2023/1/26,2023,1,26,4,9,14573,41
2023/1/26,2023,1,26,4,10,14392,42
2023/1/26,2023,1,26,4,11,14432,43
2023/1/26,2023,1,26,4,12,14535,43
2023/1/26,2023,1,26,4,13,14627,44
2023/1/26,2023,1,26,4,14,14659,43
2023/1/26,2023,1,26,4,15,14714,42
2023/1/26,2023,1,26,4,16,14952,42
2023/1/26,2023,1,26,4,17,15585,41
2023/1/26,2023,1,26,4,18,16376,40
2023/1/26,2023,1,26,4,19,16271,39
2023/1/26,2023,1,26,4,20,15825,39
2023/1/26,2023,1,26,4,21,15220,38
2023/1/26,2023,1,26,4,22,14402,36
2023/1/26,2023,1,26,4,23,13409,35
2023/1/26,2023,1,26,4,24,12555,34
2023/1/27,2023,1,27,5,1,12024,34
2023/1/27,2023,1,27,5,2,11688,33
2023/1/27,2023,1,27,5,3,11548,31
2023/1/27,2023,1,27,5,4,11599,30
2023/1/27,2023,1,27,5,5,11970,30
2023/1/27,2023,1,27,5,6,12917,28
2023/1/27,2023,1,27,5,7,14433,27
2023/1/27,2023,1,27,5,8,15319,27
2023/1/27,2023,1,27,5,9,15110,28
2023/1/27,2023,1,27,5,10,14455,31
2023/1/27,2023,1,27,5,11,13923,34
2023/1/27,2023,1,27,5,12,13561,36
2023/1/27,2023,1,27,5,13,13417,37
2023/1/27,2023,1,27,5,14,13661,38
2023/1/27,2023,1,27,5,15,13963,39
2023/1/27,2023,1,27,5,16,14406,39
2023/1/27,2023,1,27,5,17,15173,38
2023/1/27,2023,1,27,5,18,16004,37
2023/1/27,2023,1,27,5,19,15889,35
2023/1/27,2023,1,27,5,20,15457,34
2023/1/27,2023,1,27,5,21,14964,33
2023/1/27,2023,1,27,5,22,14307,33
2023/1/27,2023,1,27,5,23,13495,32
2023/1/27,2023,1,27,5,24,12755,30
2023/1/28,2023,1,28,6,1,12201,30
2023/1/28,2023,1,28,6,2,11859,29
2023/1/28,2023,1,28,6,3,11683,29
2023/1/28,2023,1,28,6,4,11626,29
2023/1/28,2023,1,28,6,5,11710,30
2023/1/28,2023,1,28,6,6,12035,32
2023/1/28,2023,1,28,6,7,12640,33
2023/1/28,2023,1,28,6,8,13262,34
2023/1/28,2023,1,28,6,9,13662,35
2023/1/28,2023,1,28,6,10,13471,37
2023/1/28,2023,1,28,6,11,12941,40
2023/1/28,2023,1,28,6,12,12493,43
2023/1/28,2023,1,28,6,13,12182,46
2023/1/28,2023,1,28,6,14,12013,47
2023/1/28,2023,1,28,6,15,12345,48
2023/1/28,2023,1,28,6,16,13045,48
2023/1/28,2023,1,28,6,17,13827,46
2023/1/28,2023,1,28,6,18,14769,45
2023/1/28,2023,1,28,6,19,14732,43
2023/1/28,2023,1,28,6,20,14317,40
2023/1/28,2023,1,28,6,21,13871,40
2023/1/28,2023,1,28,6,22,13281,40
2023/1/28,2023,1,28,6,23,12584,38
2023/1/28,2023,1,28,6,24,11922,38
2023/1/29,2023,1,29,7,1,11406,37
2023/1/29,2023,1,29,7,2,11042,36
2023/1/29,2023,1,29,7,3,10876,35
2023/1/29,2023,1,29,7,4,10826,34
2023/1/29,2023,1,29,7,5,10944,31
2023/1/29,2023,1,29,7,6,11274,30
2023/1/29,2023,1,29,7,7,11818,30
2023/1/29,2023,1,29,7,8,12379,32
2023/1/29,2023,1,29,7,9,12804,33
2023/1/29,2023,1,29,7,10,12956,35
2023/1/29,2023,1,29,7,11,13113,39
2023/1/29,2023,1,29,7,12,13512,43
2023/1/29,2023,1,29,7,13,13675,45
2023/1/29,2023,1,29,7,14,13760,47
2023/1/29,2023,1,29,7,15,13872,48
2023/1/29,2023,1,29,7,16,14084,48
2023/1/29,2023,1,29,7,17,14555,48
2023/1/29,2023,1,29,7,18,15282,47
2023/1/29,2023,1,29,7,19,15110,47
2023/1/29,2023,1,29,7,20,14555,46
2023/1/29,2023,1,29,7,21,13952,45
2023/1/29,2023,1,29,7,22,13146,43
2023/1/29,2023,1,29,7,23,12243,42
2023/1/29,2023,1,29,7,24,11398,43
2023/1/30,2023,1,30,1,1,10883,41
2023/1/30,2023,1,30,1,2,10614,40
2023/1/30,2023,1,30,1,3,10520,39
2023/1/30,2023,1,30,1,4,10630,37
2023/1/30,2023,1,30,1,5,11045,36
2023/1/30,2023,1,30,1,6,12075,36
2023/1/30,2023,1,30,1,7,13673,35
2023/1/30,2023,1,30,1,8,14629,34
2023/1/30,2023,1,30,1,9,14769,33
2023/1/30,2023,1,30,1,10,14559,37
2023/1/30,2023,1,30,1,11,13934,39
2023/1/30,2023,1,30,1,12,13522,42
2023/1/30,2023,1,30,1,13,13564,43
2023/1/30,2023,1,30,1,14,13317,43
2023/1/30,2023,1,30,1,15,13482,45
2023/1/30,2023,1,30,1,16,13886,45
2023/1/30,2023,1,30,1,17,14695,45
2023/1/30,2023,1,30,1,18,15800,42
2023/1/30,2023,1,30,1,19,15858,41
2023/1/30,2023,1,30,1,20,15357,39
2023/1/30,2023,1,30,1,21,14699,39
2023/1/30,2023,1,30,1,22,13858,39
2023/1/30,2023,1,30,1,23,12813,40
2023/1/30,2023,1,30,1,24,11963,40
2023/1/31,2023,1,31,2,1,11408,37
2023/1/31,2023,1,31,2,2,11102,36
2023/1/31,2023,1,31,2,3,10992,36
2023/1/31,2023,1,31,2,4,11068,35
2023/1/31,2023,1,31,2,5,11467,33
2023/1/31,2023,1,31,2,6,12394,33
2023/1/31,2023,1,31,2,7,13991,32
2023/1/31,2023,1,31,2,8,15037,31
2023/1/31,2023,1,31,2,9,15388,31
2023/1/31,2023,1,31,2,10,15355,32
2023/1/31,2023,1,31,2,11,15044,32
2023/1/31,2023,1,31,2,12,14742,34
2023/1/31,2023,1,31,2,13,14354,34
2023/1/31,2023,1,31,2,14,14166,34
2023/1/31,2023,1,31,2,15,14134,34
2023/1/31,2023,1,31,2,16,14667,33
2023/1/31,2023,1,31,2,17,15688,32
2023/1/31,2023,1,31,2,18,16781,29
2023/1/31,2023,1,31,2,19,16918,28
2023/1/31,2023,1,31,2,20,16634,26
2023/1/31,2023,1,31,2,21,16090,25
2023/1/31,2023,1,31,2,22,15276,24
2023/1/31,2023,1,31,2,23,14234,23
2023/1/31,2023,1,31,2,24,13384,23
2023/2/1,2023,2,1,3,1,12815,22
2023/2/1,2023,2,1,3,2,12518,22
2023/2/1,2023,2,1,3,3,12387,22
2023/2/1,2023,2,1,3,4,12463,21
2023/2/1,2023,2,1,3,5,12849,21
2023/2/1,2023,2,1,3,6,13810,20
2023/2/1,2023,2,1,3,7,15453,20
2023/2/1,2023,2,1,3,8,16390,19
2023/2/1,2023,2,1,3,9,16080,19
2023/2/1,2023,2,1,3,10,15280,22
2023/2/1,2023,2,1,3,11,14622,24
2023/2/1,2023,2,1,3,12,14242,26
2023/2/1,2023,2,1,3,13,14018,27
2023/2/1,2023,2,1,3,14,13994,28
2023/2/1,2023,2,1,3,15,14232,30
2023/2/1,2023,2,1,3,16,14869,30
2023/2/1,2023,2,1,3,17,15954,30
2023/2/1,2023,2,1,3,18,17173,28
2023/2/1,2023,2,1,3,19,17330,28
2023/2/1,2023,2,1,3,20,16989,26
2023/2/1,2023,2,1,3,21,16449,26
2023/2/1,2023,2,1,3,22,15615,24
2023/2/1,2023,2,1,3,23,14621,23
2023/2/1,2023,2,1,3,24,13713,22
2023/2/2,2023,2,2,4,1,13158,21
2023/2/2,2023,2,2,4,2,12861,21
2023/2/2,2023,2,2,4,3,12750,21
2023/2/2,2023,2,2,4,4,12794,21
2023/2/2,2023,2,2,4,5,13188,20
2023/2/2,2023,2,2,4,6,14099,21
2023/2/2,2023,2,2,4,7,15667,20
2023/2/2,2023,2,2,4,8,16528,19
2023/2/2,2023,2,2,4,9,16249,21
2023/2/2,2023,2,2,4,10,15616,25
2023/2/2,2023,2,2,4,11,15126,28
2023/2/2,2023,2,2,4,12,14775,31
2023/2/2,2023,2,2,4,13,14311,32
2023/2/2,2023,2,2,4,14,14139,34
2023/2/2,2023,2,2,4,15,14251,36
2023/2/2,2023,2,2,4,16,14833,36
2023/2/2,2023,2,2,4,17,15876,36
2023/2/2,2023,2,2,4,18,17023,34
2023/2/2,2023,2,2,4,19,17125,33
2023/2/2,2023,2,2,4,20,16758,32
2023/2/2,2023,2,2,4,21,16161,31
2023/2/2,2023,2,2,4,22,15370,31
2023/2/2,2023,2,2,4,23,14337,31
2023/2/2,2023,2,2,4,24,13395,31
2023/2/3,2023,2,3,5,1,12822,31
2023/2/3,2023,2,3,5,2,12478,30
2023/2/3,2023,2,3,5,3,12314,30
2023/2/3,2023,2,3,5,4,12361,29
2023/2/3,2023,2,3,5,5,12706,30
2023/2/3,2023,2,3,5,6,13625,28
2023/2/3,2023,2,3,5,7,15283,25
2023/2/3,2023,2,3,5,8,16299,20
2023/2/3,2023,2,3,5,9,16230,18
2023/2/3,2023,2,3,5,10,15832,16
2023/2/3,2023,2,3,5,11,15553,15
2023/2/3,2023,2,3,5,12,15452,15
2023/2/3,2023,2,3,5,13,15442,15
2023/2/3,2023,2,3,5,14,15627,14
2023/2/3,2023,2,3,5,15,16064,13
2023/2/3,2023,2,3,5,16,16995,13
2023/2/3,2023,2,3,5,17,18301,10
2023/2/3,2023,2,3,5,18,19478,6
2023/2/3,2023,2,3,5,19,19662,4
2023/2/3,2023,2,3,5,20,19370,2
2023/2/3,2023,2,3,5,21,19108,0
2023/2/3,2023,2,3,5,22,18605,-2
2023/2/3,2023,2,3,5,23,17913,-4
2023/2/3,2023,2,3,5,24,17140,-6
2023/2/4,2023,2,4,6,1,16788,-7
2023/2/4,2023,2,4,6,2,16525,-8
2023/2/4,2023,2,4,6,3,16385,-9
2023/2/4,2023,2,4,6,4,16350,-9
2023/2/4,2023,2,4,6,5,16513,-10
2023/2/4,2023,2,4,6,6,16898,-10
2023/2/4,2023,2,4,6,7,17539,-10
2023/2/4,2023,2,4,6,8,18147,-10
2023/2/4,2023,2,4,6,9,18301,-8
2023/2/4,2023,2,4,6,10,18095,-5
2023/2/4,2023,2,4,6,11,17817,-2
2023/2/4,2023,2,4,6,12,17563,2
2023/2/4,2023,2,4,6,13,17286,5
2023/2/4,2023,2,4,6,14,17168,9
2023/2/4,2023,2,4,6,15,17438,11
2023/2/4,2023,2,4,6,16,18087,11
2023/2/4,2023,2,4,6,17,18811,12
2023/2/4,2023,2,4,6,18,19418,12
2023/2/4,2023,2,4,6,19,19216,12
2023/2/4,2023,2,4,6,20,18591,12
2023/2/4,2023,2,4,6,21,17947,13
2023/2/4,2023,2,4,6,22,17236,13
2023/2/4,2023,2,4,6,23,16520,14
2023/2/4,2023,2,4,6,24,15642,15
2023/2/5,2023,2,5,7,1,14957,16
2023/2/5,2023,2,5,7,2,14482,16
2023/2/5,2023,2,5,7,3,14192,17
2023/2/5,2023,2,5,7,4,14014,19
2023/2/5,2023,2,5,7,5,13945,20
2023/2/5,2023,2,5,7,6,14081,22
2023/2/5,2023,2,5,7,7,14451,23
2023/2/5,2023,2,5,7,8,14772,25
2023/2/5,2023,2,5,7,9,14922,27
2023/2/5,2023,2,5,7,10,14635,30
2023/2/5,2023,2,5,7,11,14258,34
2023/2/5,2023,2,5,7,12,13941,37
2023/2/5,2023,2,5,7,13,13766,41
2023/2/5,2023,2,5,7,14,13749,44
2023/2/5,2023,2,5,7,15,13808,45
2023/2/5,2023,2,5,7,16,14199,46
2023/2/5,2023,2,5,7,17,15048,45
2023/2/5,2023,2,5,7,18,16219,42
2023/2/5,2023,2,5,7,19,16253,39
2023/2/5,2023,2,5,7,20,15794,38
2023/2/5,2023,2,5,7,21,15173,38
2023/2/5,2023,2,5,7,22,14322,37
2023/2/5,2023,2,5,7,23,13330,37
2023/2/5,2023,2,5,7,24,12519,35
2023/2/6,2023,2,6,1,1,12003,35
2023/2/6,2023,2,6,1,2,11680,36
2023/2/6,2023,2,6,1,3,11545,35
2023/2/6,2023,2,6,1,4,11605,35
2023/2/6,2023,2,6,1,5,11979,34
2023/2/6,2023,2,6,1,6,12924,31
2023/2/6,2023,2,6,1,7,14465,30
2023/2/6,2023,2,6,1,8,15395,31
2023/2/6,2023,2,6,1,9,15442,34
2023/2/6,2023,2,6,1,10,14994,36
2023/2/6,2023,2,6,1,11,14644,41
2023/2/6,2023,2,6,1,12,14362,44
2023/2/6,2023,2,6,1,13,14183,47
2023/2/6,2023,2,6,1,14,14076,47
2023/2/6,2023,2,6,1,15,14099,45
2023/2/6,2023,2,6,1,16,14588,43
2023/2/6,2023,2,6,1,17,15329,42
2023/2/6,2023,2,6,1,18,16430,41
2023/2/6,2023,2,6,1,19,16533,38
2023/2/6,2023,2,6,1,20,16104,38
2023/2/6,2023,2,6,1,21,15516,36
2023/2/6,2023,2,6,1,22,14680,34
2023/2/6,2023,2,6,1,23,13672,32
2023/2/6,2023,2,6,1,24,13036,31
2023/2/7,2023,2,7,2,1,12390,29
2023/2/7,2023,2,7,2,2,12147,28
2023/2/7,2023,2,7,2,3,12076,27
2023/2/7,2023,2,7,2,4,12196,25
2023/2/7,2023,2,7,2,5,12630,24
2023/2/7,2023,2,7,2,6,13618,23
2023/2/7,2023,2,7,2,7,15221,23
2023/2/7,2023,2,7,2,8,15987,21
2023/2/7,2023,2,7,2,9,15470,24
2023/2/7,2023,2,7,2,10,14668,26
2023/2/7,2023,2,7,2,11,14112,29
2023/2/7,2023,2,7,2,12,13781,31
2023/2/7,2023,2,7,2,13,13647,31
2023/2/7,2023,2,7,2,14,13802,33
2023/2/7,2023,2,7,2,15,14251,34
2023/2/7,2023,2,7,2,16,15000,35
2023/2/7,2023,2,7,2,17,15855,34
2023/2/7,2023,2,7,2,18,16929,33
2023/2/7,2023,2,7,2,19,16937,33
2023/2/7,2023,2,7,2,20,16433,32
2023/2/7,2023,2,7,2,21,15759,32
2023/2/7,2023,2,7,2,22,14853,32
2023/2/7,2023,2,7,2,23,13755,32
2023/2/7,2023,2,7,2,24,12831,32
2023/2/8,2023,2,8,3,1,12184,33
2023/2/8,2023,2,8,3,2,11803,34
2023/2/8,2023,2,8,3,3,11613,34
2023/2/8,2023,2,8,3,4,11608,34
2023/2/8,2023,2,8,3,5,11917,34
2023/2/8,2023,2,8,3,6,12841,34
2023/2/8,2023,2,8,3,7,14332,34
2023/2/8,2023,2,8,3,8,15075,35
2023/2/8,2023,2,8,3,9,15011,36
2023/2/8,2023,2,8,3,10,14727,38
2023/2/8,2023,2,8,3,11,14256,40
2023/2/8,2023,2,8,3,12,13927,43
2023/2/8,2023,2,8,3,13,13444,45
2023/2/8,2023,2,8,3,14,12958,45
2023/2/8,2023,2,8,3,15,12989,46
2023/2/8,2023,2,8,3,16,13566,47
2023/2/8,2023,2,8,3,17,14542,47
2023/2/8,2023,2,8,3,18,15759,45
2023/2/8,2023,2,8,3,19,16023,43
2023/2/8,2023,2,8,3,20,15663,41
2023/2/8,2023,2,8,3,21,15113,39
2023/2/8,2023,2,8,3,22,14300,36
2023/2/8,2023,2,8,3,23,13290,37
2023/2/8,2023,2,8,3,24,12422,35
2023/2/9,2023,2,9,4,1,11882,35
2023/2/9,2023,2,9,4,2,11611,33
2023/2/9,2023,2,9,4,3,11499,33
2023/2/9,2023,2,9,4,4,11592,31
2023/2/9,2023,2,9,4,5,11958,31
2023/2/9,2023,2,9,4,6,12952,29
2023/2/9,2023,2,9,4,7,14469,29
2023/2/9,2023,2,9,4,8,15193,28
2023/2/9,2023,2,9,4,9,14946,32
2023/2/9,2023,2,9,4,10,14668,36
2023/2/9,2023,2,9,4,11,14634,40
2023/2/9,2023,2,9,4,12,14729,41
2023/2/9,2023,2,9,4,13,14797,41
2023/2/9,2023,2,9,4,14,14906,41
2023/2/9,2023,2,9,4,15,14900,42
2023/2/9,2023,2,9,4,16,15054,41
2023/2/9,2023,2,9,4,17,15506,42
2023/2/9,2023,2,9,4,18,16151,41
2023/2/9,2023,2,9,4,19,16012,41
2023/2/9,2023,2,9,4,20,15490,40
2023/2/9,2023,2,9,4,21,14821,40
2023/2/9,2023,2,9,4,22,13908,41
2023/2/9,2023,2,9,4,23,12801,41
2023/2/9,2023,2,9,4,24,11881,42
2023/2/10,2023,2,10,5,1,11229,42
2023/2/10,2023,2,10,5,2,10857,42
2023/2/10,2023,2,10,5,3,10667,42
2023/2/10,2023,2,10,5,4,10660,41
2023/2/10,2023,2,10,5,5,10954,41
2023/2/10,2023,2,10,5,6,11805,40
2023/2/10,2023,2,10,5,7,13198,41
2023/2/10,2023,2,10,5,8,13873,41
2023/2/10,2023,2,10,5,9,13665,48
2023/2/10,2023,2,10,5,10,13239,52
2023/2/10,2023,2,10,5,11,12713,52
2023/2/10,2023,2,10,5,12,12369,55
2023/2/10,2023,2,10,5,13,12166,57
2023/2/10,2023,2,10,5,14,12126,57
2023/2/10,2023,2,10,5,15,12302,56
2023/2/10,2023,2,10,5,16,12796,55
2023/2/10,2023,2,10,5,17,13625,53
2023/2/10,2023,2,10,5,18,14554,48
2023/2/10,2023,2,10,5,19,14669,46
2023/2/10,2023,2,10,5,20,14293,44
2023/2/10,2023,2,10,5,21,13814,43
2023/2/10,2023,2,10,5,22,13212,42
2023/2/10,2023,2,10,5,23,12420,42
2023/2/10,2023,2,10,5,24,11644,41
2023/2/11,2023,2,11,6,1,11107,41
2023/2/11,2023,2,11,6,2,10810,39
2023/2/11,2023,2,11,6,3,10704,38
2023/2/11,2023,2,11,6,4,10731,37
2023/2/11,2023,2,11,6,5,10914,35
2023/2/11,2023,2,11,6,6,11382,35
2023/2/11,2023,2,11,6,7,12092,35
2023/2/11,2023,2,11,6,8,12657,34
2023/2/11,2023,2,11,6,9,12737,35
2023/2/11,2023,2,11,6,10,12455,36
2023/2/11,2023,2,11,6,11,12046,38
2023/2/11,2023,2,11,6,12,11720,39
2023/2/11,2023,2,11,6,13,11463,40
2023/2/11,2023,2,11,6,14,11367,42
2023/2/11,2023,2,11,6,15,11583,42
2023/2/11,2023,2,11,6,16,12292,43
2023/2/11,2023,2,11,6,17,13380,42
2023/2/11,2023,2,11,6,18,14533,40
2023/2/11,2023,2,11,6,19,14809,37
2023/2/11,2023,2,11,6,20,14516,35
2023/2/11,2023,2,11,6,21,14148,33
2023/2/11,2023,2,11,6,22,13608,32
2023/2/11,2023,2,11,6,23,12934,31
2023/2/11,2023,2,11,6,24,12299,30
2023/2/12,2023,2,12,7,1,11808,31
2023/2/12,2023,2,12,7,2,11485,29
2023/2/12,2023,2,12,7,3,11331,29
2023/2/12,2023,2,12,7,4,11294,30
2023/2/12,2023,2,12,7,5,11405,29
2023/2/12,2023,2,12,7,6,11735,29
2023/2/12,2023,2,12,7,7,12260,28
2023/2/12,2023,2,12,7,8,12669,28
2023/2/12,2023,2,12,7,9,12701,31
2023/2/12,2023,2,12,7,10,12429,35
2023/2/12,2023,2,12,7,11,12299,38
2023/2/12,2023,2,12,7,12,12212,41
2023/2/12,2023,2,12,7,13,12196,44
2023/2/12,2023,2,12,7,14,12274,46
2023/2/12,2023,2,12,7,15,12575,47
2023/2/12,2023,2,12,7,16,13213,47
2023/2/12,2023,2,12,7,17,14130,46
2023/2/12,2023,2,12,7,18,15159,44
2023/2/12,2023,2,12,7,19,15068,42
2023/2/12,2023,2,12,7,20,14307,40
2023/2/12,2023,2,12,7,21,13753,38
2023/2/12,2023,2,12,7,22,13223,35
2023/2/12,2023,2,12,7,23,12536,36
2023/2/12,2023,2,12,7,24,11816,36
2023/2/13,2023,2,13,1,1,11231,36
2023/2/13,2023,2,13,1,2,10916,36
2023/2/13,2023,2,13,1,3,10783,35
2023/2/13,2023,2,13,1,4,10843,36
2023/2/13,2023,2,13,1,5,11188,35
2023/2/13,2023,2,13,1,6,12112,35
2023/2/13,2023,2,13,1,7,13602,35
2023/2/13,2023,2,13,1,8,14480,35
2023/2/13,2023,2,13,1,9,14471,35
2023/2/13,2023,2,13,1,10,14133,38
2023/2/13,2023,2,13,1,11,13864,39
2023/2/13,2023,2,13,1,12,13407,41
2023/2/13,2023,2,13,1,13,13072,43
2023/2/13,2023,2,13,1,14,12971,44
2023/2/13,2023,2,13,1,15,13020,44
2023/2/13,2023,2,13,1,16,13439,45
2023/2/13,2023,2,13,1,17,14342,45
2023/2/13,2023,2,13,1,18,15527,42
2023/2/13,2023,2,13,1,19,15762,40
2023/2/13,2023,2,13,1,20,15356,38
2023/2/13,2023,2,13,1,21,14722,38
2023/2/13,2023,2,13,1,22,13837,38
2023/2/13,2023,2,13,1,23,12788,38
2023/2/13,2023,2,13,1,24,11855,37
2023/2/14,2023,2,14,2,1,11294,36
2023/2/14,2023,2,14,2,2,11018,36
2023/2/14,2023,2,14,2,3,10900,37
2023/2/14,2023,2,14,2,4,10914,38
2023/2/14,2023,2,14,2,5,11275,38
2023/2/14,2023,2,14,2,6,12230,38
2023/2/14,2023,2,14,2,7,13710,39
2023/2/14,2023,2,14,2,8,14417,38
2023/2/14,2023,2,14,2,9,14096,40
2023/2/14,2023,2,14,2,10,13422,42
2023/2/14,2023,2,14,2,11,12874,44
2023/2/14,2023,2,14,2,12,12404,46
2023/2/14,2023,2,14,2,13,12067,48
2023/2/14,2023,2,14,2,14,11995,49
2023/2/14,2023,2,14,2,15,12159,50
2023/2/14,2023,2,14,2,16,12752,50
2023/2/14,2023,2,14,2,17,13771,49
2023/2/14,2023,2,14,2,18,14957,47
2023/2/14,2023,2,14,2,19,15286,45
2023/2/14,2023,2,14,2,20,14948,42
2023/2/14,2023,2,14,2,21,14416,37
2023/2/14,2023,2,14,2,22,13683,37
2023/2/14,2023,2,14,2,23,12772,35
2023/2/14,2023,2,14,2,24,11963,32
2023/2/15,2023,2,15,3,1,11464,32
2023/2/15,2023,2,15,3,2,11201,31
2023/2/15,2023,2,15,3,3,11083,32
2023/2/15,2023,2,15,3,4,11121,32
2023/2/15,2023,2,15,3,5,11456,33
2023/2/15,2023,2,15,3,6,12361,33
2023/2/15,2023,2,15,3,7,13808,34
2023/2/15,2023,2,15,3,8,14684,36
2023/2/15,2023,2,15,3,9,14853,37
2023/2/15,2023,2,15,3,10,14432,40
2023/2/15,2023,2,15,3,11,13879,45
2023/2/15,2023,2,15,3,12,13467,48
2023/2/15,2023,2,15,3,13,12670,51
2023/2/15,2023,2,15,3,14,12363,55
2023/2/15,2023,2,15,3,15,12417,57
2023/2/15,2023,2,15,3,16,12894,57
2023/2/15,2023,2,15,3,17,13768,56
2023/2/15,2023,2,15,3,18,14795,55
2023/2/15,2023,2,15,3,19,15056,52
2023/2/15,2023,2,15,3,20,14635,51
2023/2/15,2023,2,15,3,21,13995,50
2023/2/15,2023,2,15,3,22,13109,49
2023/2/15,2023,2,15,3,23,12092,49
2023/2/15,2023,2,15,3,24,11201,49
2023/2/16,2023,2,16,4,1,10586,50
2023/2/16,2023,2,16,4,2,10252,50
2023/2/16,2023,2,16,4,3,10100,50
2023/2/16,2023,2,16,4,4,10093,50
2023/2/16,2023,2,16,4,5,10389,49
2023/2/16,2023,2,16,4,6,11269,46
2023/2/16,2023,2,16,4,7,12722,45
2023/2/16,2023,2,16,4,8,13310,46
2023/2/16,2023,2,16,4,9,13007,50
2023/2/16,2023,2,16,4,10,12598,54
2023/2/16,2023,2,16,4,11,12487,58
2023/2/16,2023,2,16,4,12,12447,59
2023/2/16,2023,2,16,4,13,12505,59
2023/2/16,2023,2,16,4,14,12693,59
2023/2/16,2023,2,16,4,15,12881,59
2023/2/16,2023,2,16,4,16,13161,59
2023/2/16,2023,2,16,4,17,13721,58
2023/2/16,2023,2,16,4,18,14564,56
2023/2/16,2023,2,16,4,19,14591,54
2023/2/16,2023,2,16,4,20,14138,51
2023/2/16,2023,2,16,4,21,13506,50
2023/2/16,2023,2,16,4,22,12690,49
2023/2/16,2023,2,16,4,23,11708,48
2023/2/16,2023,2,16,4,24,10815,48
2023/2/17,2023,2,17,5,1,10260,47
2023/2/17,2023,2,17,5,2,9919,46
2023/2/17,2023,2,17,5,3,9772,46
2023/2/17,2023,2,17,5,4,9773,45
2023/2/17,2023,2,17,5,5,10053,45
2023/2/17,2023,2,17,5,6,10830,46
2023/2/17,2023,2,17,5,7,12163,47
2023/2/17,2023,2,17,5,8,13093,47
2023/2/17,2023,2,17,5,9,13567,48
2023/2/17,2023,2,17,5,10,13902,50
2023/2/17,2023,2,17,5,11,14150,51
2023/2/17,2023,2,17,5,12,14160,52
2023/2/17,2023,2,17,5,13,14070,53
2023/2/17,2023,2,17,5,14,14093,53
2023/2/17,2023,2,17,5,15,13974,48
2023/2/17,2023,2,17,5,16,14026,47
2023/2/17,2023,2,17,5,17,14374,44
2023/2/17,2023,2,17,5,18,15030,41
2023/2/17,2023,2,17,5,19,15095,37
2023/2/17,2023,2,17,5,20,14768,35
2023/2/17,2023,2,17,5,21,14389,32
2023/2/17,2023,2,17,5,22,13876,30
2023/2/17,2023,2,17,5,23,13190,27
2023/2/17,2023,2,17,5,24,12566,26
2023/2/18,2023,2,18,6,1,12082,25
2023/2/18,2023,2,18,6,2,11824,25
2023/2/18,2023,2,18,6,3,11728,24
2023/2/18,2023,2,18,6,4,11710,24
2023/2/18,2023,2,18,6,5,11895,23
2023/2/18,2023,2,18,6,6,12334,23
2023/2/18,2023,2,18,6,7,12989,22
2023/2/18,2023,2,18,6,8,13456,21
2023/2/18,2023,2,18,6,9,13373,24
2023/2/18,2023,2,18,6,10,12980,26
2023/2/18,2023,2,18,6,11,12484,27
2023/2/18,2023,2,18,6,12,12091,30
2023/2/18,2023,2,18,6,13,11759,33
2023/2/18,2023,2,18,6,14,11619,35
2023/2/18,2023,2,18,6,15,11813,36
2023/2/18,2023,2,18,6,16,12447,38
2023/2/18,2023,2,18,6,17,13479,38
2023/2/18,2023,2,18,6,18,14612,38
2023/2/18,2023,2,18,6,19,14984,36
2023/2/18,2023,2,18,6,20,14629,35
2023/2/18,2023,2,18,6,21,14203,34
2023/2/18,2023,2,18,6,22,13643,33
2023/2/18,2023,2,18,6,23,12942,31
2023/2/18,2023,2,18,6,24,12271,32
2023/2/19,2023,2,19,7,1,11736,32
2023/2/19,2023,2,19,7,2,11416,31
2023/2/19,2023,2,19,7,3,11250,31
2023/2/19,2023,2,19,7,4,11196,31
2023/2/19,2023,2,19,7,5,11268,30
2023/2/19,2023,2,19,7,6,11559,30
2023/2/19,2023,2,19,7,7,12021,30
2023/2/19,2023,2,19,7,8,12323,29
2023/2/19,2023,2,19,7,9,12399,33
2023/2/19,2023,2,19,7,10,12384,37
2023/2/19,2023,2,19,7,11,12260,39
2023/2/19,2023,2,19,7,12,12428,41
2023/2/19,2023,2,19,7,13,12536,42
2023/2/19,2023,2,19,7,14,12650,43
2023/2/19,2023,2,19,7,15,12807,45
2023/2/19,2023,2,19,7,16,13155,45
2023/2/19,2023,2,19,7,17,13673,44
2023/2/19,2023,2,19,7,18,14553,43
2023/2/19,2023,2,19,7,19,14701,42
2023/2/19,2023,2,19,7,20,14254,42
2023/2/19,2023,2,19,7,21,13663,42
2023/2/19,2023,2,19,7,22,12936,41
2023/2/19,2023,2,19,7,23,12093,42
2023/2/19,2023,2,19,7,24,11283,42
2023/2/20,2023,2,20,1,1,10725,43
2023/2/20,2023,2,20,1,2,10398,43
2023/2/20,2023,2,20,1,3,10219,44
2023/2/20,2023,2,20,1,4,10206,44
2023/2/20,2023,2,20,1,5,10482,43
2023/2/20,2023,2,20,1,6,11151,43
2023/2/20,2023,2,20,1,7,12127,42
2023/2/20,2023,2,20,1,8,12853,42
2023/2/20,2023,2,20,1,9,13223,43
2023/2/20,2023,2,20,1,10,13316,45
2023/2/20,2023,2,20,1,11,13109,47
2023/2/20,2023,2,20,1,12,13059,50
2023/2/20,2023,2,20,1,13,12770,52
2023/2/20,2023,2,20,1,14,12208,54
2023/2/20,2023,2,20,1,15,12164,57
2023/2/20,2023,2,20,1,16,12628,57
2023/2/20,2023,2,20,1,17,13376,55
2023/2/20,2023,2,20,1,18,14423,53
2023/2/20,2023,2,20,1,19,14666,51
2023/2/20,2023,2,20,1,20,14196,48
2023/2/20,2023,2,20,1,21,13608,46
2023/2/20,2023,2,20,1,22,12837,44
2023/2/20,2023,2,20,1,23,11943,44
2023/2/20,2023,2,20,1,24,11165,43
2023/2/21,2023,2,21,2,1,10656,42
2023/2/21,2023,2,21,2,2,10381,41
2023/2/21,2023,2,21,2,3,10276,40
2023/2/21,2023,2,21,2,4,10331,39
2023/2/21,2023,2,21,2,5,10732,37
2023/2/21,2023,2,21,2,6,11649,34
2023/2/21,2023,2,21,2,7,12997,33
2023/2/21,2023,2,21,2,8,14091,33
2023/2/21,2023,2,21,2,9,14553,33
2023/2/21,2023,2,21,2,10,14605,33
2023/2/21,2023,2,21,2,11,14627,34
2023/2/21,2023,2,21,2,12,14623,36
2023/2/21,2023,2,21,2,13,14700,36
2023/2/21,2023,2,21,2,14,14760,37
2023/2/21,2023,2,21,2,15,14668,37
2023/2/21,2023,2,21,2,16,14675,37
2023/2/21,2023,2,21,2,17,15141,37
2023/2/21,2023,2,21,2,18,15862,38
2023/2/21,2023,2,21,2,19,15833,37
2023/2/21,2023,2,21,2,20,15316,37
2023/2/21,2023,2,21,2,21,14626,37
2023/2/21,2023,2,21,2,22,13799,37
2023/2/21,2023,2,21,2,23,12785,37
2023/2/21,2023,2,21,2,24,11946,37
2023/2/22,2023,2,22,3,1,11434,36
2023/2/22,2023,2,22,3,2,11154,36
2023/2/22,2023,2,22,3,3,11055,34
2023/2/22,2023,2,22,3,4,11112,33
2023/2/22,2023,2,22,3,5,11512,32
2023/2/22,2023,2,22,3,6,12406,31
2023/2/22,2023,2,22,3,7,13757,30
2023/2/22,2023,2,22,3,8,14313,30
2023/2/22,2023,2,22,3,9,13831,34
2023/2/22,2023,2,22,3,10,13201,37
2023/2/22,2023,2,22,3,11,13338,39
2023/2/22,2023,2,22,3,12,13679,39
2023/2/22,2023,2,22,3,13,13958,40
2023/2/22,2023,2,22,3,14,14231,40
2023/2/22,2023,2,22,3,15,14408,40
2023/2/22,2023,2,22,3,16,14597,40
2023/2/22,2023,2,22,3,17,15046,39
2023/2/22,2023,2,22,3,18,15790,37
2023/2/22,2023,2,22,3,19,15900,36
2023/2/22,2023,2,22,3,20,15421,35
2023/2/22,2023,2,22,3,21,14844,34
2023/2/22,2023,2,22,3,22,14094,33
2023/2/22,2023,2,22,3,23,13171,32
2023/2/22,2023,2,22,3,24,12354,32
2023/2/23,2023,2,23,4,1,11859,31
2023/2/23,2023,2,23,4,2,11531,32
2023/2/23,2023,2,23,4,3,11403,32
2023/2/23,2023,2,23,4,4,11445,31
2023/2/23,2023,2,23,4,5,11751,31
2023/2/23,2023,2,23,4,6,12563,31
2023/2/23,2023,2,23,4,7,13767,31
2023/2/23,2023,2,23,4,8,14803,30
2023/2/23,2023,2,23,4,9,15454,30
2023/2/23,2023,2,23,4,10,15832,29
2023/2/23,2023,2,23,4,11,16065,29
2023/2/23,2023,2,23,4,12,16199,28
2023/2/23,2023,2,23,4,13,16136,28
2023/2/23,2023,2,23,4,14,16104,28
2023/2/23,2023,2,23,4,15,15990,27
2023/2/23,2023,2,23,4,16,15957,27
2023/2/23,2023,2,23,4,17,16212,27
2023/2/23,2023,2,23,4,18,16861,27
2023/2/23,2023,2,23,4,19,16892,27
2023/2/23,2023,2,23,4,20,16380,27
2023/2/23,2023,2,23,4,21,15718,26
2023/2/23,2023,2,23,4,22,14834,26
2023/2/23,2023,2,23,4,23,13821,27
2023/2/23,2023,2,23,4,24,12965,28
2023/2/24,2023,2,24,5,1,12339,29
2023/2/24,2023,2,24,5,2,11970,29
2023/2/24,2023,2,24,5,3,11799,29
2023/2/24,2023,2,24,5,4,11766,30
2023/2/24,2023,2,24,5,5,12030,30
2023/2/24,2023,2,24,5,6,12768,30
2023/2/24,2023,2,24,5,7,13955,31
2023/2/24,2023,2,24,5,8,14701,33
2023/2/24,2023,2,24,5,9,15059,33
2023/2/24,2023,2,24,5,10,15181,32
2023/2/24,2023,2,24,5,11,15120,32
2023/2/24,2023,2,24,5,12,15010,31
2023/2/24,2023,2,24,5,13,14774,30
2023/2/24,2023,2,24,5,14,14586,29
2023/2/24,2023,2,24,5,15,14486,29
2023/2/24,2023,2,24,5,16,14723,28
2023/2/24,2023,2,24,5,17,15405,28
2023/2/24,2023,2,24,5,18,16405,27
2023/2/24,2023,2,24,5,19,16864,25
2023/2/24,2023,2,24,5,20,16551,23
2023/2/24,2023,2,24,5,21,16084,22
2023/2/24,2023,2,24,5,22,15488,20
2023/2/24,2023,2,24,5,23,14712,19
2023/2/24,2023,2,24,5,24,13972,18
2023/2/25,2023,2,25,6,1,13493,18
2023/2/25,2023,2,25,6,2,13229,16
2023/2/25,2023,2,25,6,3,13114,15
2023/2/25,2023,2,25,6,4,13097,14
2023/2/25,2023,2,25,6,5,13251,13
2023/2/25,2023,2,25,6,6,13657,13
2023/2/25,2023,2,25,6,7,14266,13
2023/2/25,2023,2,25,6,8,14862,12
2023/2/25,2023,2,25,6,9,15407,14
2023/2/25,2023,2,25,6,10,15902,15
2023/2/25,2023,2,25,6,11,16163,16
2023/2/25,2023,2,25,6,12,16315,17
2023/2/25,2023,2,25,6,13,16232,17
2023/2/25,2023,2,25,6,14,15948,18
2023/2/25,2023,2,25,6,15,15883,18
2023/2/25,2023,2,25,6,16,16022,19
2023/2/25,2023,2,25,6,17,16279,19
2023/2/25,2023,2,25,6,18,16904,19
2023/2/25,2023,2,25,6,19,17101,19
2023/2/25,2023,2,25,6,20,16671,19
2023/2/25,2023,2,25,6,21,16191,19
2023/2/25,2023,2,25,6,22,15581,18
2023/2/25,2023,2,25,6,23,14799,17
2023/2/25,2023,2,25,6,24,14092,17
2023/2/26,2023,2,26,7,1,13587,16
2023/2/26,2023,2,26,7,2,13221,15
2023/2/26,2023,2,26,7,3,13028,15
2023/2/26,2023,2,26,7,4,12960,14
2023/2/26,2023,2,26,7,5,13041,16
2023/2/26,2023,2,26,7,6,13290,16
2023/2/26,2023,2,26,7,7,13759,17
2023/2/26,2023,2,26,7,8,14327,18
2023/2/26,2023,2,26,7,9,14962,19
2023/2/26,2023,2,26,7,10,15307,21
2023/2/26,2023,2,26,7,11,15612,24
2023/2/26,2023,2,26,7,12,15683,26
2023/2/26,2023,2,26,7,13,15712,29
2023/2/26,2023,2,26,7,14,15530,30
2023/2/26,2023,2,26,7,15,15166,31
2023/2/26,2023,2,26,7,16,14868,33
2023/2/26,2023,2,26,7,17,15204,34
2023/2/26,2023,2,26,7,18,16120,34
2023/2/26,2023,2,26,7,19,16508,32
2023/2/26,2023,2,26,7,20,16112,32
2023/2/26,2023,2,26,7,21,15509,31
2023/2/26,2023,2,26,7,22,14712,29
2023/2/26,2023,2,26,7,23,13807,28
2023/2/26,2023,2,26,7,24,13021,28
2023/2/27,2023,2,27,1,1,12514,27
2023/2/27,2023,2,27,1,2,12266,26
2023/2/27,2023,2,27,1,3,12178,25
2023/2/27,2023,2,27,1,4,12294,25
2023/2/27,2023,2,27,1,5,12711,24
2023/2/27,2023,2,27,1,6,13653,23
2023/2/27,2023,2,27,1,7,15079,23
2023/2/27,2023,2,27,1,8,15696,24
2023/2/27,2023,2,27,1,9,15408,25
2023/2/27,2023,2,27,1,10,14992,29
2023/2/27,2023,2,27,1,11,14638,30
2023/2/27,2023,2,27,1,12,14168,31
2023/2/27,2023,2,27,1,13,13811,32
2023/2/27,2023,2,27,1,14,13775,33
2023/2/27,2023,2,27,1,15,13926,33
2023/2/27,2023,2,27,1,16,14418,33
2023/2/27,2023,2,27,1,17,15299,33
2023/2/27,2023,2,27,1,18,16419,32
2023/2/27,2023,2,27,1,19,16789,32
2023/2/27,2023,2,27,1,20,16351,31
2023/2/27,2023,2,27,1,21,15726,30
2023/2/27,2023,2,27,1,22,14916,30
2023/2/27,2023,2,27,1,23,14000,29
2023/2/27,2023,2,27,1,24,13137,28
2023/2/28,2023,2,28,2,1,12591,28
2023/2/28,2023,2,28,2,2,12299,28
2023/2/28,2023,2,28,2,3,12162,27
2023/2/28,2023,2,28,2,4,12184,27
2023/2/28,2023,2,28,2,5,12474,27
2023/2/28,2023,2,28,2,6,13171,27
2023/2/28,2023,2,28,2,7,14178,28
2023/2/28,2023,2,28,2,8,15048,28
2023/2/28,2023,2,28,2,9,15670,29
2023/2/28,2023,2,28,2,10,16034,30
2023/2/28,2023,2,28,2,11,16305,31
2023/2/28,2023,2,28,2,12,16436,32
2023/2/28,2023,2,28,2,13,16391,33
2023/2/28,2023,2,28,2,14,16259,33
2023/2/28,2023,2,28,2,15,16081,34
2023/2/28,2023,2,28,2,16,16027,34
2023/2/28,2023,2,28,2,17,16222,34
2023/2/28,2023,2,28,2,18,16815,34
2023/2/28,2023,2,28,2,19,16913,34
2023/2/28,2023,2,28,2,20,16316,34
2023/2/28,2023,2,28,2,21,15559,34
2023/2/28,2023,2,28,2,22,14616,34
2023/2/28,2023,2,28,2,23,13565,34
2023/2/28,2023,2,28,2,24,12684,33
2023/3/1,2023,3,1,3,1,12113,32
2023/3/1,2023,3,1,3,2,11831,31
2023/3/1,2023,3,1,3,3,11747,29
2023/3/1,2023,3,1,3,4,11836,29
2023/3/1,2023,3,1,3,5,12227,28
2023/3/1,2023,3,1,3,6,13220,28
2023/3/1,2023,3,1,3,7,14648,28
2023/3/1,2023,3,1,3,8,15273,27
2023/3/1,2023,3,1,3,9,15028,29
2023/3/1,2023,3,1,3,10,14531,33
2023/3/1,2023,3,1,3,11,14054,36
2023/3/1,2023,3,1,3,12,13690,37
2023/3/1,2023,3,1,3,13,13493,39
2023/3/1,2023,3,1,3,14,13796,40
2023/3/1,2023,3,1,3,15,14039,39
2023/3/1,2023,3,1,3,16,14468,39
2023/3/1,2023,3,1,3,17,15064,39
2023/3/1,2023,3,1,3,18,15651,38
2023/3/1,2023,3,1,3,19,15921,38
2023/3/1,2023,3,1,3,20,15603,37
2023/3/1,2023,3,1,3,21,15027,36
2023/3/1,2023,3,1,3,22,14152,36
2023/3/1,2023,3,1,3,23,13119,35
2023/3/1,2023,3,1,3,24,12254,35
2023/3/2,2023,3,2,4,1,11656,35
2023/3/2,2023,3,2,4,2,11329,35
2023/3/2,2023,3,2,4,3,11180,35
2023/3/2,2023,3,2,4,4,11185,35
2023/3/2,2023,3,2,4,5,11500,35
2023/3/2,2023,3,2,4,6,12401,35
2023/3/2,2023,3,2,4,7,13833,35
2023/3/2,2023,3,2,4,8,14800,36
2023/3/2,2023,3,2,4,9,15233,36
2023/3/2,2023,3,2,4,10,15344,36
2023/3/2,2023,3,2,4,11,15285,37
2023/3/2,2023,3,2,4,12,15009,38
2023/3/2,2023,3,2,4,13,14789,38
2023/3/2,2023,3,2,4,14,14486,39
2023/3/2,2023,3,2,4,15,14209,40
2023/3/2,2023,3,2,4,16,14241,42
2023/3/2,2023,3,2,4,17,14559,43
2023/3/2,2023,3,2,4,18,15363,42
2023/3/2,2023,3,2,4,19,15806,40
2023/3/2,2023,3,2,4,20,15499,40
2023/3/2,2023,3,2,4,21,14959,39
2023/3/2,2023,3,2,4,22,14184,39
2023/3/2,2023,3,2,4,23,13198,38
2023/3/2,2023,3,2,4,24,12328,37
2023/3/3,2023,3,3,5,1,11754,37
2023/3/3,2023,3,3,5,2,11458,36
2023/3/3,2023,3,3,5,3,11340,35
2023/3/3,2023,3,3,5,4,11376,34
2023/3/3,2023,3,3,5,5,11750,33
2023/3/3,2023,3,3,5,6,12662,32
2023/3/3,2023,3,3,5,7,13988,31
2023/3/3,2023,3,3,5,8,14335,31
2023/3/3,2023,3,3,5,9,13752,34
2023/3/3,2023,3,3,5,10,13131,36
2023/3/3,2023,3,3,5,11,12711,38
2023/3/3,2023,3,3,5,12,12276,40
2023/3/3,2023,3,3,5,13,12162,40
2023/3/3,2023,3,3,5,14,12406,41
2023/3/3,2023,3,3,5,15,12869,42
2023/3/3,2023,3,3,5,16,13396,42
2023/3/3,2023,3,3,5,17,14035,42
2023/3/3,2023,3,3,5,18,14889,41
2023/3/3,2023,3,3,5,19,15160,40
2023/3/3,2023,3,3,5,20,14808,39
2023/3/3,2023,3,3,5,21,14324,38
2023/3/3,2023,3,3,5,22,13712,37
2023/3/3,2023,3,3,5,23,12963,35
2023/3/3,2023,3,3,5,24,12245,34
2023/3/4,2023,3,4,6,1,11753,34
2023/3/4,2023,3,4,6,2,11463,33
2023/3/4,2023,3,4,6,3,11330,33
2023/3/4,2023,3,4,6,4,11294,33
2023/3/4,2023,3,4,6,5,11423,33
2023/3/4,2023,3,4,6,6,11770,33
2023/3/4,2023,3,4,6,7,12315,34
2023/3/4,2023,3,4,6,8,12997,33
2023/3/4,2023,3,4,6,9,13799,34
2023/3/4,2023,3,4,6,10,14392,34
2023/3/4,2023,3,4,6,11,14629,35
2023/3/4,2023,3,4,6,12,14561,35
2023/3/4,2023,3,4,6,13,14416,36
2023/3/4,2023,3,4,6,14,14236,36
2023/3/4,2023,3,4,6,15,14107,36
2023/3/4,2023,3,4,6,16,14203,36
2023/3/4,2023,3,4,6,17,14588,36
2023/3/4,2023,3,4,6,18,15219,35
2023/3/4,2023,3,4,6,19,15429,34
2023/3/4,2023,3,4,6,20,14965,34
2023/3/4,2023,3,4,6,21,14375,33
2023/3/4,2023,3,4,6,22,13740,33
2023/3/4,2023,3,4,6,23,12964,33
2023/3/4,2023,3,4,6,24,12267,32
2023/3/5,2023,3,5,7,1,11733,32
2023/3/5,2023,3,5,7,2,11387,32
2023/3/5,2023,3,5,7,3,11213,31
2023/3/5,2023,3,5,7,4,11153,31
2023/3/5,2023,3,5,7,5,11231,31
2023/3/5,2023,3,5,7,6,11548,32
2023/3/5,2023,3,5,7,7,11980,32
2023/3/5,2023,3,5,7,8,12428,32
2023/3/5,2023,3,5,7,9,12717,33
2023/3/5,2023,3,5,7,10,12747,36
2023/3/5,2023,3,5,7,11,12312,38
2023/3/5,2023,3,5,7,12,12115,40
2023/3/5,2023,3,5,7,13,12196,41
2023/3/5,2023,3,5,7,14,12368,42
2023/3/5,2023,3,5,7,15,12561,42
2023/3/5,2023,3,5,7,16,12833,43
2023/3/5,2023,3,5,7,17,13514,43
2023/3/5,2023,3,5,7,18,14512,42
2023/3/5,2023,3,5,7,19,15112,40
2023/3/5,2023,3,5,7,20,14800,39
2023/3/5,2023,3,5,7,21,14266,39
2023/3/5,2023,3,5,7,22,13478,38
2023/3/5,2023,3,5,7,23,12556,38
2023/3/5,2023,3,5,7,24,11774,38
2023/3/6,2023,3,6,1,1,11256,37
2023/3/6,2023,3,6,1,2,10978,37
2023/3/6,2023,3,6,1,3,10894,36
2023/3/6,2023,3,6,1,4,10989,36
2023/3/6,2023,3,6,1,5,11393,35
2023/3/6,2023,3,6,1,6,12350,35
2023/3/6,2023,3,6,1,7,13699,35
2023/3/6,2023,3,6,1,8,14001,36
2023/3/6,2023,3,6,1,9,13434,38
2023/3/6,2023,3,6,1,10,12813,40
2023/3/6,2023,3,6,1,11,12422,43
2023/3/6,2023,3,6,1,12,12192,44
2023/3/6,2023,3,6,1,13,12162,46
2023/3/6,2023,3,6,1,14,12454,47
2023/3/6,2023,3,6,1,15,12628,47
2023/3/6,2023,3,6,1,16,12978,46
2023/3/6,2023,3,6,1,17,13817,45
2023/3/6,2023,3,6,1,18,15017,44
2023/3/6,2023,3,6,1,19,15620,42
2023/3/6,2023,3,6,1,20,15272,40
2023/3/6,2023,3,6,1,21,14688,39
2023/3/6,2023,3,6,1,22,13869,38
2023/3/6,2023,3,6,1,23,12856,37
2023/3/6,2023,3,6,1,24,11990,37
2023/3/7,2023,3,7,2,1,11458,36
2023/3/7,2023,3,7,2,2,11177,35
2023/3/7,2023,3,7,2,3,11062,35
2023/3/7,2023,3,7,2,4,11133,34
2023/3/7,2023,3,7,2,5,11509,33
2023/3/7,2023,3,7,2,6,12458,33
2023/3/7,2023,3,7,2,7,13862,33
2023/3/7,2023,3,7,2,8,14407,32
2023/3/7,2023,3,7,2,9,14012,33
2023/3/7,2023,3,7,2,10,13352,35
2023/3/7,2023,3,7,2,11,13024,36
2023/3/7,2023,3,7,2,12,12897,38
2023/3/7,2023,3,7,2,13,12786,38
2023/3/7,2023,3,7,2,14,13022,39
2023/3/7,2023,3,7,2,15,13439,38
2023/3/7,2023,3,7,2,16,14038,37
2023/3/7,2023,3,7,2,17,14750,36
2023/3/7,2023,3,7,2,18,15709,34
2023/3/7,2023,3,7,2,19,16202,32
2023/3/7,2023,3,7,2,20,15945,31
2023/3/7,2023,3,7,2,21,15461,30
2023/3/7,2023,3,7,2,22,14603,30
2023/3/7,2023,3,7,2,23,13552,29
2023/3/7,2023,3,7,2,24,12689,29
2023/3/8,2023,3,8,3,1,12157,29
2023/3/8,2023,3,8,3,2,11833,29
2023/3/8,2023,3,8,3,3,11693,28
2023/3/8,2023,3,8,3,4,11743,28
2023/3/8,2023,3,8,3,5,12100,28
2023/3/8,2023,3,8,3,6,13047,29
2023/3/8,2023,3,8,3,7,14424,29
2023/3/8,2023,3,8,3,8,14985,30
2023/3/8,2023,3,8,3,9,14704,31
2023/3/8,2023,3,8,3,10,14080,33
2023/3/8,2023,3,8,3,11,13749,37
2023/3/8,2023,3,8,3,12,13522,39
2023/3/8,2023,3,8,3,13,13259,41
2023/3/8,2023,3,8,3,14,13014,42
2023/3/8,2023,3,8,3,15,12877,44
2023/3/8,2023,3,8,3,16,13129,44
2023/3/8,2023,3,8,3,17,13953,44
2023/3/8,2023,3,8,3,18,15016,44
2023/3/8,2023,3,8,3,19,15592,42
2023/3/8,2023,3,8,3,20,15304,40
2023/3/8,2023,3,8,3,21,14758,39
2023/3/8,2023,3,8,3,22,13934,38
2023/3/8,2023,3,8,3,23,12915,37
2023/3/8,2023,3,8,3,24,12046,37
2023/3/9,2023,3,9,4,1,11490,36
2023/3/9,2023,3,9,4,2,11229,35
2023/3/9,2023,3,9,4,3,11117,34
2023/3/9,2023,3,9,4,4,11178,34
2023/3/9,2023,3,9,4,5,11528,33
2023/3/9,2023,3,9,4,6,12459,33
2023/3/9,2023,3,9,4,7,13816,32
2023/3/9,2023,3,9,4,8,14292,32
2023/3/9,2023,3,9,4,9,13818,34
2023/3/9,2023,3,9,4,10,13084,37
2023/3/9,2023,3,9,4,11,12562,40
2023/3/9,2023,3,9,4,12,12209,43
2023/3/9,2023,3,9,4,13,11955,45
2023/3/9,2023,3,9,4,14,11925,46
2023/3/9,2023,3,9,4,15,12137,47
2023/3/9,2023,3,9,4,16,12762,46
2023/3/9,2023,3,9,4,17,13614,45
2023/3/9,2023,3,9,4,18,14607,44
2023/3/9,2023,3,9,4,19,15193,41
2023/3/9,2023,3,9,4,20,14902,39
2023/3/9,2023,3,9,4,21,14402,38
2023/3/9,2023,3,9,4,22,13634,37
2023/3/9,2023,3,9,4,23,12712,36
2023/3/9,2023,3,9,4,24,11862,35
2023/3/10,2023,3,10,5,1,11390,34
2023/3/10,2023,3,10,5,2,11165,32
2023/3/10,2023,3,10,5,3,11093,31
2023/3/10,2023,3,10,5,4,11209,29
2023/3/10,2023,3,10,5,5,11614,28
2023/3/10,2023,3,10,5,6,12546,28
2023/3/10,2023,3,10,5,7,13813,27
2023/3/10,2023,3,10,5,8,13991,30
2023/3/10,2023,3,10,5,9,13357,34
2023/3/10,2023,3,10,5,10,12691,37
2023/3/10,2023,3,10,5,11,12265,40
2023/3/10,2023,3,10,5,12,11995,42
2023/3/10,2023,3,10,5,13,11813,44
2023/3/10,2023,3,10,5,14,11725,45
2023/3/10,2023,3,10,5,15,11902,47
2023/3/10,2023,3,10,5,16,12502,47
2023/3/10,2023,3,10,5,17,13398,45
2023/3/10,2023,3,10,5,18,14271,43
2023/3/10,2023,3,10,5,19,14654,42
2023/3/10,2023,3,10,5,20,14300,41
2023/3/10,2023,3,10,5,21,13803,41
2023/3/10,2023,3,10,5,22,13157,39
2023/3/10,2023,3,10,5,23,12366,39
2023/3/10,2023,3,10,5,24,11608,39
2023/3/11,2023,3,11,6,1,11083,38
2023/3/11,2023,3,11,6,2,10766,37
2023/3/11,2023,3,11,6,3,10598,36
2023/3/11,2023,3,11,6,4,10579,35
2023/3/11,2023,3,11,6,5,10716,35
2023/3/11,2023,3,11,6,6,11133,34
2023/3/11,2023,3,11,6,7,11707,34
2023/3/11,2023,3,11,6,8,12365,34
2023/3/11,2023,3,11,6,9,12985,34
2023/3/11,2023,3,11,6,10,13306,35
2023/3/11,2023,3,11,6,11,13408,36
2023/3/11,2023,3,11,6,12,13373,36
2023/3/11,2023,3,11,6,13,13322,37
2023/3/11,2023,3,11,6,14,13176,37
2023/3/11,2023,3,11,6,15,13106,38
2023/3/11,2023,3,11,6,16,13257,38
2023/3/11,2023,3,11,6,17,13688,38
2023/3/11,2023,3,11,6,18,14288,39
2023/3/11,2023,3,11,6,19,14635,38
2023/3/11,2023,3,11,6,20,14298,37
2023/3/11,2023,3,11,6,21,13867,35
2023/3/11,2023,3,11,6,22,13273,34
2023/3/11,2023,3,11,6,23,12547,34
2023/3/11,2023,3,11,6,24,11916,34
2023/3/12,2023,3,12,7,1,11443,31
2023/3/12,2023,3,12,7,2,11309,31
2023/3/12,2023,3,12,7,3,11174,30
2023/3/12,2023,3,12,7,4,11035,30
2023/3/12,2023,3,12,7,5,11062,31
2023/3/12,2023,3,12,7,6,11298,30
2023/3/12,2023,3,12,7,7,11723,30
2023/3/12,2023,3,12,7,8,12122,29
2023/3/12,2023,3,12,7,9,12076,31
2023/3/12,2023,3,12,7,10,11719,34
2023/3/12,2023,3,12,7,11,11358,37
2023/3/12,2023,3,12,7,12,11102,40
2023/3/12,2023,3,12,7,13,10930,41
2023/3/12,2023,3,12,7,14,10771,43
2023/3/12,2023,3,12,7,15,10731,44
2023/3/12,2023,3,12,7,16,11087,45
2023/3/12,2023,3,12,7,17,11880,45
2023/3/12,2023,3,12,7,18,12984,44
2023/3/12,2023,3,12,7,19,13864,43
2023/3/12,2023,3,12,7,20,14439,40
2023/3/12,2023,3,12,7,21,14077,38
2023/3/12,2023,3,12,7,22,13382,37
2023/3/12,2023,3,12,7,23,12464,36
2023/3/12,2023,3,12,7,24,11607,36
2023/3/13,2023,3,13,1,1,11003,35
2023/3/13,2023,3,13,1,2,10674,35
2023/3/13,2023,3,13,1,3,10538,35
2023/3/13,2023,3,13,1,4,10581,36
2023/3/13,2023,3,13,1,5,10934,35
2023/3/13,2023,3,13,1,6,11812,35
2023/3/13,2023,3,13,1,7,13267,35
2023/3/13,2023,3,13,1,8,14291,35
2023/3/13,2023,3,13,1,9,14535,35
2023/3/13,2023,3,13,1,10,14546,37
2023/3/13,2023,3,13,1,11,14536,38
2023/3/13,2023,3,13,1,12,14356,40
2023/3/13,2023,3,13,1,13,14176,41
2023/3/13,2023,3,13,1,14,14216,42
2023/3/13,2023,3,13,1,15,14145,41
2023/3/13,2023,3,13,1,16,14167,41
2023/3/13,2023,3,13,1,17,14536,41
2023/3/13,2023,3,13,1,18,15102,40
2023/3/13,2023,3,13,1,19,15383,40
2023/3/13,2023,3,13,1,20,15337,39
2023/3/13,2023,3,13,1,21,14748,38
2023/3/13,2023,3,13,1,22,13935,38
2023/3/13,2023,3,13,1,23,12942,37
2023/3/13,2023,3,13,1,24,12029,37
2023/3/14,2023,3,14,2,1,11429,37
2023/3/14,2023,3,14,2,2,11071,37
2023/3/14,2023,3,14,2,3,10914,37
2023/3/14,2023,3,14,2,4,10905,36
2023/3/14,2023,3,14,2,5,11181,36
2023/3/14,2023,3,14,2,6,11931,36
2023/3/14,2023,3,14,2,7,13094,36
2023/3/14,2023,3,14,2,8,14070,35
2023/3/14,2023,3,14,2,9,14638,36
2023/3/14,2023,3,14,2,10,14931,36
2023/3/14,2023,3,14,2,11,15134,35
2023/3/14,2023,3,14,2,12,15195,35
2023/3/14,2023,3,14,2,13,15220,35
2023/3/14,2023,3,14,2,14,15086,35
2023/3/14,2023,3,14,2,15,14924,35
2023/3/14,2023,3,14,2,16,14929,34
2023/3/14,2023,3,14,2,17,15187,35
2023/3/14,2023,3,14,2,18,15601,34
2023/3/14,2023,3,14,2,19,15668,34
2023/3/14,2023,3,14,2,20,15564,34
2023/3/14,2023,3,14,2,21,15035,34
2023/3/14,2023,3,14,2,22,14194,34
2023/3/14,2023,3,14,2,23,13178,34
2023/3/14,2023,3,14,2,24,12279,34
2023/3/15,2023,3,15,3,1,11704,34
2023/3/15,2023,3,15,3,2,11348,34
2023/3/15,2023,3,15,3,3,11163,34
2023/3/15,2023,3,15,3,4,11173,35
2023/3/15,2023,3,15,3,5,11466,34
2023/3/15,2023,3,15,3,6,12264,35
2023/3/15,2023,3,15,3,7,13654,34
2023/3/15,2023,3,15,3,8,14633,34
2023/3/15,2023,3,15,3,9,14926,34
2023/3/15,2023,3,15,3,10,14735,34
2023/3/15,2023,3,15,3,11,14406,36
2023/3/15,2023,3,15,3,12,14045,37
2023/3/15,2023,3,15,3,13,13871,38
2023/3/15,2023,3,15,3,14,13840,39
2023/3/15,2023,3,15,3,15,13704,39
2023/3/15,2023,3,15,3,16,13735,39
2023/3/15,2023,3,15,3,17,14039,40
2023/3/15,2023,3,15,3,18,14676,39
2023/3/15,2023,3,15,3,19,15178,39
2023/3/15,2023,3,15,3,20,15549,37
2023/3/15,2023,3,15,3,21,15174,36
2023/3/15,2023,3,15,3,22,14386,36
2023/3/15,2023,3,15,3,23,13357,35
2023/3/15,2023,3,15,3,24,12430,35
2023/3/16,2023,3,16,4,1,11829,35
2023/3/16,2023,3,16,4,2,11495,34
2023/3/16,2023,3,16,4,3,11348,33
2023/3/16,2023,3,16,4,4,11363,33
2023/3/16,2023,3,16,4,5,11703,32
2023/3/16,2023,3,16,4,6,12565,31
2023/3/16,2023,3,16,4,7,14081,31
2023/3/16,2023,3,16,4,8,14894,31
2023/3/16,2023,3,16,4,9,14641,33
2023/3/16,2023,3,16,4,10,14215,35
2023/3/16,2023,3,16,4,11,13618,37
2023/3/16,2023,3,16,4,12,13084,40
2023/3/16,2023,3,16,4,13,12631,42
2023/3/16,2023,3,16,4,14,12318,44
2023/3/16,2023,3,16,4,15,12337,47
2023/3/16,2023,3,16,4,16,12777,48
2023/3/16,2023,3,16,4,17,13398,48
2023/3/16,2023,3,16,4,18,13899,49
2023/3/16,2023,3,16,4,19,14302,48
2023/3/16,2023,3,16,4,20,14710,46
2023/3/16,2023,3,16,4,21,14350,46
2023/3/16,2023,3,16,4,22,13631,44
2023/3/16,2023,3,16,4,23,12649,42
2023/3/16,2023,3,16,4,24,11787,41
2023/3/17,2023,3,17,5,1,11176,38
2023/3/17,2023,3,17,5,2,10864,39
2023/3/17,2023,3,17,5,3,10718,38
2023/3/17,2023,3,17,5,4,10734,35
2023/3/17,2023,3,17,5,5,11023,36
2023/3/17,2023,3,17,5,6,11850,34
2023/3/17,2023,3,17,5,7,13263,35
2023/3/17,2023,3,17,5,8,14168,36
2023/3/17,2023,3,17,5,9,14211,37
2023/3/17,2023,3,17,5,10,13967,39
2023/3/17,2023,3,17,5,11,13780,41
2023/3/17,2023,3,17,5,12,13551,44
2023/3/17,2023,3,17,5,13,13290,46
2023/3/17,2023,3,17,5,14,12996,48
2023/3/17,2023,3,17,5,15,12721,49
2023/3/17,2023,3,17,5,16,12860,51
2023/3/17,2023,3,17,5,17,13364,51
2023/3/17,2023,3,17,5,18,13768,51
2023/3/17,2023,3,17,5,19,13895,50
2023/3/17,2023,3,17,5,20,13969,49
2023/3/17,2023,3,17,5,21,13582,47
2023/3/17,2023,3,17,5,22,12935,47
2023/3/17,2023,3,17,5,23,12145,46
2023/3/17,2023,3,17,5,24,11365,46
2023/3/18,2023,3,18,6,1,10730,46
2023/3/18,2023,3,18,6,2,10290,46
2023/3/18,2023,3,18,6,3,10058,45
2023/3/18,2023,3,18,6,4,9976,46
2023/3/18,2023,3,18,6,5,10083,45
2023/3/18,2023,3,18,6,6,10422,44
2023/3/18,2023,3,18,6,7,11056,43
2023/3/18,2023,3,18,6,8,11708,42
2023/3/18,2023,3,18,6,9,12226,41
2023/3/18,2023,3,18,6,10,12383,41
2023/3/18,2023,3,18,6,11,12147,42
2023/3/18,2023,3,18,6,12,11682,44
2023/3/18,2023,3,18,6,13,11113,45
2023/3/18,2023,3,18,6,14,10727,47
2023/3/18,2023,3,18,6,15,10523,48
2023/3/18,2023,3,18,6,16,10603,50
2023/3/18,2023,3,18,6,17,11007,49
2023/3/18,2023,3,18,6,18,11868,48
2023/3/18,2023,3,18,6,19,12628,47
2023/3/18,2023,3,18,6,20,13173,44
2023/3/18,2023,3,18,6,21,13059,42
2023/3/18,2023,3,18,6,22,12624,40
2023/3/18,2023,3,18,6,23,12000,38
2023/3/18,2023,3,18,6,24,11376,37
2023/3/19,2023,3,19,7,1,10871,37
2023/3/19,2023,3,19,7,2,10549,36
2023/3/19,2023,3,19,7,3,10422,34
2023/3/19,2023,3,19,7,4,10409,34
2023/3/19,2023,3,19,7,5,10553,32
2023/3/19,2023,3,19,7,6,10923,31
2023/3/19,2023,3,19,7,7,11542,29
2023/3/19,2023,3,19,7,8,12095,28
2023/3/19,2023,3,19,7,9,12222,28
2023/3/19,2023,3,19,7,10,12027,30
2023/3/19,2023,3,19,7,11,11823,31
2023/3/19,2023,3,19,7,12,11693,33
2023/3/19,2023,3,19,7,13,11636,34
2023/3/19,2023,3,19,7,14,11545,34
2023/3/19,2023,3,19,7,15,11524,35
2023/3/19,2023,3,19,7,16,11847,36
2023/3/19,2023,3,19,7,17,12535,36
2023/3/19,2023,3,19,7,18,13535,36
2023/3/19,2023,3,19,7,19,14444,34
2023/3/19,2023,3,19,7,20,15086,32
2023/3/19,2023,3,19,7,21,14847,31
2023/3/19,2023,3,19,7,22,14124,30
2023/3/19,2023,3,19,7,23,13099,30
2023/3/19,2023,3,19,7,24,12275,29
2023/3/20,2023,3,20,1,1,11756,29
2023/3/20,2023,3,20,1,2,11493,28
2023/3/20,2023,3,20,1,3,11400,28
2023/3/20,2023,3,20,1,4,11486,27
2023/3/20,2023,3,20,1,5,11831,27
2023/3/20,2023,3,20,1,6,12786,27
2023/3/20,2023,3,20,1,7,14318,26
2023/3/20,2023,3,20,1,8,15124,26
2023/3/20,2023,3,20,1,9,14566,29
2023/3/20,2023,3,20,1,10,13635,32
2023/3/20,2023,3,20,1,11,12916,36
2023/3/20,2023,3,20,1,12,12310,39
2023/3/20,2023,3,20,1,13,11880,42
2023/3/20,2023,3,20,1,14,11610,45
2023/3/20,2023,3,20,1,15,11398,47
2023/3/20,2023,3,20,1,16,11560,48
2023/3/20,2023,3,20,1,17,12221,50
2023/3/20,2023,3,20,1,18,13296,50
2023/3/20,2023,3,20,1,19,14190,49
2023/3/20,2023,3,20,1,20,14732,47
2023/3/20,2023,3,20,1,21,14399,43
2023/3/20,2023,3,20,1,22,13628,41
2023/3/20,2023,3,20,1,23,12662,39
2023/3/20,2023,3,20,1,24,11784,37
2023/3/21,2023,3,21,2,1,11256,36
2023/3/21,2023,3,21,2,2,10972,35
2023/3/21,2023,3,21,2,3,10881,34
2023/3/21,2023,3,21,2,4,10967,34
2023/3/21,2023,3,21,2,5,11344,34
2023/3/21,2023,3,21,2,6,12305,33
2023/3/21,2023,3,21,2,7,13872,32
2023/3/21,2023,3,21,2,8,14619,33
2023/3/21,2023,3,21,2,9,14072,35
2023/3/21,2023,3,21,2,10,13300,41
2023/3/21,2023,3,21,2,11,12644,44
2023/3/21,2023,3,21,2,12,11789,48
2023/3/21,2023,3,21,2,13,11395,52
2023/3/21,2023,3,21,2,14,11213,53
2023/3/21,2023,3,21,2,15,11112,55
2023/3/21,2023,3,21,2,16,11309,56
2023/3/21,2023,3,21,2,17,11887,57
2023/3/21,2023,3,21,2,18,12862,57
2023/3/21,2023,3,21,2,19,13652,56
2023/3/21,2023,3,21,2,20,14164,53
2023/3/21,2023,3,21,2,21,13815,51
2023/3/21,2023,3,21,2,22,13028,46
2023/3/21,2023,3,21,2,23,12001,46
2023/3/21,2023,3,21,2,24,11117,43
2023/3/22,2023,3,22,3,1,10585,42
2023/3/22,2023,3,22,3,2,10290,41
2023/3/22,2023,3,22,3,3,10211,41
2023/3/22,2023,3,22,3,4,10287,38
2023/3/22,2023,3,22,3,5,10660,35
2023/3/22,2023,3,22,3,6,11625,35
2023/3/22,2023,3,22,3,7,13184,35
2023/3/22,2023,3,22,3,8,13935,35
2023/3/22,2023,3,22,3,9,13579,37
2023/3/22,2023,3,22,3,10,12821,40
2023/3/22,2023,3,22,3,11,12238,43
2023/3/22,2023,3,22,3,12,11833,45
2023/3/22,2023,3,22,3,13,11375,47
2023/3/22,2023,3,22,3,14,11005,50
2023/3/22,2023,3,22,3,15,10827,52
2023/3/22,2023,3,22,3,16,11080,54
2023/3/22,2023,3,22,3,17,11855,54
2023/3/22,2023,3,22,3,18,12876,53
2023/3/22,2023,3,22,3,19,13600,51
2023/3/22,2023,3,22,3,20,14065,48
2023/3/22,2023,3,22,3,21,13695,48
2023/3/22,2023,3,22,3,22,12873,48
2023/3/22,2023,3,22,3,23,11851,47
2023/3/22,2023,3,22,3,24,10952,47
2023/3/23,2023,3,23,4,1,10334,47
2023/3/23,2023,3,23,4,2,9989,47
2023/3/23,2023,3,23,4,3,9827,47
2023/3/23,2023,3,23,4,4,9813,47
2023/3/23,2023,3,23,4,5,10100,46
2023/3/23,2023,3,23,4,6,10951,45
2023/3/23,2023,3,23,4,7,12416,46
2023/3/23,2023,3,23,4,8,13357,45
2023/3/23,2023,3,23,4,9,13601,46
2023/3/23,2023,3,23,4,10,13493,47
2023/3/23,2023,3,23,4,11,13228,49
2023/3/23,2023,3,23,4,12,13162,51
2023/3/23,2023,3,23,4,13,13183,53
2023/3/23,2023,3,23,4,14,13335,54
2023/3/23,2023,3,23,4,15,13377,54
2023/3/23,2023,3,23,4,16,13350,52
2023/3/23,2023,3,23,4,17,13389,51
2023/3/23,2023,3,23,4,18,13785,52
2023/3/23,2023,3,23,4,19,13970,51
2023/3/23,2023,3,23,4,20,14051,51
2023/3/23,2023,3,23,4,21,13619,50
2023/3/23,2023,3,23,4,22,12805,50
2023/3/23,2023,3,23,4,23,11797,52
2023/3/23,2023,3,23,4,24,10916,51
2023/3/24,2023,3,24,5,1,10309,49
2023/3/24,2023,3,24,5,2,9977,48
2023/3/24,2023,3,24,5,3,9812,46
2023/3/24,2023,3,24,5,4,9830,44
2023/3/24,2023,3,24,5,5,10154,42
2023/3/24,2023,3,24,5,6,10988,40
2023/3/24,2023,3,24,5,7,12460,40
2023/3/24,2023,3,24,5,8,13370,39
2023/3/24,2023,3,24,5,9,13521,40
2023/3/24,2023,3,24,5,10,13366,41
2023/3/24,2023,3,24,5,11,13224,42
2023/3/24,2023,3,24,5,12,12681,43
2023/3/24,2023,3,24,5,13,11671,45
2023/3/24,2023,3,24,5,14,11303,48
2023/3/24,2023,3,24,5,15,11128,49
2023/3/24,2023,3,24,5,16,11293,51
2023/3/24,2023,3,24,5,17,11714,50
2023/3/24,2023,3,24,5,18,12428,50
2023/3/24,2023,3,24,5,19,13073,49
2023/3/24,2023,3,24,5,20,13535,47
2023/3/24,2023,3,24,5,21,13309,44
2023/3/24,2023,3,24,5,22,12764,43
2023/3/24,2023,3,24,5,23,12022,41
2023/3/24,2023,3,24,5,24,11273,39
2023/3/25,2023,3,25,6,1,10786,38
2023/3/25,2023,3,25,6,2,10483,36
2023/3/25,2023,3,25,6,3,10339,35
2023/3/25,2023,3,25,6,4,10346,33
2023/3/25,2023,3,25,6,5,10482,33
2023/3/25,2023,3,25,6,6,10875,32
2023/3/25,2023,3,25,6,7,11510,31
2023/3/25,2023,3,25,6,8,12090,33
2023/3/25,2023,3,25,6,9,12732,35
2023/3/25,2023,3,25,6,10,13197,36
2023/3/25,2023,3,25,6,11,13476,38
2023/3/25,2023,3,25,6,12,13617,39
2023/3/25,2023,3,25,6,13,13651,40
2023/3/25,2023,3,25,6,14,13677,40
2023/3/25,2023,3,25,6,15,13753,39
2023/3/25,2023,3,25,6,16,13844,39
2023/3/25,2023,3,25,6,17,14065,38
2023/3/25,2023,3,25,6,18,14293,38
2023/3/25,2023,3,25,6,19,14295,38
2023/3/25,2023,3,25,6,20,14206,37
2023/3/25,2023,3,25,6,21,13763,37
2023/3/25,2023,3,25,6,22,13116,38
2023/3/25,2023,3,25,6,23,12328,38
2023/3/25,2023,3,25,6,24,11543,38
2023/3/26,2023,3,26,7,1,10943,39
2023/3/26,2023,3,26,7,2,10513,39
2023/3/26,2023,3,26,7,3,10259,39
2023/3/26,2023,3,26,7,4,10129,39
2023/3/26,2023,3,26,7,5,10157,39
2023/3/26,2023,3,26,7,6,10405,39
2023/3/26,2023,3,26,7,7,10867,39
2023/3/26,2023,3,26,7,8,11301,39
2023/3/26,2023,3,26,7,9,11435,39
2023/3/26,2023,3,26,7,10,11268,42
2023/3/26,2023,3,26,7,11,11220,45
2023/3/26,2023,3,26,7,12,11069,48
2023/3/26,2023,3,26,7,13,10810,51
2023/3/26,2023,3,26,7,14,10458,52
2023/3/26,2023,3,26,7,15,10272,54
2023/3/26,2023,3,26,7,16,10419,55
2023/3/26,2023,3,26,7,17,11067,56
2023/3/26,2023,3,26,7,18,12034,56
2023/3/26,2023,3,26,7,19,12786,55
2023/3/26,2023,3,26,7,20,13275,53
2023/3/26,2023,3,26,7,21,13080,50
2023/3/26,2023,3,26,7,22,12370,49
2023/3/26,2023,3,26,7,23,11460,48
2023/3/26,2023,3,26,7,24,10663,45
2023/3/27,2023,3,27,1,1,10124,43
2023/3/27,2023,3,27,1,2,9922,42
2023/3/27,2023,3,27,1,3,9882,41
2023/3/27,2023,3,27,1,4,10001,40
2023/3/27,2023,3,27,1,5,10451,38
2023/3/27,2023,3,27,1,6,11418,36
2023/3/27,2023,3,27,1,7,12998,35
2023/3/27,2023,3,27,1,8,13680,34
2023/3/27,2023,3,27,1,9,13082,39
2023/3/27,2023,3,27,1,10,12328,44
2023/3/27,2023,3,27,1,11,11648,47
2023/3/27,2023,3,27,1,12,11169,49
2023/3/27,2023,3,27,1,13,10962,52
2023/3/27,2023,3,27,1,14,10941,53
2023/3/27,2023,3,27,1,15,11340,55
2023/3/27,2023,3,27,1,16,11964,54
2023/3/27,2023,3,27,1,17,12670,54
2023/3/27,2023,3,27,1,18,13506,53
2023/3/27,2023,3,27,1,19,13942,51
2023/3/27,2023,3,27,1,20,14061,48
2023/3/27,2023,3,27,1,21,13580,46
2023/3/27,2023,3,27,1,22,12753,44
2023/3/27,2023,3,27,1,23,11745,42
2023/3/27,2023,3,27,1,24,10901,41
2023/3/28,2023,3,28,2,1,10357,41
2023/3/28,2023,3,28,2,2,10037,40
2023/3/28,2023,3,28,2,3,9914,39
2023/3/28,2023,3,28,2,4,9947,39
2023/3/28,2023,3,28,2,5,10283,39
2023/3/28,2023,3,28,2,6,11168,38
2023/3/28,2023,3,28,2,7,12706,38
2023/3/28,2023,3,28,2,8,13684,38
2023/3/28,2023,3,28,2,9,13967,38
2023/3/28,2023,3,28,2,10,13960,38
2023/3/28,2023,3,28,2,11,14009,39
2023/3/28,2023,3,28,2,12,13758,40
2023/3/28,2023,3,28,2,13,13234,41
2023/3/28,2023,3,28,2,14,12989,43
2023/3/28,2023,3,28,2,15,12736,44
2023/3/28,2023,3,28,2,16,12563,45
2023/3/28,2023,3,28,2,17,12834,46
2023/3/28,2023,3,28,2,18,13466,46
2023/3/28,2023,3,28,2,19,14002,45
2023/3/28,2023,3,28,2,20,14445,44
2023/3/28,2023,3,28,2,21,14168,42
2023/3/28,2023,3,28,2,22,13411,40
2023/3/28,2023,3,28,2,23,12416,39
2023/3/28,2023,3,28,2,24,11531,39
2023/3/29,2023,3,29,3,1,11017,38
2023/3/29,2023,3,29,3,2,10735,36
2023/3/29,2023,3,29,3,3,10646,34
2023/3/29,2023,3,29,3,4,10725,34
2023/3/29,2023,3,29,3,5,11096,32
2023/3/29,2023,3,29,3,6,12078,31
2023/3/29,2023,3,29,3,7,13630,31
2023/3/29,2023,3,29,3,8,14249,30
2023/3/29,2023,3,29,3,9,13503,33
2023/3/29,2023,3,29,3,10,12522,38
2023/3/29,2023,3,29,3,11,11799,41
2023/3/29,2023,3,29,3,12,11293,44
2023/3/29,2023,3,29,3,13,10906,46
2023/3/29,2023,3,29,3,14,10730,47
2023/3/29,2023,3,29,3,15,10657,48
2023/3/29,2023,3,29,3,16,10882,49
2023/3/29,2023,3,29,3,17,11630,49
2023/3/29,2023,3,29,3,18,12648,49
2023/3/29,2023,3,29,3,19,13455,49
2023/3/29,2023,3,29,3,20,14079,46
2023/3/29,2023,3,29,3,21,13856,45
2023/3/29,2023,3,29,3,22,13114,43
2023/3/29,2023,3,29,3,23,12107,41
2023/3/29,2023,3,29,3,24,11244,40
2023/3/30,2023,3,30,4,1,10673,40
2023/3/30,2023,3,30,4,2,10388,39
2023/3/30,2023,3,30,4,3,10313,36
2023/3/30,2023,3,30,4,4,10420,35
2023/3/30,2023,3,30,4,5,10866,33
2023/3/30,2023,3,30,4,6,11918,31
2023/3/30,2023,3,30,4,7,13538,30
2023/3/30,2023,3,30,4,8,14231,29
2023/3/30,2023,3,30,4,9,13841,30
2023/3/30,2023,3,30,4,10,13091,31
2023/3/30,2023,3,30,4,11,12493,33
2023/3/30,2023,3,30,4,12,12041,34
2023/3/30,2023,3,30,4,13,11717,36
2023/3/30,2023,3,30,4,14,11488,37
2023/3/30,2023,3,30,4,15,11329,38
2023/3/30,2023,3,30,4,16,11482,39
2023/3/30,2023,3,30,4,17,12194,39
2023/3/30,2023,3,30,4,18,13267,40
2023/3/30,2023,3,30,4,19,14228,39
2023/3/30,2023,3,30,4,20,14864,37
2023/3/30,2023,3,30,4,21,14695,35
2023/3/30,2023,3,30,4,22,13964,34
2023/3/30,2023,3,30,4,23,12954,33
2023/3/30,2023,3,30,4,24,12074,32
2023/3/31,2023,3,31,5,1,11544,31
2023/3/31,2023,3,31,5,2,11264,31
2023/3/31,2023,3,31,5,3,11162,29
2023/3/31,2023,3,31,5,4,11211,28
2023/3/31,2023,3,31,5,5,11583,28
2023/3/31,2023,3,31,5,6,12477,27
2023/3/31,2023,3,31,5,7,13908,26
2023/3/31,2023,3,31,5,8,14436,27
2023/3/31,2023,3,31,5,9,13856,31
2023/3/31,2023,3,31,5,10,13041,35
2023/3/31,2023,3,31,5,11,12447,38
2023/3/31,2023,3,31,5,12,11954,41
2023/3/31,2023,3,31,5,13,11890,44
2023/3/31,2023,3,31,5,14,12159,46
2023/3/31,2023,3,31,5,15,12506,47
2023/3/31,2023,3,31,5,16,13009,46
2023/3/31,2023,3,31,5,17,13631,45
2023/3/31,2023,3,31,5,18,14082,44
2023/3/31,2023,3,31,5,19,14203,42
2023/3/31,2023,3,31,5,20,14212,39
2023/3/31,2023,3,31,5,21,13809,39
2023/3/31,2023,3,31,5,22,13112,39
2023/3/31,2023,3,31,5,23,12287,39
2023/3/31,2023,3,31,5,24,11457,39
2023/4/1,2023,4,1,6,1,10888,39
2023/4/1,2023,4,1,6,2,10453,39
2023/4/1,2023,4,1,6,3,10210,40
2023/4/1,2023,4,1,6,4,10096,40
2023/4/1,2023,4,1,6,5,10173,40
2023/4/1,2023,4,1,6,6,10495,40
2023/4/1,2023,4,1,6,7,11123,40
2023/4/1,2023,4,1,6,8,11910,40
2023/4/1,2023,4,1,6,9,12737,40
2023/4/1,2023,4,1,6,10,13298,41
2023/4/1,2023,4,1,6,11,13654,42
2023/4/1,2023,4,1,6,12,13718,43
2023/4/1,2023,4,1,6,13,13265,45
2023/4/1,2023,4,1,6,14,12673,50
2023/4/1,2023,4,1,6,15,12257,54
2023/4/1,2023,4,1,6,16,11689,55
2023/4/1,2023,4,1,6,17,11515,60
2023/4/1,2023,4,1,6,18,11995,62
2023/4/1,2023,4,1,6,19,12535,61
2023/4/1,2023,4,1,6,20,12892,58
2023/4/1,2023,4,1,6,21,12631,56
2023/4/1,2023,4,1,6,22,12051,53
2023/4/1,2023,4,1,6,23,11328,53
2023/4/1,2023,4,1,6,24,10614,52
2023/4/2,2023,4,2,7,1,10048,51
2023/4/2,2023,4,2,7,2,9671,51
2023/4/2,2023,4,2,7,3,9478,49
2023/4/2,2023,4,2,7,4,9417,48
2023/4/2,2023,4,2,7,5,9532,46
2023/4/2,2023,4,2,7,6,9876,44
2023/4/2,2023,4,2,7,7,10409,41
2023/4/2,2023,4,2,7,8,10968,40
2023/4/2,2023,4,2,7,9,11136,39
2023/4/2,2023,4,2,7,10,10585,39
2023/4/2,2023,4,2,7,11,10168,40
2023/4/2,2023,4,2,7,12,9979,42
2023/4/2,2023,4,2,7,13,9855,43
2023/4/2,2023,4,2,7,14,9699,44
2023/4/2,2023,4,2,7,15,9653,45
2023/4/2,2023,4,2,7,16,9937,45
2023/4/2,2023,4,2,7,17,10733,45
2023/4/2,2023,4,2,7,18,11921,45
2023/4/2,2023,4,2,7,19,12933,44
2023/4/2,2023,4,2,7,20,13622,42
2023/4/2,2023,4,2,7,21,13564,39
2023/4/2,2023,4,2,7,22,12931,37
2023/4/2,2023,4,2,7,23,12054,36
2023/4/2,2023,4,2,7,24,11257,35
2023/4/3,2023,4,3,1,1,10774,34
2023/4/3,2023,4,3,1,2,10568,33
2023/4/3,2023,4,3,1,3,10515,31
2023/4/3,2023,4,3,1,4,10624,30
2023/4/3,2023,4,3,1,5,11057,30
2023/4/3,2023,4,3,1,6,12067,29
2023/4/3,2023,4,3,1,7,13581,28
2023/4/3,2023,4,3,1,8,14047,29
2023/4/3,2023,4,3,1,9,13477,33
2023/4/3,2023,4,3,1,10,12640,37
2023/4/3,2023,4,3,1,11,11956,41
2023/4/3,2023,4,3,1,12,11511,44
2023/4/3,2023,4,3,1,13,11157,47
2023/4/3,2023,4,3,1,14,10965,50
2023/4/3,2023,4,3,1,15,10858,51
2023/4/3,2023,4,3,1,16,11091,53
2023/4/3,2023,4,3,1,17,11797,53
2023/4/3,2023,4,3,1,18,12826,53
2023/4/3,2023,4,3,1,19,13510,52
2023/4/3,2023,4,3,1,20,13948,50
2023/4/3,2023,4,3,1,21,13720,48
2023/4/3,2023,4,3,1,22,12961,48
2023/4/3,2023,4,3,1,23,11889,47
2023/4/3,2023,4,3,1,24,10982,46
2023/4/4,2023,4,4,2,1,10371,46
2023/4/4,2023,4,4,2,2,9998,45
2023/4/4,2023,4,4,2,3,9874,44
2023/4/4,2023,4,4,2,4,9880,43
2023/4/4,2023,4,4,2,5,10183,43
2023/4/4,2023,4,4,2,6,11068,44
2023/4/4,2023,4,4,2,7,12486,44
2023/4/4,2023,4,4,2,8,13167,44
2023/4/4,2023,4,4,2,9,12976,46
2023/4/4,2023,4,4,2,10,12587,49
2023/4/4,2023,4,4,2,11,12059,51
2023/4/4,2023,4,4,2,12,11616,53
2023/4/4,2023,4,4,2,13,11270,56
2023/4/4,2023,4,4,2,14,11161,57
2023/4/4,2023,4,4,2,15,11247,58
2023/4/4,2023,4,4,2,16,11554,60
2023/4/4,2023,4,4,2,17,12058,60
2023/4/4,2023,4,4,2,18,12750,59
2023/4/4,2023,4,4,2,19,13247,58
2023/4/4,2023,4,4,2,20,13576,55
2023/4/4,2023,4,4,2,21,13246,53
2023/4/4,2023,4,4,2,22,12480,51
2023/4/4,2023,4,4,2,23,11405,50
2023/4/4,2023,4,4,2,24,10487,50
2023/4/5,2023,4,5,3,1,9878,50
2023/4/5,2023,4,5,3,2,9549,50
2023/4/5,2023,4,5,3,3,9359,49
2023/4/5,2023,4,5,3,4,9356,49
2023/4/5,2023,4,5,3,5,9659,48
2023/4/5,2023,4,5,3,6,10543,47
2023/4/5,2023,4,5,3,7,11987,47
2023/4/5,2023,4,5,3,8,12916,46
2023/4/5,2023,4,5,3,9,13225,46
2023/4/5,2023,4,5,3,10,13250,46
2023/4/5,2023,4,5,3,11,13326,45
2023/4/5,2023,4,5,3,12,13343,45
2023/4/5,2023,4,5,3,13,13302,45
2023/4/5,2023,4,5,3,14,13393,44
2023/4/5,2023,4,5,3,15,13491,44
2023/4/5,2023,4,5,3,16,13601,44
2023/4/5,2023,4,5,3,17,13900,43
2023/4/5,2023,4,5,3,18,14294,43
2023/4/5,2023,4,5,3,19,14395,42
2023/4/5,2023,4,5,3,20,14440,41
2023/4/5,2023,4,5,3,21,14037,41
2023/4/5,2023,4,5,3,22,13262,40
2023/4/5,2023,4,5,3,23,12208,40
2023/4/5,2023,4,5,3,24,11275,39
2023/4/6,2023,4,6,4,1,10688,39
2023/4/6,2023,4,6,4,2,10327,39
2023/4/6,2023,4,6,4,3,10136,39
2023/4/6,2023,4,6,4,4,10128,39
2023/4/6,2023,4,6,4,5,10420,39
2023/4/6,2023,4,6,4,6,11284,39
2023/4/6,2023,4,6,4,7,12680,39
2023/4/6,2023,4,6,4,8,13597,39
2023/4/6,2023,4,6,4,9,13728,41
2023/4/6,2023,4,6,4,10,13484,42
2023/4/6,2023,4,6,4,11,13075,44
2023/4/6,2023,4,6,4,12,12632,47
2023/4/6,2023,4,6,4,13,12290,50
2023/4/6,2023,4,6,4,14,12194,52
2023/4/6,2023,4,6,4,15,12239,55
2023/4/6,2023,4,6,4,16,12298,57
2023/4/6,2023,4,6,4,17,12524,58
2023/4/6,2023,4,6,4,18,12977,59
2023/4/6,2023,4,6,4,19,13349,59
2023/4/6,2023,4,6,4,20,13584,55
2023/4/6,2023,4,6,4,21,13245,53
2023/4/6,2023,4,6,4,22,12508,53
2023/4/6,2023,4,6,4,23,11495,54
2023/4/6,2023,4,6,4,24,10584,54
2023/4/7,2023,4,7,5,1,9962,54
2023/4/7,2023,4,7,5,2,9568,53
2023/4/7,2023,4,7,5,3,9386,53
2023/4/7,2023,4,7,5,4,9377,51
2023/4/7,2023,4,7,5,5,9631,50
2023/4/7,2023,4,7,5,6,10330,49
2023/4/7,2023,4,7,5,7,11403,48
2023/4/7,2023,4,7,5,8,12042,46
2023/4/7,2023,4,7,5,9,11838,48
2023/4/7,2023,4,7,5,10,11318,50
2023/4/7,2023,4,7,5,11,11212,52
2023/4/7,2023,4,7,5,12,11135,54
2023/4/7,2023,4,7,5,13,10981,55
2023/4/7,2023,4,7,5,14,11230,54
2023/4/7,2023,4,7,5,15,11618,53
2023/4/7,2023,4,7,5,16,11819,51
2023/4/7,2023,4,7,5,17,12208,49
2023/4/7,2023,4,7,5,18,12717,47
2023/4/7,2023,4,7,5,19,13105,46
2023/4/7,2023,4,7,5,20,13389,45
2023/4/7,2023,4,7,5,21,13192,43
2023/4/7,2023,4,7,5,22,12629,42
2023/4/7,2023,4,7,5,23,11854,41
2023/4/7,2023,4,7,5,24,11108,40
2023/4/8,2023,4,8,6,1,10587,39
2023/4/8,2023,4,8,6,2,10253,38
2023/4/8,2023,4,8,6,3,10101,36
2023/4/8,2023,4,8,6,4,10079,35
2023/4/8,2023,4,8,6,5,10249,33
2023/4/8,2023,4,8,6,6,10669,33
2023/4/8,2023,4,8,6,7,11262,31
2023/4/8,2023,4,8,6,8,11548,31
2023/4/8,2023,4,8,6,9,11355,35
2023/4/8,2023,4,8,6,10,10887,38
2023/4/8,2023,4,8,6,11,10428,39
2023/4/8,2023,4,8,6,12,10125,42
2023/4/8,2023,4,8,6,13,9849,44
2023/4/8,2023,4,8,6,14,9584,46
2023/4/8,2023,4,8,6,15,9448,48
2023/4/8,2023,4,8,6,16,9635,49
2023/4/8,2023,4,8,6,17,10370,49
2023/4/8,2023,4,8,6,18,11455,50
2023/4/8,2023,4,8,6,19,12243,49
2023/4/8,2023,4,8,6,20,12808,47
2023/4/8,2023,4,8,6,21,12830,44
2023/4/8,2023,4,8,6,22,12376,42
2023/4/8,2023,4,8,6,23,11719,40
2023/4/8,2023,4,8,6,24,11031,38
2023/4/9,2023,4,9,7,1,10544,38
2023/4/9,2023,4,9,7,2,10240,35
2023/4/9,2023,4,9,7,3,10077,35
2023/4/9,2023,4,9,7,4,10062,34
2023/4/9,2023,4,9,7,5,10199,33
2023/4/9,2023,4,9,7,6,10512,32
2023/4/9,2023,4,9,7,7,10998,31
2023/4/9,2023,4,9,7,8,11234,32
2023/4/9,2023,4,9,7,9,11078,36
2023/4/9,2023,4,9,7,10,10674,40
2023/4/9,2023,4,9,7,11,10196,43
2023/4/9,2023,4,9,7,12,9833,45
2023/4/9,2023,4,9,7,13,9486,47
2023/4/9,2023,4,9,7,14,9062,49
2023/4/9,2023,4,9,7,15,8793,50
2023/4/9,2023,4,9,7,16,8918,50
2023/4/9,2023,4,9,7,17,9536,52
2023/4/9,2023,4,9,7,18,10533,51
2023/4/9,2023,4,9,7,19,11503,51
2023/4/9,2023,4,9,7,20,12278,49
2023/4/9,2023,4,9,7,21,12503,46
2023/4/9,2023,4,9,7,22,12015,43
2023/4/9,2023,4,9,7,23,11238,41
2023/4/9,2023,4,9,7,24,10523,39
2023/4/10,2023,4,10,1,1,10101,38
2023/4/10,2023,4,10,1,2,9896,37
2023/4/10,2023,4,10,1,3,9840,37
2023/4/10,2023,4,10,1,4,9942,36
2023/4/10,2023,4,10,1,5,10364,35
2023/4/10,2023,4,10,1,6,11319,35
2023/4/10,2023,4,10,1,7,12635,33
2023/4/10,2023,4,10,1,8,13089,35
2023/4/10,2023,4,10,1,9,12509,40
2023/4/10,2023,4,10,1,10,11758,45
2023/4/10,2023,4,10,1,11,11222,50
2023/4/10,2023,4,10,1,12,10859,53
2023/4/10,2023,4,10,1,13,10557,57
2023/4/10,2023,4,10,1,14,10420,58
2023/4/10,2023,4,10,1,15,10337,61
2023/4/10,2023,4,10,1,16,10523,61
2023/4/10,2023,4,10,1,17,11156,61
2023/4/10,2023,4,10,1,18,12100,62
2023/4/10,2023,4,10,1,19,12850,61
2023/4/10,2023,4,10,1,20,13308,59
2023/4/10,2023,4,10,1,21,13168,55
2023/4/10,2023,4,10,1,22,12351,53
2023/4/10,2023,4,10,1,23,11302,51
2023/4/10,2023,4,10,1,24,10416,49
2023/4/11,2023,4,11,2,1,9854,48
2023/4/11,2023,4,11,2,2,9567,47
2023/4/11,2023,4,11,2,3,9461,46
2023/4/11,2023,4,11,2,4,9500,46
2023/4/11,2023,4,11,2,5,9843,45
2023/4/11,2023,4,11,2,6,10752,44
2023/4/11,2023,4,11,2,7,12019,43
2023/4/11,2023,4,11,2,8,12586,44
2023/4/11,2023,4,11,2,9,12245,49
2023/4/11,2023,4,11,2,10,11731,54
2023/4/11,2023,4,11,2,11,11368,60
2023/4/11,2023,4,11,2,12,11107,65
2023/4/11,2023,4,11,2,13,10881,68
2023/4/11,2023,4,11,2,14,10858,71
2023/4/11,2023,4,11,2,15,11061,72
2023/4/11,2023,4,11,2,16,11516,73
2023/4/11,2023,4,11,2,17,12091,71
2023/4/11,2023,4,11,2,18,12751,71
2023/4/11,2023,4,11,2,19,13129,69
2023/4/11,2023,4,11,2,20,13372,68
2023/4/11,2023,4,11,2,21,13040,67
2023/4/11,2023,4,11,2,22,12191,66
2023/4/11,2023,4,11,2,23,11161,65
2023/4/11,2023,4,11,2,24,10208,64
2023/4/12,2023,4,12,3,1,9591,62
2023/4/12,2023,4,12,3,2,9237,63
2023/4/12,2023,4,12,3,3,9044,62
2023/4/12,2023,4,12,3,4,9021,64
2023/4/12,2023,4,12,3,5,9270,63
2023/4/12,2023,4,12,3,6,10033,62
2023/4/12,2023,4,12,3,7,11240,60
2023/4/12,2023,4,12,3,8,11890,59
2023/4/12,2023,4,12,3,9,11813,61
2023/4/12,2023,4,12,3,10,11551,62
2023/4/12,2023,4,12,3,11,11205,63
2023/4/12,2023,4,12,3,12,10810,66
2023/4/12,2023,4,12,3,13,10657,68
2023/4/12,2023,4,12,3,14,10799,71
2023/4/12,2023,4,12,3,15,10824,72
2023/4/12,2023,4,12,3,16,11103,72
2023/4/12,2023,4,12,3,17,11707,74
2023/4/12,2023,4,12,3,18,12554,74
2023/4/12,2023,4,12,3,19,13086,74
2023/4/12,2023,4,12,3,20,13384,72
2023/4/12,2023,4,12,3,21,13192,68
2023/4/12,2023,4,12,3,22,12333,65
2023/4/12,2023,4,12,3,23,11235,60
2023/4/12,2023,4,12,3,24,10260,59
2023/4/13,2023,4,13,4,1,9599,57
2023/4/13,2023,4,13,4,2,9212,56
2023/4/13,2023,4,13,4,3,9012,53
2023/4/13,2023,4,13,4,4,8948,53
2023/4/13,2023,4,13,4,5,9190,52
2023/4/13,2023,4,13,4,6,9952,52
2023/4/13,2023,4,13,4,7,11126,53
2023/4/13,2023,4,13,4,8,11739,54
2023/4/13,2023,4,13,4,9,11613,60
2023/4/13,2023,4,13,4,10,11373,66
2023/4/13,2023,4,13,4,11,11237,72
2023/4/13,2023,4,13,4,12,11232,76
2023/4/13,2023,4,13,4,13,11329,78
2023/4/13,2023,4,13,4,14,11641,80
2023/4/13,2023,4,13,4,15,11939,83
2023/4/13,2023,4,13,4,16,12505,82
2023/4/13,2023,4,13,4,17,13311,82
2023/4/13,2023,4,13,4,18,14094,83
2023/4/13,2023,4,13,4,19,14471,84
2023/4/13,2023,4,13,4,20,14604,82
2023/4/13,2023,4,13,4,21,14419,78
2023/4/13,2023,4,13,4,22,13635,75
2023/4/13,2023,4,13,4,23,12469,72
2023/4/13,2023,4,13,4,24,11359,69
2023/4/14,2023,4,14,5,1,10530,68
2023/4/14,2023,4,14,5,2,9996,68
2023/4/14,2023,4,14,5,3,9643,64
2023/4/14,2023,4,14,5,4,9497,65
2023/4/14,2023,4,14,5,5,9629,65
2023/4/14,2023,4,14,5,6,10207,63
2023/4/14,2023,4,14,5,7,11208,60
2023/4/14,2023,4,14,5,8,11892,62
2023/4/14,2023,4,14,5,9,12105,66
2023/4/14,2023,4,14,5,10,12126,73
2023/4/14,2023,4,14,5,11,12184,78
2023/4/14,2023,4,14,5,12,12422,81
2023/4/14,2023,4,14,5,13,12745,82
2023/4/14,2023,4,14,5,14,13024,84
2023/4/14,2023,4,14,5,15,13268,82
2023/4/14,2023,4,14,5,16,13627,82
2023/4/14,2023,4,14,5,17,14093,80
2023/4/14,2023,4,14,5,18,14377,78
2023/4/14,2023,4,14,5,19,14237,74
2023/4/14,2023,4,14,5,20,14017,71
2023/4/14,2023,4,14,5,21,13682,67
2023/4/14,2023,4,14,5,22,12802,64
2023/4/14,2023,4,14,5,23,11777,62
2023/4/14,2023,4,14,5,24,10756,60
2023/4/15,2023,4,15,6,1,9998,58
2023/4/15,2023,4,15,6,2,9479,57
2023/4/15,2023,4,15,6,3,9146,55
2023/4/15,2023,4,15,6,4,8960,54
2023/4/15,2023,4,15,6,5,8973,52
2023/4/15,2023,4,15,6,6,9188,52
2023/4/15,2023,4,15,6,7,9533,50
2023/4/15,2023,4,15,6,8,9892,51
2023/4/15,2023,4,15,6,9,10189,53
2023/4/15,2023,4,15,6,10,10239,55
2023/4/15,2023,4,15,6,11,10078,58
2023/4/15,2023,4,15,6,12,9933,60
2023/4/15,2023,4,15,6,13,10063,62
2023/4/15,2023,4,15,6,14,10254,65
2023/4/15,2023,4,15,6,15,10462,66
2023/4/15,2023,4,15,6,16,10906,67
2023/4/15,2023,4,15,6,17,11429,67
2023/4/15,2023,4,15,6,18,11964,64
2023/4/15,2023,4,15,6,19,12205,63
2023/4/15,2023,4,15,6,20,12337,60
2023/4/15,2023,4,15,6,21,12146,59
2023/4/15,2023,4,15,6,22,11575,58
2023/4/15,2023,4,15,6,23,10829,58
2023/4/15,2023,4,15,6,24,10081,58
2023/4/16,2023,4,16,7,1,9488,57
2023/4/16,2023,4,16,7,2,9113,56
2023/4/16,2023,4,16,7,3,8844,56
2023/4/16,2023,4,16,7,4,8720,55
2023/4/16,2023,4,16,7,5,8724,55
2023/4/16,2023,4,16,7,6,8892,55
2023/4/16,2023,4,16,7,7,9197,54
2023/4/16,2023,4,16,7,8,9668,54
2023/4/16,2023,4,16,7,9,10231,55
2023/4/16,2023,4,16,7,10,10651,55
2023/4/16,2023,4,16,7,11,10780,56
2023/4/16,2023,4,16,7,12,10789,57
2023/4/16,2023,4,16,7,13,10740,59
2023/4/16,2023,4,16,7,14,10653,60
2023/4/16,2023,4,16,7,15,10651,61
2023/4/16,2023,4,16,7,16,10783,61
2023/4/16,2023,4,16,7,17,11289,61
2023/4/16,2023,4,16,7,18,11840,61
2023/4/16,2023,4,16,7,19,12204,60
2023/4/16,2023,4,16,7,20,12442,59
2023/4/16,2023,4,16,7,21,12269,58
2023/4/16,2023,4,16,7,22,11558,56
2023/4/16,2023,4,16,7,23,10660,55
2023/4/16,2023,4,16,7,24,9845,55
2023/4/17,2023,4,17,1,1,9286,54
2023/4/17,2023,4,17,1,2,8936,54
2023/4/17,2023,4,17,1,3,8761,53
2023/4/17,2023,4,17,1,4,8750,53
2023/4/17,2023,4,17,1,5,8991,52
2023/4/17,2023,4,17,1,6,9672,52
2023/4/17,2023,4,17,1,7,10775,52
2023/4/17,2023,4,17,1,8,11702,51
2023/4/17,2023,4,17,1,9,12294,51
2023/4/17,2023,4,17,1,10,12691,52
2023/4/17,2023,4,17,1,11,12911,52
2023/4/17,2023,4,17,1,12,12984,52
2023/4/17,2023,4,17,1,13,13074,52
2023/4/17,2023,4,17,1,14,13077,52
2023/4/17,2023,4,17,1,15,12888,52
2023/4/17,2023,4,17,1,16,12755,52
2023/4/17,2023,4,17,1,17,12865,53
2023/4/17,2023,4,17,1,18,13176,53
2023/4/17,2023,4,17,1,19,13220,53
2023/4/17,2023,4,17,1,20,13220,53
2023/4/17,2023,4,17,1,21,12902,53
2023/4/17,2023,4,17,1,22,12113,53
2023/4/17,2023,4,17,1,23,11095,52
2023/4/17,2023,4,17,1,24,10200,52
2023/4/18,2023,4,18,2,1,9596,52
2023/4/18,2023,4,18,2,2,9243,51
2023/4/18,2023,4,18,2,3,9062,50
2023/4/18,2023,4,18,2,4,9035,50
2023/4/18,2023,4,18,2,5,9278,49
2023/4/18,2023,4,18,2,6,10057,48
2023/4/18,2023,4,18,2,7,11168,48
2023/4/18,2023,4,18,2,8,11784,48
2023/4/18,2023,4,18,2,9,11728,49
2023/4/18,2023,4,18,2,10,11696,51
2023/4/18,2023,4,18,2,11,11923,51
2023/4/18,2023,4,18,2,12,12097,52
2023/4/18,2023,4,18,2,13,12149,52
2023/4/18,2023,4,18,2,14,12044,51
2023/4/18,2023,4,18,2,15,11667,52
2023/4/18,2023,4,18,2,16,11647,53
2023/4/18,2023,4,18,2,17,11885,54
2023/4/18,2023,4,18,2,18,12377,54
2023/4/18,2023,4,18,2,19,12833,53
2023/4/18,2023,4,18,2,20,13162,51
2023/4/18,2023,4,18,2,21,12995,49
2023/4/18,2023,4,18,2,22,12246,49
2023/4/18,2023,4,18,2,23,11262,48
2023/4/18,2023,4,18,2,24,10374,48
2023/4/19,2023,4,19,3,1,9822,47
2023/4/19,2023,4,19,3,2,9490,47
2023/4/19,2023,4,19,3,3,9332,45
2023/4/19,2023,4,19,3,4,9323,44
2023/4/19,2023,4,19,3,5,9637,42
2023/4/19,2023,4,19,3,6,10451,42
2023/4/19,2023,4,19,3,7,11584,41
2023/4/19,2023,4,19,3,8,12231,41
2023/4/19,2023,4,19,3,9,12194,42
2023/4/19,2023,4,19,3,10,11917,45
2023/4/19,2023,4,19,3,11,12068,46
2023/4/19,2023,4,19,3,12,12497,47
2023/4/19,2023,4,19,3,13,12365,47
2023/4/19,2023,4,19,3,14,12079,48
2023/4/19,2023,4,19,3,15,11905,49
2023/4/19,2023,4,19,3,16,11970,50
2023/4/19,2023,4,19,3,17,12323,49
2023/4/19,2023,4,19,3,18,12872,49
2023/4/19,2023,4,19,3,19,13191,49
2023/4/19,2023,4,19,3,20,13465,47
2023/4/19,2023,4,19,3,21,13314,46
2023/4/19,2023,4,19,3,22,12594,45
2023/4/19,2023,4,19,3,23,11627,44
2023/4/19,2023,4,19,3,24,10729,42
2023/4/20,2023,4,20,4,1,10180,41
2023/4/20,2023,4,20,4,2,9876,40
2023/4/20,2023,4,20,4,3,9701,40
2023/4/20,2023,4,20,4,4,9703,41
2023/4/20,2023,4,20,4,5,10002,40
2023/4/20,2023,4,20,4,6,10793,40
2023/4/20,2023,4,20,4,7,11946,40
2023/4/20,2023,4,20,4,8,12484,40
2023/4/20,2023,4,20,4,9,12172,42
2023/4/20,2023,4,20,4,10,11480,45
2023/4/20,2023,4,20,4,11,11107,47
2023/4/20,2023,4,20,4,12,10879,49
2023/4/20,2023,4,20,4,13,10515,52
2023/4/20,2023,4,20,4,14,10277,55
2023/4/20,2023,4,20,4,15,10173,56
2023/4/20,2023,4,20,4,16,10382,59
2023/4/20,2023,4,20,4,17,11030,60
2023/4/20,2023,4,20,4,18,11841,60
2023/4/20,2023,4,20,4,19,12429,60
2023/4/20,2023,4,20,4,20,12834,58
2023/4/20,2023,4,20,4,21,12887,56
2023/4/20,2023,4,20,4,22,12205,54
2023/4/20,2023,4,20,4,23,11244,52
2023/4/20,2023,4,20,4,24,10380,50
2023/4/21,2023,4,21,5,1,9762,50
2023/4/21,2023,4,21,5,2,9424,49
2023/4/21,2023,4,21,5,3,9241,47
2023/4/21,2023,4,21,5,4,9232,47
2023/4/21,2023,4,21,5,5,9505,46
2023/4/21,2023,4,21,5,6,10250,45
2023/4/21,2023,4,21,5,7,11312,45
2023/4/21,2023,4,21,5,8,11964,45
2023/4/21,2023,4,21,5,9,11849,47
2023/4/21,2023,4,21,5,10,11355,49
2023/4/21,2023,4,21,5,11,10836,51
2023/4/21,2023,4,21,5,12,10429,53
2023/4/21,2023,4,21,5,13,10155,56
2023/4/21,2023,4,21,5,14,10057,58
2023/4/21,2023,4,21,5,15,10040,61
2023/4/21,2023,4,21,5,16,10239,62
2023/4/21,2023,4,21,5,17,10791,61
2023/4/21,2023,4,21,5,18,11563,60
2023/4/21,2023,4,21,5,19,12078,58
2023/4/21,2023,4,21,5,20,12398,55
2023/4/21,2023,4,21,5,21,12414,52
2023/4/21,2023,4,21,5,22,11833,50
2023/4/21,2023,4,21,5,23,11025,49
2023/4/21,2023,4,21,5,24,10220,49
2023/4/22,2023,4,22,6,1,9653,48
2023/4/22,2023,4,22,6,2,9275,47
2023/4/22,2023,4,22,6,3,9072,47
2023/4/22,2023,4,22,6,4,8981,46
2023/4/22,2023,4,22,6,5,9055,46
2023/4/22,2023,4,22,6,6,9371,46
2023/4/22,2023,4,22,6,7,9802,46
2023/4/22,2023,4,22,6,8,10337,46
2023/4/22,2023,4,22,6,9,10828,47
2023/4/22,2023,4,22,6,10,11045,49
2023/4/22,2023,4,22,6,11,11031,50
2023/4/22,2023,4,22,6,12,10918,52
2023/4/22,2023,4,22,6,13,10808,53
2023/4/22,2023,4,22,6,14,10701,55
2023/4/22,2023,4,22,6,15,10781,55
2023/4/22,2023,4,22,6,16,11008,55
2023/4/22,2023,4,22,6,17,11429,54
2023/4/22,2023,4,22,6,18,11926,53
2023/4/22,2023,4,22,6,19,12134,52
2023/4/22,2023,4,22,6,20,12231,51
2023/4/22,2023,4,22,6,21,12059,50
2023/4/22,2023,4,22,6,22,11498,50
2023/4/22,2023,4,22,6,23,10781,50
2023/4/22,2023,4,22,6,24,10063,49
2023/4/23,2023,4,23,7,1,9555,50
2023/4/23,2023,4,23,7,2,9177,49
2023/4/23,2023,4,23,7,3,8984,49
2023/4/23,2023,4,23,7,4,8888,49
2023/4/23,2023,4,23,7,5,8915,49
2023/4/23,2023,4,23,7,6,9129,49
2023/4/23,2023,4,23,7,7,9487,49
2023/4/23,2023,4,23,7,8,10090,49
2023/4/23,2023,4,23,7,9,10855,49
2023/4/23,2023,4,23,7,10,11564,49
2023/4/23,2023,4,23,7,11,12036,50
2023/4/23,2023,4,23,7,12,12316,50
2023/4/23,2023,4,23,7,13,12374,50
2023/4/23,2023,4,23,7,14,12285,51
2023/4/23,2023,4,23,7,15,12202,50
2023/4/23,2023,4,23,7,16,12204,50
2023/4/23,2023,4,23,7,17,12484,51
2023/4/23,2023,4,23,7,18,12805,51
2023/4/23,2023,4,23,7,19,12854,50
2023/4/23,2023,4,23,7,20,12911,50
2023/4/23,2023,4,23,7,21,12672,49
2023/4/23,2023,4,23,7,22,11917,48
2023/4/23,2023,4,23,7,23,10990,48
2023/4/23,2023,4,23,7,24,10173,47
2023/4/24,2023,4,24,1,1,9583,47
2023/4/24,2023,4,24,1,2,9250,47
2023/4/24,2023,4,24,1,3,9124,45
2023/4/24,2023,4,24,1,4,9138,45
2023/4/24,2023,4,24,1,5,9461,45
2023/4/24,2023,4,24,1,6,10346,44
2023/4/24,2023,4,24,1,7,11660,44
2023/4/24,2023,4,24,1,8,12490,44
2023/4/24,2023,4,24,1,9,12625,45
2023/4/24,2023,4,24,1,10,12443,47
2023/4/24,2023,4,24,1,11,12201,49
2023/4/24,2023,4,24,1,12,11882,50
2023/4/24,2023,4,24,1,13,11616,52
2023/4/24,2023,4,24,1,14,11508,53
2023/4/24,2023,4,24,1,15,11445,53
2023/4/24,2023,4,24,1,16,11635,54
2023/4/24,2023,4,24,1,17,12022,55
2023/4/24,2023,4,24,1,18,12635,54
2023/4/24,2023,4,24,1,19,13008,53
2023/4/24,2023,4,24,1,20,13216,51
2023/4/24,2023,4,24,1,21,13106,50
2023/4/24,2023,4,24,1,22,12328,49
2023/4/24,2023,4,24,1,23,11312,48
2023/4/24,2023,4,24,1,24,10419,47
2023/4/25,2023,4,25,2,1,9867,46
2023/4/25,2023,4,25,2,2,9531,45
2023/4/25,2023,4,25,2,3,9373,44
2023/4/25,2023,4,25,2,4,9400,43
2023/4/25,2023,4,25,2,5,9702,42
2023/4/25,2023,4,25,2,6,10553,42
2023/4/25,2023,4,25,2,7,11816,42
2023/4/25,2023,4,25,2,8,12377,43
2023/4/25,2023,4,25,2,9,12103,46
2023/4/25,2023,4,25,2,10,11521,49
2023/4/25,2023,4,25,2,11,11121,50
2023/4/25,2023,4,25,2,12,11264,52
2023/4/25,2023,4,25,2,13,11585,53
2023/4/25,2023,4,25,2,14,11609,55
2023/4/25,2023,4,25,2,15,11529,55
2023/4/25,2023,4,25,2,16,11638,54
2023/4/25,2023,4,25,2,17,12008,54
2023/4/25,2023,4,25,2,18,12592,54
2023/4/25,2023,4,25,2,19,12936,53
2023/4/25,2023,4,25,2,20,13192,52
2023/4/25,2023,4,25,2,21,13135,50
2023/4/25,2023,4,25,2,22,12374,49
2023/4/25,2023,4,25,2,23,11367,47
2023/4/25,2023,4,25,2,24,10451,47
2023/4/26,2023,4,26,3,1,9876,45
2023/4/26,2023,4,26,3,2,9534,44
2023/4/26,2023,4,26,3,3,9372,43
2023/4/26,2023,4,26,3,4,9399,42
2023/4/26,2023,4,26,3,5,9729,41
2023/4/26,2023,4,26,3,6,10603,42
2023/4/26,2023,4,26,3,7,11899,41
2023/4/26,2023,4,26,3,8,12601,42
2023/4/26,2023,4,26,3,9,12536,45
2023/4/26,2023,4,26,3,10,12127,46
2023/4/26,2023,4,26,3,11,11747,49
2023/4/26,2023,4,26,3,12,11421,50
2023/4/26,2023,4,26,3,13,11202,52
2023/4/26,2023,4,26,3,14,11203,53
2023/4/26,2023,4,26,3,15,11271,55
2023/4/26,2023,4,26,3,16,11316,55
2023/4/26,2023,4,26,3,17,11589,54
2023/4/26,2023,4,26,3,18,12211,54
2023/4/26,2023,4,26,3,19,12721,53
2023/4/26,2023,4,26,3,20,13096,51
2023/4/26,2023,4,26,3,21,13115,49
2023/4/26,2023,4,26,3,22,12388,48
2023/4/26,2023,4,26,3,23,11389,46
2023/4/26,2023,4,26,3,24,10506,46
2023/4/27,2023,4,27,4,1,9908,46
2023/4/27,2023,4,27,4,2,9569,46
2023/4/27,2023,4,27,4,3,9396,45
2023/4/27,2023,4,27,4,4,9389,45
2023/4/27,2023,4,27,4,5,9681,45
2023/4/27,2023,4,27,4,6,10510,45
2023/4/27,2023,4,27,4,7,11711,45
2023/4/27,2023,4,27,4,8,12382,45
2023/4/27,2023,4,27,4,9,12392,47
2023/4/27,2023,4,27,4,10,12268,48
2023/4/27,2023,4,27,4,11,12208,50
2023/4/27,2023,4,27,4,12,12059,50
2023/4/27,2023,4,27,4,13,11934,51
2023/4/27,2023,4,27,4,14,11749,51
2023/4/27,2023,4,27,4,15,11451,53
2023/4/27,2023,4,27,4,16,11401,54
2023/4/27,2023,4,27,4,17,11708,54
2023/4/27,2023,4,27,4,18,12189,55
2023/4/27,2023,4,27,4,19,12578,55
2023/4/27,2023,4,27,4,20,12953,53
2023/4/27,2023,4,27,4,21,13056,51
2023/4/27,2023,4,27,4,22,12402,49
2023/4/27,2023,4,27,4,23,11436,48
2023/4/27,2023,4,27,4,24,10526,46
2023/4/28,2023,4,28,5,1,9907,45
2023/4/28,2023,4,28,5,2,9599,44
2023/4/28,2023,4,28,5,3,9456,43
2023/4/28,2023,4,28,5,4,9460,43
2023/4/28,2023,4,28,5,5,9753,42
2023/4/28,2023,4,28,5,6,10547,42
2023/4/28,2023,4,28,5,7,11687,42
2023/4/28,2023,4,28,5,8,12140,43
2023/4/28,2023,4,28,5,9,11765,46
2023/4/28,2023,4,28,5,10,11200,49
2023/4/28,2023,4,28,5,11,10904,51
2023/4/28,2023,4,28,5,12,10630,54
2023/4/28,2023,4,28,5,13,10456,57
2023/4/28,2023,4,28,5,14,10469,59
2023/4/28,2023,4,28,5,15,10566,60
2023/4/28,2023,4,28,5,16,10873,60
2023/4/28,2023,4,28,5,17,11405,59
2023/4/28,2023,4,28,5,18,11964,57
2023/4/28,2023,4,28,5,19,12277,56
2023/4/28,2023,4,28,5,20,12506,54
2023/4/28,2023,4,28,5,21,12466,53
2023/4/28,2023,4,28,5,22,11894,52
2023/4/28,2023,4,28,5,23,11093,51
2023/4/28,2023,4,28,5,24,10255,50
2023/4/29,2023,4,29,6,1,9664,50
2023/4/29,2023,4,29,6,2,9282,49
2023/4/29,2023,4,29,6,3,9091,48
2023/4/29,2023,4,29,6,4,8999,48
2023/4/29,2023,4,29,6,5,9087,48
2023/4/29,2023,4,29,6,6,9411,47
2023/4/29,2023,4,29,6,7,9831,47
2023/4/29,2023,4,29,6,8,10335,47
2023/4/29,2023,4,29,6,9,10850,48
2023/4/29,2023,4,29,6,10,11121,49
2023/4/29,2023,4,29,6,11,11241,50
2023/4/29,2023,4,29,6,12,11396,51
2023/4/29,2023,4,29,6,13,11389,52
2023/4/29,2023,4,29,6,14,11291,52
2023/4/29,2023,4,29,6,15,11177,53
2023/4/29,2023,4,29,6,16,11236,53
2023/4/29,2023,4,29,6,17,11609,53
2023/4/29,2023,4,29,6,18,12079,52
2023/4/29,2023,4,29,6,19,12313,51
2023/4/29,2023,4,29,6,20,12414,50
2023/4/29,2023,4,29,6,21,12263,48
2023/4/29,2023,4,29,6,22,11739,48
2023/4/29,2023,4,29,6,23,10995,47
2023/4/29,2023,4,29,6,24,10268,47
2023/4/30,2023,4,30,7,1,9719,48
2023/4/30,2023,4,30,7,2,9335,48
2023/4/30,2023,4,30,7,3,9120,48
2023/4/30,2023,4,30,7,4,9023,48
2023/4/30,2023,4,30,7,5,9036,47
2023/4/30,2023,4,30,7,6,9269,48
2023/4/30,2023,4,30,7,7,9641,48
2023/4/30,2023,4,30,7,8,10262,48
2023/4/30,2023,4,30,7,9,10987,48
2023/4/30,2023,4,30,7,10,11513,49
2023/4/30,2023,4,30,7,11,11797,50
2023/4/30,2023,4,30,7,12,12100,50
2023/4/30,2023,4,30,7,13,12298,50
2023/4/30,2023,4,30,7,14,12294,51
2023/4/30,2023,4,30,7,15,12252,51
2023/4/30,2023,4,30,7,16,12448,51
2023/4/30,2023,4,30,7,17,12872,51
2023/4/30,2023,4,30,7,18,13292,51
2023/4/30,2023,4,30,7,19,13324,51
2023/4/30,2023,4,30,7,20,13220,50
2023/4/30,2023,4,30,7,21,12832,51
2023/4/30,2023,4,30,7,22,12056,51
2023/4/30,2023,4,30,7,23,11130,52
2023/4/30,2023,4,30,7,24,10288,52
2023/5/1,2023,5,1,1,1,9745,53
2023/5/1,2023,5,1,1,2,9401,54
2023/5/1,2023,5,1,1,3,9218,54
2023/5/1,2023,5,1,1,4,9184,55
2023/5/1,2023,5,1,1,5,9434,54
2023/5/1,2023,5,1,1,6,10251,56
2023/5/1,2023,5,1,1,7,11515,55
2023/5/1,2023,5,1,1,8,12371,54
2023/5/1,2023,5,1,1,9,12551,53
2023/5/1,2023,5,1,1,10,12176,53
2023/5/1,2023,5,1,1,11,11682,52
2023/5/1,2023,5,1,1,12,11350,55
2023/5/1,2023,5,1,1,13,11149,57
2023/5/1,2023,5,1,1,14,11292,60
2023/5/1,2023,5,1,1,15,11353,60
2023/5/1,2023,5,1,1,16,11444,60
2023/5/1,2023,5,1,1,17,11805,61
2023/5/1,2023,5,1,1,18,12450,59
2023/5/1,2023,5,1,1,19,12830,58
2023/5/1,2023,5,1,1,20,13032,56
2023/5/1,2023,5,1,1,21,13027,54
2023/5/1,2023,5,1,1,22,12278,52
2023/5/1,2023,5,1,1,23,11261,50
2023/5/1,2023,5,1,1,24,10342,48
2023/5/2,2023,5,2,2,1,9758,47
2023/5/2,2023,5,2,2,2,9419,46
2023/5/2,2023,5,2,2,3,9264,46
2023/5/2,2023,5,2,2,4,9264,45
2023/5/2,2023,5,2,2,5,9565,44
2023/5/2,2023,5,2,2,6,10379,45
2023/5/2,2023,5,2,2,7,11609,45
2023/5/2,2023,5,2,2,8,12367,47
2023/5/2,2023,5,2,2,9,12380,49
2023/5/2,2023,5,2,2,10,12282,51
2023/5/2,2023,5,2,2,11,12298,52
2023/5/2,2023,5,2,2,12,12395,52
2023/5/2,2023,5,2,2,13,12376,52
2023/5/2,2023,5,2,2,14,12298,51
2023/5/2,2023,5,2,2,15,11885,50
2023/5/2,2023,5,2,2,16,11853,51
2023/5/2,2023,5,2,2,17,12338,52
2023/5/2,2023,5,2,2,18,12934,52
2023/5/2,2023,5,2,2,19,13200,51
2023/5/2,2023,5,2,2,20,13373,51
2023/5/2,2023,5,2,2,21,13309,49
2023/5/2,2023,5,2,2,22,12550,48
2023/5/2,2023,5,2,2,23,11500,48
2023/5/2,2023,5,2,2,24,10607,47
2023/5/3,2023,5,3,3,1,9995,46
2023/5/3,2023,5,3,3,2,9629,45
2023/5/3,2023,5,3,3,3,9455,45
2023/5/3,2023,5,3,3,4,9455,44
2023/5/3,2023,5,3,3,5,9762,43
2023/5/3,2023,5,3,3,6,10578,43
2023/5/3,2023,5,3,3,7,11815,43
2023/5/3,2023,5,3,3,8,12401,45
2023/5/3,2023,5,3,3,9,12279,47
2023/5/3,2023,5,3,3,10,12066,49
2023/5/3,2023,5,3,3,11,12208,51
2023/5/3,2023,5,3,3,12,12202,52
2023/5/3,2023,5,3,3,13,12243,51
2023/5/3,2023,5,3,3,14,12246,51
2023/5/3,2023,5,3,3,15,12109,52
2023/5/3,2023,5,3,3,16,12066,52
2023/5/3,2023,5,3,3,17,12393,52
2023/5/3,2023,5,3,3,18,12980,53
2023/5/3,2023,5,3,3,19,13312,52
2023/5/3,2023,5,3,3,20,13486,50
2023/5/3,2023,5,3,3,21,13335,49
2023/5/3,2023,5,3,3,22,12569,48
2023/5/3,2023,5,3,3,23,11514,47
2023/5/3,2023,5,3,3,24,10588,47
2023/5/4,2023,5,4,4,1,9978,46
2023/5/4,2023,5,4,4,2,9627,46
2023/5/4,2023,5,4,4,3,9459,46
2023/5/4,2023,5,4,4,4,9452,45
2023/5/4,2023,5,4,4,5,9726,44
2023/5/4,2023,5,4,4,6,10574,44
2023/5/4,2023,5,4,4,7,11923,44
2023/5/4,2023,5,4,4,8,12833,44
2023/5/4,2023,5,4,4,9,13031,44
2023/5/4,2023,5,4,4,10,12999,45
2023/5/4,2023,5,4,4,11,12920,47
2023/5/4,2023,5,4,4,12,12831,47
2023/5/4,2023,5,4,4,13,12660,48
2023/5/4,2023,5,4,4,14,12591,49
2023/5/4,2023,5,4,4,15,12426,49
2023/5/4,2023,5,4,4,16,12426,50
2023/5/4,2023,5,4,4,17,12683,51
2023/5/4,2023,5,4,4,18,13029,51
2023/5/4,2023,5,4,4,19,13262,51
2023/5/4,2023,5,4,4,20,13450,50
2023/5/4,2023,5,4,4,21,13437,49
2023/5/4,2023,5,4,4,22,12722,49
2023/5/4,2023,5,4,4,23,11681,49
2023/5/4,2023,5,4,4,24,10726,48
2023/5/5,2023,5,5,5,1,10088,47
2023/5/5,2023,5,5,5,2,9727,48
2023/5/5,2023,5,5,5,3,9536,46
2023/5/5,2023,5,5,5,4,9527,46
2023/5/5,2023,5,5,5,5,9781,46
2023/5/5,2023,5,5,5,6,10560,46
2023/5/5,2023,5,5,5,7,11740,45
2023/5/5,2023,5,5,5,8,12412,46
2023/5/5,2023,5,5,5,9,12442,48
2023/5/5,2023,5,5,5,10,12306,49
2023/5/5,2023,5,5,5,11,12190,50
2023/5/5,2023,5,5,5,12,12072,52
2023/5/5,2023,5,5,5,13,11791,53
2023/5/5,2023,5,5,5,14,11481,54
2023/5/5,2023,5,5,5,15,11091,56
2023/5/5,2023,5,5,5,16,11017,57
2023/5/5,2023,5,5,5,17,11263,57
2023/5/5,2023,5,5,5,18,11798,58
2023/5/5,2023,5,5,5,19,12211,58
2023/5/5,2023,5,5,5,20,12468,56
2023/5/5,2023,5,5,5,21,12614,54
2023/5/5,2023,5,5,5,22,12102,52
2023/5/5,2023,5,5,5,23,11263,51
2023/5/5,2023,5,5,5,24,10422,51
2023/5/6,2023,5,6,6,1,9822,50
2023/5/6,2023,5,6,6,2,9443,49
2023/5/6,2023,5,6,6,3,9250,48
2023/5/6,2023,5,6,6,4,9197,47
2023/5/6,2023,5,6,6,5,9306,46
2023/5/6,2023,5,6,6,6,9596,46
2023/5/6,2023,5,6,6,7,9958,45
2023/5/6,2023,5,6,6,8,10093,49
2023/5/6,2023,5,6,6,9,9970,54
2023/5/6,2023,5,6,6,10,9657,59
2023/5/6,2023,5,6,6,11,9406,64
2023/5/6,2023,5,6,6,12,9312,67
2023/5/6,2023,5,6,6,13,9214,69
2023/5/6,2023,5,6,6,14,9162,70
2023/5/6,2023,5,6,6,15,9246,71
2023/5/6,2023,5,6,6,16,9605,73
2023/5/6,2023,5,6,6,17,10265,73
2023/5/6,2023,5,6,6,18,11123,73
2023/5/6,2023,5,6,6,19,11740,72
2023/5/6,2023,5,6,6,20,11953,71
2023/5/6,2023,5,6,6,21,12073,67
2023/5/6,2023,5,6,6,22,11545,63
2023/5/6,2023,5,6,6,23,10785,61
2023/5/6,2023,5,6,6,24,9993,59
2023/5/7,2023,5,7,7,1,9387,58
2023/5/7,2023,5,7,7,2,8981,57
2023/5/7,2023,5,7,7,3,8733,56
2023/5/7,2023,5,7,7,4,8617,54
2023/5/7,2023,5,7,7,5,8662,53
2023/5/7,2023,5,7,7,6,8804,51
2023/5/7,2023,5,7,7,7,9061,51
2023/5/7,2023,5,7,7,8,9225,54
2023/5/7,2023,5,7,7,9,9322,59
2023/5/7,2023,5,7,7,10,9297,64
2023/5/7,2023,5,7,7,11,9262,68
2023/5/7,2023,5,7,7,12,9329,71
2023/5/7,2023,5,7,7,13,9424,73
2023/5/7,2023,5,7,7,14,9467,74
2023/5/7,2023,5,7,7,15,9683,75
2023/5/7,2023,5,7,7,16,10202,76
2023/5/7,2023,5,7,7,17,11035,76
2023/5/7,2023,5,7,7,18,12099,76
2023/5/7,2023,5,7,7,19,12652,74
2023/5/7,2023,5,7,7,20,12876,72
2023/5/7,2023,5,7,7,21,12918,70
2023/5/7,2023,5,7,7,22,12205,68
2023/5/7,2023,5,7,7,23,11144,65
2023/5/7,2023,5,7,7,24,10202,64
2023/5/8,2023,5,8,1,1,9550,61
2023/5/8,2023,5,8,1,2,9181,59
2023/5/8,2023,5,8,1,3,8950,59
2023/5/8,2023,5,8,1,4,8908,58
2023/5/8,2023,5,8,1,5,9165,57
2023/5/8,2023,5,8,1,6,9871,56
2023/5/8,2023,5,8,1,7,11005,55
2023/5/8,2023,5,8,1,8,11637,57
2023/5/8,2023,5,8,1,9,11513,61
2023/5/8,2023,5,8,1,10,11269,63
2023/5/8,2023,5,8,1,11,11145,66
2023/5/8,2023,5,8,1,12,11102,69
2023/5/8,2023,5,8,1,13,11147,70
2023/5/8,2023,5,8,1,14,11292,71
2023/5/8,2023,5,8,1,15,11482,72
2023/5/8,2023,5,8,1,16,11903,73
2023/5/8,2023,5,8,1,17,12485,72
2023/5/8,2023,5,8,1,18,13183,71
2023/5/8,2023,5,8,1,19,13484,70
2023/5/8,2023,5,8,1,20,13437,67
2023/5/8,2023,5,8,1,21,13332,64
2023/5/8,2023,5,8,1,22,12486,62
2023/5/8,2023,5,8,1,23,11365,60
2023/5/8,2023,5,8,1,24,10184,57
2023/5/9,2023,5,9,2,1,9534,54
2023/5/9,2023,5,9,2,2,9178,53
2023/5/9,2023,5,9,2,3,8980,52
2023/5/9,2023,5,9,2,4,8943,50
2023/5/9,2023,5,9,2,5,9232,47
2023/5/9,2023,5,9,2,6,10027,48
2023/5/9,2023,5,9,2,7,11058,46
2023/5/9,2023,5,9,2,8,11592,49
2023/5/9,2023,5,9,2,9,11347,52
2023/5/9,2023,5,9,2,10,10949,55
2023/5/9,2023,5,9,2,11,10722,57
2023/5/9,2023,5,9,2,12,10575,58
2023/5/9,2023,5,9,2,13,10568,59
2023/5/9,2023,5,9,2,14,10612,59
2023/5/9,2023,5,9,2,15,10580,60
2023/5/9,2023,5,9,2,16,10788,61
2023/5/9,2023,5,9,2,17,11300,61
2023/5/9,2023,5,9,2,18,12124,61
2023/5/9,2023,5,9,2,19,12639,61
2023/5/9,2023,5,9,2,20,12856,60
2023/5/9,2023,5,9,2,21,12932,58
2023/5/9,2023,5,9,2,22,12177,53
2023/5/9,2023,5,9,2,23,11076,51
2023/5/9,2023,5,9,2,24,10154,49
2023/5/10,2023,5,10,3,1,9544,48
2023/5/10,2023,5,10,3,2,9221,46
2023/5/10,2023,5,10,3,3,9063,45
2023/5/10,2023,5,10,3,4,9071,43
2023/5/10,2023,5,10,3,5,9370,43
2023/5/10,2023,5,10,3,6,10167,43
2023/5/10,2023,5,10,3,7,11286,42
2023/5/10,2023,5,10,3,8,11745,46
2023/5/10,2023,5,10,3,9,11411,51
2023/5/10,2023,5,10,3,10,10997,56
2023/5/10,2023,5,10,3,11,10733,60
2023/5/10,2023,5,10,3,12,10600,64
2023/5/10,2023,5,10,3,13,10468,66
2023/5/10,2023,5,10,3,14,10530,67
2023/5/10,2023,5,10,3,15,10652,70
2023/5/10,2023,5,10,3,16,11040,71
2023/5/10,2023,5,10,3,17,11739,71
2023/5/10,2023,5,10,3,18,12523,72
2023/5/10,2023,5,10,3,19,12979,71
2023/5/10,2023,5,10,3,20,13142,70
2023/5/10,2023,5,10,3,21,13157,66
2023/5/10,2023,5,10,3,22,12392,64
2023/5/10,2023,5,10,3,23,11269,61
2023/5/10,2023,5,10,3,24,10250,58
2023/5/11,2023,5,11,4,1,9611,58
2023/5/11,2023,5,11,4,2,9210,56
2023/5/11,2023,5,11,4,3,9004,53
2023/5/11,2023,5,11,4,4,8964,53
2023/5/11,2023,5,11,4,5,9205,53
2023/5/11,2023,5,11,4,6,9919,51
2023/5/11,2023,5,11,4,7,10995,51
2023/5/11,2023,5,11,4,8,11583,54
2023/5/11,2023,5,11,4,9,11499,59
2023/5/11,2023,5,11,4,10,11283,64
2023/5/11,2023,5,11,4,11,11207,68
2023/5/11,2023,5,11,4,12,11243,73
2023/5/11,2023,5,11,4,13,11308,75
2023/5/11,2023,5,11,4,14,11526,77
2023/5/11,2023,5,11,4,15,11893,78
2023/5/11,2023,5,11,4,16,12323,78
2023/5/11,2023,5,11,4,17,12811,79
2023/5/11,2023,5,11,4,18,13399,77
2023/5/11,2023,5,11,4,19,13652,75
2023/5/11,2023,5,11,4,20,13657,74
2023/5/11,2023,5,11,4,21,13586,70
2023/5/11,2023,5,11,4,22,12870,67
2023/5/11,2023,5,11,4,23,11698,64
2023/5/11,2023,5,11,4,24,10629,63
2023/5/12,2023,5,12,5,1,9905,62
2023/5/12,2023,5,12,5,2,9441,60
2023/5/12,2023,5,12,5,3,9170,59
2023/5/12,2023,5,12,5,4,9084,57
2023/5/12,2023,5,12,5,5,9272,58
2023/5/12,2023,5,12,5,6,9901,56
2023/5/12,2023,5,12,5,7,10964,55
2023/5/12,2023,5,12,5,8,11766,60
2023/5/12,2023,5,12,5,9,12059,62
2023/5/12,2023,5,12,5,10,11816,64
2023/5/12,2023,5,12,5,11,11654,69
2023/5/12,2023,5,12,5,12,11680,74
2023/5/12,2023,5,12,5,13,11918,78
2023/5/12,2023,5,12,5,14,12424,80
2023/5/12,2023,5,12,5,15,12909,82
2023/5/12,2023,5,12,5,16,13295,83
2023/5/12,2023,5,12,5,17,13799,82
2023/5/12,2023,5,12,5,18,14264,83
2023/5/12,2023,5,12,5,19,14291,81
2023/5/12,2023,5,12,5,20,14109,79
2023/5/12,2023,5,12,5,21,13983,73
2023/5/12,2023,5,12,5,22,13386,71
2023/5/12,2023,5,12,5,23,12310,68
2023/5/12,2023,5,12,5,24,11264,67
2023/5/13,2023,5,13,6,1,10488,66
2023/5/13,2023,5,13,6,2,9930,66
2023/5/13,2023,5,13,6,3,9581,66
2023/5/13,2023,5,13,6,4,9378,64
2023/5/13,2023,5,13,6,5,9372,64
2023/5/13,2023,5,13,6,6,9513,63
2023/5/13,2023,5,13,6,7,9856,63
2023/5/13,2023,5,13,6,8,10354,65
2023/5/13,2023,5,13,6,9,10696,67
2023/5/13,2023,5,13,6,10,10803,70
2023/5/13,2023,5,13,6,11,10783,72
2023/5/13,2023,5,13,6,12,10873,73
2023/5/13,2023,5,13,6,13,10917,75
2023/5/13,2023,5,13,6,14,11075,77
2023/5/13,2023,5,13,6,15,11357,78
2023/5/13,2023,5,13,6,16,11752,78
2023/5/13,2023,5,13,6,17,12342,78
2023/5/13,2023,5,13,6,18,13020,77
2023/5/13,2023,5,13,6,19,13355,76
2023/5/13,2023,5,13,6,20,13252,74
2023/5/13,2023,5,13,6,21,13132,71
2023/5/13,2023,5,13,6,22,12505,69
2023/5/13,2023,5,13,6,23,11560,66
2023/5/13,2023,5,13,6,24,10634,63
2023/5/14,2023,5,14,7,1,9890,61
2023/5/14,2023,5,14,7,2,9339,58
2023/5/14,2023,5,14,7,3,9040,55
2023/5/14,2023,5,14,7,4,8841,52
2023/5/14,2023,5,14,7,5,8775,51
2023/5/14,2023,5,14,7,6,8840,50
2023/5/14,2023,5,14,7,7,9031,49
2023/5/14,2023,5,14,7,8,9251,51
2023/5/14,2023,5,14,7,9,9421,53
2023/5/14,2023,5,14,7,10,9411,55
2023/5/14,2023,5,14,7,11,9265,57
2023/5/14,2023,5,14,7,12,9132,59
2023/5/14,2023,5,14,7,13,9052,61
2023/5/14,2023,5,14,7,14,8986,63
2023/5/14,2023,5,14,7,15,9092,64
2023/5/14,2023,5,14,7,16,9547,65
2023/5/14,2023,5,14,7,17,10277,66
2023/5/14,2023,5,14,7,18,11237,66
2023/5/14,2023,5,14,7,19,11829,65
2023/5/14,2023,5,14,7,20,12109,63
2023/5/14,2023,5,14,7,21,12266,61
2023/5/14,2023,5,14,7,22,11701,59
2023/5/14,2023,5,14,7,23,10718,56
2023/5/14,2023,5,14,7,24,9796,54
2023/5/15,2023,5,15,1,1,9215,52
2023/5/15,2023,5,15,1,2,8882,50
2023/5/15,2023,5,15,1,3,8721,47
2023/5/15,2023,5,15,1,4,8724,48
2023/5/15,2023,5,15,1,5,9026,46
2023/5/15,2023,5,15,1,6,9753,46
2023/5/15,2023,5,15,1,7,10816,45
2023/5/15,2023,5,15,1,8,11430,49
2023/5/15,2023,5,15,1,9,11437,53
2023/5/15,2023,5,15,1,10,11276,58
2023/5/15,2023,5,15,1,11,11221,62
2023/5/15,2023,5,15,1,12,11213,65
2023/5/15,2023,5,15,1,13,11052,66
2023/5/15,2023,5,15,1,14,11209,69
2023/5/15,2023,5,15,1,15,11511,71
2023/5/15,2023,5,15,1,16,11938,72
2023/5/15,2023,5,15,1,17,12495,72
2023/5/15,2023,5,15,1,18,13125,72
2023/5/15,2023,5,15,1,19,13372,71
2023/5/15,2023,5,15,1,20,13375,70
2023/5/15,2023,5,15,1,21,13312,67
2023/5/15,2023,5,15,1,22,12510,64
2023/5/15,2023,5,15,1,23,11354,62
2023/5/15,2023,5,15,1,24,10324,60
2023/5/16,2023,5,16,2,1,9657,59
2023/5/16,2023,5,16,2,2,9260,59
2023/5/16,2023,5,16,2,3,9037,58
2023/5/16,2023,5,16,2,4,9004,58
2023/5/16,2023,5,16,2,5,9201,57
2023/5/16,2023,5,16,2,6,9894,57
2023/5/16,2023,5,16,2,7,11013,56
2023/5/16,2023,5,16,2,8,11779,58
2023/5/16,2023,5,16,2,9,11839,59
2023/5/16,2023,5,16,2,10,11719,62
2023/5/16,2023,5,16,2,11,11592,65
2023/5/16,2023,5,16,2,12,11480,69
2023/5/16,2023,5,16,2,13,11458,71
2023/5/16,2023,5,16,2,14,11620,74
2023/5/16,2023,5,16,2,15,11926,76
2023/5/16,2023,5,16,2,16,12493,77
2023/5/16,2023,5,16,2,17,13108,76
2023/5/16,2023,5,16,2,18,13642,76
2023/5/16,2023,5,16,2,19,13761,74
2023/5/16,2023,5,16,2,20,13731,72
2023/5/16,2023,5,16,2,21,13616,69
2023/5/16,2023,5,16,2,22,12818,66
2023/5/16,2023,5,16,2,23,11636,63
2023/5/16,2023,5,16,2,24,10604,62
2023/5/17,2023,5,17,3,1,9892,61
2023/5/17,2023,5,17,3,2,9435,60
2023/5/17,2023,5,17,3,3,9191,59
2023/5/17,2023,5,17,3,4,9112,57
2023/5/17,2023,5,17,3,5,9282,54
2023/5/17,2023,5,17,3,6,9888,51
2023/5/17,2023,5,17,3,7,10946,49
2023/5/17,2023,5,17,3,8,11517,48
2023/5/17,2023,5,17,3,9,11428,50
2023/5/17,2023,5,17,3,10,11067,51
2023/5/17,2023,5,17,3,11,10781,52
2023/5/17,2023,5,17,3,12,10581,53
2023/5/17,2023,5,17,3,13,10471,55
2023/5/17,2023,5,17,3,14,10456,55
2023/5/17,2023,5,17,3,15,10481,56
2023/5/17,2023,5,17,3,16,10703,56
2023/5/17,2023,5,17,3,17,11248,56
2023/5/17,2023,5,17,3,18,12037,55
2023/5/17,2023,5,17,3,19,12570,54
2023/5/17,2023,5,17,3,20,12797,52
2023/5/17,2023,5,17,3,21,12914,49
2023/5/17,2023,5,17,3,22,12289,46
2023/5/17,2023,5,17,3,23,11262,44
2023/5/17,2023,5,17,3,24,10346,42
2023/5/18,2023,5,18,4,1,9727,41
2023/5/18,2023,5,18,4,2,9412,40
2023/5/18,2023,5,18,4,3,9269,39
2023/5/18,2023,5,18,4,4,9278,38
2023/5/18,2023,5,18,4,5,9607,37
2023/5/18,2023,5,18,4,6,10359,35
2023/5/18,2023,5,18,4,7,11483,35
2023/5/18,2023,5,18,4,8,11897,40
2023/5/18,2023,5,18,4,9,11526,45
2023/5/18,2023,5,18,4,10,11032,49
2023/5/18,2023,5,18,4,11,10650,51
2023/5/18,2023,5,18,4,12,10453,54
2023/5/18,2023,5,18,4,13,10305,56
2023/5/18,2023,5,18,4,14,10274,58
2023/5/18,2023,5,18,4,15,10291,60
2023/5/18,2023,5,18,4,16,10557,61
2023/5/18,2023,5,18,4,17,11167,61
2023/5/18,2023,5,18,4,18,11939,61
2023/5/18,2023,5,18,4,19,12435,61
2023/5/18,2023,5,18,4,20,12657,58
2023/5/18,2023,5,18,4,21,12809,55
2023/5/18,2023,5,18,4,22,12189,52
2023/5/18,2023,5,18,4,23,11162,50
2023/5/18,2023,5,18,4,24,10223,50
2023/5/19,2023,5,19,5,1,9600,48
2023/5/19,2023,5,19,5,2,9253,47
2023/5/19,2023,5,19,5,3,9077,46
2023/5/19,2023,5,19,5,4,9077,45
2023/5/19,2023,5,19,5,5,9358,45
2023/5/19,2023,5,19,5,6,10032,43
2023/5/19,2023,5,19,5,7,11062,44
2023/5/19,2023,5,19,5,8,11562,48
2023/5/19,2023,5,19,5,9,11404,51
2023/5/19,2023,5,19,5,10,11101,56
2023/5/19,2023,5,19,5,11,10884,59
2023/5/19,2023,5,19,5,12,10817,62
2023/5/19,2023,5,19,5,13,10867,65
2023/5/19,2023,5,19,5,14,10950,66
2023/5/19,2023,5,19,5,15,10998,67
2023/5/19,2023,5,19,5,16,11245,67
2023/5/19,2023,5,19,5,17,11556,67
2023/5/19,2023,5,19,5,18,12064,67
2023/5/19,2023,5,19,5,19,12297,65
2023/5/19,2023,5,19,5,20,12409,64
2023/5/19,2023,5,19,5,21,12518,61
2023/5/19,2023,5,19,5,22,11979,58
2023/5/19,2023,5,19,5,23,11095,56
2023/5/19,2023,5,19,5,24,10236,56
2023/5/20,2023,5,20,6,1,9553,55
2023/5/20,2023,5,20,6,2,9151,54
2023/5/20,2023,5,20,6,3,8923,52
2023/5/20,2023,5,20,6,4,8829,52
2023/5/20,2023,5,20,6,5,8877,50
2023/5/20,2023,5,20,6,6,9084,51
2023/5/20,2023,5,20,6,7,9439,52
2023/5/20,2023,5,20,6,8,9938,54
2023/5/20,2023,5,20,6,9,10487,56
2023/5/20,2023,5,20,6,10,10986,58
2023/5/20,2023,5,20,6,11,11373,60
2023/5/20,2023,5,20,6,12,11689,60
2023/5/20,2023,5,20,6,13,11931,61
2023/5/20,2023,5,20,6,14,12100,62
2023/5/20,2023,5,20,6,15,12121,61
2023/5/20,2023,5,20,6,16,12187,61
2023/5/20,2023,5,20,6,17,12424,62
2023/5/20,2023,5,20,6,18,12697,62
2023/5/20,2023,5,20,6,19,12722,63
2023/5/20,2023,5,20,6,20,12620,64
2023/5/20,2023,5,20,6,21,12492,64
2023/5/20,2023,5,20,6,22,11955,63
2023/5/20,2023,5,20,6,23,11216,63
2023/5/20,2023,5,20,6,24,10464,63
2023/5/21,2023,5,21,7,1,9910,63
2023/5/21,2023,5,21,7,2,9485,63
2023/5/21,2023,5,21,7,3,9226,62
2023/5/21,2023,5,21,7,4,9082,62
2023/5/21,2023,5,21,7,5,9049,60
2023/5/21,2023,5,21,7,6,9122,59
2023/5/21,2023,5,21,7,7,9287,58
2023/5/21,2023,5,21,7,8,9624,57
2023/5/21,2023,5,21,7,9,9913,57
2023/5/21,2023,5,21,7,10,10012,58
2023/5/21,2023,5,21,7,11,9908,61
2023/5/21,2023,5,21,7,12,9882,63
2023/5/21,2023,5,21,7,13,9876,65
2023/5/21,2023,5,21,7,14,9890,67
2023/5/21,2023,5,21,7,15,10024,69
2023/5/21,2023,5,21,7,16,10436,70
2023/5/21,2023,5,21,7,17,11256,71
2023/5/21,2023,5,21,7,18,12190,71
2023/5/21,2023,5,21,7,19,12709,71
2023/5/21,2023,5,21,7,20,12868,70
2023/5/21,2023,5,21,7,21,12946,67
2023/5/21,2023,5,21,7,22,12326,65
2023/5/21,2023,5,21,7,23,11288,63
2023/5/21,2023,5,21,7,24,10296,61
2023/5/22,2023,5,22,1,1,9597,60
2023/5/22,2023,5,22,1,2,9219,58
2023/5/22,2023,5,22,1,3,9019,57
2023/5/22,2023,5,22,1,4,8943,56
2023/5/22,2023,5,22,1,5,9190,56
2023/5/22,2023,5,22,1,6,9845,55
2023/5/22,2023,5,22,1,7,10914,54
2023/5/22,2023,5,22,1,8,11518,55
2023/5/22,2023,5,22,1,9,11444,57
2023/5/22,2023,5,22,1,10,11153,60
2023/5/22,2023,5,22,1,11,10973,62
2023/5/22,2023,5,22,1,12,10908,63
2023/5/22,2023,5,22,1,13,10916,64
2023/5/22,2023,5,22,1,14,11070,65
2023/5/22,2023,5,22,1,15,11227,66
2023/5/22,2023,5,22,1,16,11581,66
2023/5/22,2023,5,22,1,17,12158,66
2023/5/22,2023,5,22,1,18,12834,65
2023/5/22,2023,5,22,1,19,13158,63
2023/5/22,2023,5,22,1,20,13188,61
2023/5/22,2023,5,22,1,21,13155,59
2023/5/22,2023,5,22,1,22,12442,57
2023/5/22,2023,5,22,1,23,11290,55
2023/5/22,2023,5,22,1,24,10281,53
2023/5/23,2023,5,23,2,1,9640,52
2023/5/23,2023,5,23,2,2,9245,51
2023/5/23,2023,5,23,2,3,9050,50
2023/5/23,2023,5,23,2,4,9014,49
2023/5/23,2023,5,23,2,5,9269,49
2023/5/23,2023,5,23,2,6,9940,48
2023/5/23,2023,5,23,2,7,10993,48
2023/5/23,2023,5,23,2,8,11618,50
2023/5/23,2023,5,23,2,9,11489,53
2023/5/23,2023,5,23,2,10,11195,55
2023/5/23,2023,5,23,2,11,10971,59
2023/5/23,2023,5,23,2,12,10867,61
2023/5/23,2023,5,23,2,13,10801,62
2023/5/23,2023,5,23,2,14,10883,64
2023/5/23,2023,5,23,2,15,11008,66
2023/5/23,2023,5,23,2,16,11329,66
2023/5/23,2023,5,23,2,17,11925,66
2023/5/23,2023,5,23,2,18,12652,65
2023/5/23,2023,5,23,2,19,12996,64
2023/5/23,2023,5,23,2,20,13081,61
2023/5/23,2023,5,23,2,21,13110,59
2023/5/23,2023,5,23,2,22,12445,57
2023/5/23,2023,5,23,2,23,11325,55
2023/5/23,2023,5,23,2,24,10296,53
2023/5/24,2023,5,24,3,1,9640,52
2023/5/24,2023,5,24,3,2,9240,51
2023/5/24,2023,5,24,3,3,9026,50
2023/5/24,2023,5,24,3,4,9014,49
2023/5/24,2023,5,24,3,5,9272,49
2023/5/24,2023,5,24,3,6,9958,49
2023/5/24,2023,5,24,3,7,11025,48
2023/5/24,2023,5,24,3,8,11650,51
2023/5/24,2023,5,24,3,9,11618,54
2023/5/24,2023,5,24,3,10,11435,58
2023/5/24,2023,5,24,3,11,11364,61
2023/5/24,2023,5,24,3,12,11369,64
2023/5/24,2023,5,24,3,13,11473,66
2023/5/24,2023,5,24,3,14,11684,67
2023/5/24,2023,5,24,3,15,11963,69
2023/5/24,2023,5,24,3,16,12470,70
2023/5/24,2023,5,24,3,17,13053,70
2023/5/24,2023,5,24,3,18,13619,69
2023/5/24,2023,5,24,3,19,13766,62
2023/5/24,2023,5,24,3,20,13468,57
2023/5/24,2023,5,24,3,21,13149,55
2023/5/24,2023,5,24,3,22,12390,55
2023/5/24,2023,5,24,3,23,11285,54
2023/5/24,2023,5,24,3,24,10334,53
2023/5/25,2023,5,25,4,1,9711,52
2023/5/25,2023,5,25,4,2,9311,52
2023/5/25,2023,5,25,4,3,9097,50
2023/5/25,2023,5,25,4,4,9049,49
2023/5/25,2023,5,25,4,5,9302,48
2023/5/25,2023,5,25,4,6,9939,47
2023/5/25,2023,5,25,4,7,11049,47
2023/5/25,2023,5,25,4,8,11620,49
2023/5/25,2023,5,25,4,9,11470,52
2023/5/25,2023,5,25,4,10,11177,54
2023/5/25,2023,5,25,4,11,10948,57
2023/5/25,2023,5,25,4,12,10907,59
2023/5/25,2023,5,25,4,13,10890,61
2023/5/25,2023,5,25,4,14,11022,63
2023/5/25,2023,5,25,4,15,11086,64
2023/5/25,2023,5,25,4,16,11322,65
2023/5/25,2023,5,25,4,17,11835,64
2023/5/25,2023,5,25,4,18,12452,64
2023/5/25,2023,5,25,4,19,12786,63
2023/5/25,2023,5,25,4,20,12914,61
2023/5/25,2023,5,25,4,21,13002,60
2023/5/25,2023,5,25,4,22,12435,57
2023/5/25,2023,5,25,4,23,11369,55
2023/5/25,2023,5,25,4,24,10377,53
2023/5/26,2023,5,26,5,1,9698,51
2023/5/26,2023,5,26,5,2,9300,50
2023/5/26,2023,5,26,5,3,9124,48
2023/5/26,2023,5,26,5,4,9055,47
2023/5/26,2023,5,26,5,5,9298,46
2023/5/26,2023,5,26,5,6,9908,44
2023/5/26,2023,5,26,5,7,10899,45
2023/5/26,2023,5,26,5,8,11398,49
2023/5/26,2023,5,26,5,9,11303,54
2023/5/26,2023,5,26,5,10,10987,58
2023/5/26,2023,5,26,5,11,10772,62
2023/5/26,2023,5,26,5,12,10635,64
2023/5/26,2023,5,26,5,13,10499,65
2023/5/26,2023,5,26,5,14,10504,65
2023/5/26,2023,5,26,5,15,10541,66
2023/5/26,2023,5,26,5,16,10839,67
2023/5/26,2023,5,26,5,17,11495,67
2023/5/26,2023,5,26,5,18,12205,68
2023/5/26,2023,5,26,5,19,12574,67
2023/5/26,2023,5,26,5,20,12593,67
2023/5/26,2023,5,26,5,21,12581,63
2023/5/26,2023,5,26,5,22,12124,60
2023/5/26,2023,5,26,5,23,11225,57
2023/5/26,2023,5,26,5,24,10317,55
2023/5/27,2023,5,27,6,1,9606,54
2023/5/27,2023,5,27,6,2,9161,53
2023/5/27,2023,5,27,6,3,8951,50
2023/5/27,2023,5,27,6,4,8827,49
2023/5/27,2023,5,27,6,5,8905,49
2023/5/27,2023,5,27,6,6,9038,49
2023/5/27,2023,5,27,6,7,9330,48
2023/5/27,2023,5,27,6,8,9592,54
2023/5/27,2023,5,27,6,9,9761,59
2023/5/27,2023,5,27,6,10,9807,64
2023/5/27,2023,5,27,6,11,9733,68
2023/5/27,2023,5,27,6,12,9760,71
2023/5/27,2023,5,27,6,13,9789,72
2023/5/27,2023,5,27,6,14,9878,74
2023/5/27,2023,5,27,6,15,10105,76
2023/5/27,2023,5,27,6,16,10594,76
2023/5/27,2023,5,27,6,17,11357,76
2023/5/27,2023,5,27,6,18,12238,76
2023/5/27,2023,5,27,6,19,12755,76
2023/5/27,2023,5,27,6,20,12700,75
2023/5/27,2023,5,27,6,21,12628,70
2023/5/27,2023,5,27,6,22,12156,67
2023/5/27,2023,5,27,6,23,11302,64
2023/5/27,2023,5,27,6,24,10454,62
2023/5/28,2023,5,28,7,1,9796,61
2023/5/28,2023,5,28,7,2,9299,60
2023/5/28,2023,5,28,7,3,9021,58
2023/5/28,2023,5,28,7,4,8848,57
2023/5/28,2023,5,28,7,5,8819,57
2023/5/28,2023,5,28,7,6,8838,55
2023/5/28,2023,5,28,7,7,9059,55
2023/5/28,2023,5,28,7,8,9338,60
2023/5/28,2023,5,28,7,9,9664,64
2023/5/28,2023,5,28,7,10,9867,69
2023/5/28,2023,5,28,7,11,10081,73
2023/5/28,2023,5,28,7,12,10323,76
2023/5/28,2023,5,28,7,13,10591,80
2023/5/28,2023,5,28,7,14,10895,81
2023/5/28,2023,5,28,7,15,11274,83
2023/5/28,2023,5,28,7,16,11914,84
2023/5/28,2023,5,28,7,17,12773,85
2023/5/28,2023,5,28,7,18,13679,84
2023/5/28,2023,5,28,7,19,14062,83
2023/5/28,2023,5,28,7,20,13915,80
2023/5/28,2023,5,28,7,21,13721,76
2023/5/28,2023,5,28,7,22,13201,71
2023/5/28,2023,5,28,7,23,12188,69
2023/5/28,2023,5,28,7,24,11151,67
2023/5/29,2023,5,29,1,1,10364,66
2023/5/29,2023,5,29,1,2,9807,64
2023/5/29,2023,5,29,1,3,9463,62
2023/5/29,2023,5,29,1,4,9284,61
2023/5/29,2023,5,29,1,5,9299,62
2023/5/29,2023,5,29,1,6,9350,60
2023/5/29,2023,5,29,1,7,9594,60
2023/5/29,2023,5,29,1,8,9870,62
2023/5/29,2023,5,29,1,9,10119,65
2023/5/29,2023,5,29,1,10,10157,67
2023/5/29,2023,5,29,1,11,10171,69
2023/5/29,2023,5,29,1,12,10252,69
2023/5/29,2023,5,29,1,13,10316,70
2023/5/29,2023,5,29,1,14,10341,70
2023/5/29,2023,5,29,1,15,10483,70
2023/5/29,2023,5,29,1,16,10933,70
2023/5/29,2023,5,29,1,17,11711,69
2023/5/29,2023,5,29,1,18,12571,68
2023/5/29,2023,5,29,1,19,13008,66
2023/5/29,2023,5,29,1,20,13023,64
2023/5/29,2023,5,29,1,21,12917,61
2023/5/29,2023,5,29,1,22,12269,59
2023/5/29,2023,5,29,1,23,11142,57
2023/5/29,2023,5,29,1,24,10140,55
2023/5/30,2023,5,30,2,1,9434,54
2023/5/30,2023,5,30,2,2,9022,52
2023/5/30,2023,5,30,2,3,8831,51
2023/5/30,2023,5,30,2,4,8791,49
2023/5/30,2023,5,30,2,5,9036,47
2023/5/30,2023,5,30,2,6,9688,46
2023/5/30,2023,5,30,2,7,10809,47
2023/5/30,2023,5,30,2,8,11442,51
2023/5/30,2023,5,30,2,9,11387,54
2023/5/30,2023,5,30,2,10,11137,57
2023/5/30,2023,5,30,2,11,11029,60
2023/5/30,2023,5,30,2,12,11025,62
2023/5/30,2023,5,30,2,13,11070,64
2023/5/30,2023,5,30,2,14,11238,65
2023/5/30,2023,5,30,2,15,11392,67
2023/5/30,2023,5,30,2,16,11821,68
2023/5/30,2023,5,30,2,17,12520,69
2023/5/30,2023,5,30,2,18,13336,68
2023/5/30,2023,5,30,2,19,13719,68
2023/5/30,2023,5,30,2,20,13682,66
2023/5/30,2023,5,30,2,21,13532,64
2023/5/30,2023,5,30,2,22,12839,61
2023/5/30,2023,5,30,2,23,11634,58
2023/5/30,2023,5,30,2,24,10544,55
2023/5/31,2023,5,31,3,1,9870,54
2023/5/31,2023,5,31,3,2,9457,52
2023/5/31,2023,5,31,3,3,9203,51
2023/5/31,2023,5,31,3,4,9164,51
2023/5/31,2023,5,31,3,5,9390,50
2023/5/31,2023,5,31,3,6,9964,48
2023/5/31,2023,5,31,3,7,11019,49
2023/5/31,2023,5,31,3,8,11667,52
2023/5/31,2023,5,31,3,9,11598,56
2023/5/31,2023,5,31,3,10,11417,60
2023/5/31,2023,5,31,3,11,11396,64
2023/5/31,2023,5,31,3,12,11512,67
2023/5/31,2023,5,31,3,13,11670,71
2023/5/31,2023,5,31,3,14,11967,73
2023/5/31,2023,5,31,3,15,12328,74
2023/5/31,2023,5,31,3,16,12944,76
2023/5/31,2023,5,31,3,17,13756,76
2023/5/31,2023,5,31,3,18,14516,77
2023/5/31,2023,5,31,3,19,14798,76
2023/5/31,2023,5,31,3,20,14636,75
2023/5/31,2023,5,31,3,21,14379,72
2023/5/31,2023,5,31,3,22,13784,68
2023/5/31,2023,5,31,3,23,12501,65
2023/5/31,2023,5,31,3,24,11312,63
2023/6/1,2023,6,1,4,1,10481,62
2023/6/1,2023,6,1,4,2,9951,60
2023/6/1,2023,6,1,4,3,9666,58
2023/6/1,2023,6,1,4,4,9552,58
2023/6/1,2023,6,1,4,5,9733,57
2023/6/1,2023,6,1,4,6,10257,56
2023/6/1,2023,6,1,4,7,11371,56
2023/6/1,2023,6,1,4,8,12186,60
2023/6/1,2023,6,1,4,9,12460,65
2023/6/1,2023,6,1,4,10,12594,70
2023/6/1,2023,6,1,4,11,12970,74
2023/6/1,2023,6,1,4,12,13413,78
2023/6/1,2023,6,1,4,13,13920,81
2023/6/1,2023,6,1,4,14,14537,83
2023/6/1,2023,6,1,4,15,15174,85
2023/6/1,2023,6,1,4,16,15937,85
2023/6/1,2023,6,1,4,17,16782,86
2023/6/1,2023,6,1,4,18,17337,86
2023/6/1,2023,6,1,4,19,17461,84
2023/6/1,2023,6,1,4,20,17108,83
2023/6/1,2023,6,1,4,21,16759,79
2023/6/1,2023,6,1,4,22,15868,74
2023/6/1,2023,6,1,4,23,14381,72
2023/6/1,2023,6,1,4,24,13035,70
2023/6/2,2023,6,2,5,1,11979,69
2023/6/2,2023,6,2,5,2,11308,67
2023/6/2,2023,6,2,5,3,10872,67
2023/6/2,2023,6,2,5,4,10655,66
2023/6/2,2023,6,2,5,5,10725,64
2023/6/2,2023,6,2,5,6,11177,63
2023/6/2,2023,6,2,5,7,12281,64
2023/6/2,2023,6,2,5,8,13293,69
2023/6/2,2023,6,2,5,9,13821,71
2023/6/2,2023,6,2,5,10,14265,75
2023/6/2,2023,6,2,5,11,14802,78
2023/6/2,2023,6,2,5,12,15458,81
2023/6/2,2023,6,2,5,13,16127,84
2023/6/2,2023,6,2,5,14,16758,85
2023/6/2,2023,6,2,5,15,17331,86
2023/6/2,2023,6,2,5,16,17794,82
2023/6/2,2023,6,2,5,17,17805,79
2023/6/2,2023,6,2,5,18,17464,77
2023/6/2,2023,6,2,5,19,16915,76
2023/6/2,2023,6,2,5,20,16312,75
2023/6/2,2023,6,2,5,21,15736,70
2023/6/2,2023,6,2,5,22,14801,67
2023/6/2,2023,6,2,5,23,13529,65
2023/6/2,2023,6,2,5,24,12327,64
2023/6/3,2023,6,3,6,1,11363,62
2023/6/3,2023,6,3,6,2,10689,61
2023/6/3,2023,6,3,6,3,10237,60
2023/6/3,2023,6,3,6,4,9966,58
2023/6/3,2023,6,3,6,5,9857,57
2023/6/3,2023,6,3,6,6,9920,56
2023/6/3,2023,6,3,6,7,10242,55
2023/6/3,2023,6,3,6,8,10778,54
2023/6/3,2023,6,3,6,9,11406,54
2023/6/3,2023,6,3,6,10,11805,54
2023/6/3,2023,6,3,6,11,11904,53
2023/6/3,2023,6,3,6,12,11789,54
2023/6/3,2023,6,3,6,13,11624,55
2023/6/3,2023,6,3,6,14,11580,55
2023/6/3,2023,6,3,6,15,11594,55
2023/6/3,2023,6,3,6,16,11587,55
2023/6/3,2023,6,3,6,17,11682,54
2023/6/3,2023,6,3,6,18,11936,54
2023/6/3,2023,6,3,6,19,12015,52
2023/6/3,2023,6,3,6,20,12006,51
2023/6/3,2023,6,3,6,21,11996,51
2023/6/3,2023,6,3,6,22,11606,50
2023/6/3,2023,6,3,6,23,10884,49
2023/6/3,2023,6,3,6,24,10116,49
2023/6/4,2023,6,4,7,1,9540,49
2023/6/4,2023,6,4,7,2,9122,48
2023/6/4,2023,6,4,7,3,8893,47
2023/6/4,2023,6,4,7,4,8784,48
2023/6/4,2023,6,4,7,5,8825,48
2023/6/4,2023,6,4,7,6,8916,47
2023/6/4,2023,6,4,7,7,9161,47
2023/6/4,2023,6,4,7,8,9562,48
2023/6/4,2023,6,4,7,9,10042,49
2023/6/4,2023,6,4,7,10,10444,51
2023/6/4,2023,6,4,7,11,10915,52
2023/6/4,2023,6,4,7,12,11124,53
2023/6/4,2023,6,4,7,13,11116,55
2023/6/4,2023,6,4,7,14,11082,55
2023/6/4,2023,6,4,7,15,11146,55
2023/6/4,2023,6,4,7,16,11377,54
2023/6/4,2023,6,4,7,17,11769,54
2023/6/4,2023,6,4,7,18,12216,54
2023/6/4,2023,6,4,7,19,12472,55
2023/6/4,2023,6,4,7,20,12496,54
2023/6/4,2023,6,4,7,21,12429,53
2023/6/4,2023,6,4,7,22,11886,52
2023/6/4,2023,6,4,7,23,10927,51
2023/6/4,2023,6,4,7,24,10046,51
2023/6/5,2023,6,5,1,1,9449,50
2023/6/5,2023,6,5,1,2,9137,50
2023/6/5,2023,6,5,1,3,8979,50
2023/6/5,2023,6,5,1,4,8974,50
2023/6/5,2023,6,5,1,5,9239,50
2023/6/5,2023,6,5,1,6,9972,50
2023/6/5,2023,6,5,1,7,11200,51
2023/6/5,2023,6,5,1,8,12115,51
2023/6/5,2023,6,5,1,9,12360,52
2023/6/5,2023,6,5,1,10,12263,55
2023/6/5,2023,6,5,1,11,12201,57
2023/6/5,2023,6,5,1,12,12244,60
2023/6/5,2023,6,5,1,13,12333,61
2023/6/5,2023,6,5,1,14,12433,62
2023/6/5,2023,6,5,1,15,12334,62
2023/6/5,2023,6,5,1,16,12309,62
2023/6/5,2023,6,5,1,17,12637,64
2023/6/5,2023,6,5,1,18,13091,64
2023/6/5,2023,6,5,1,19,13295,64
2023/6/5,2023,6,5,1,20,13304,63
2023/6/5,2023,6,5,1,21,13228,63
2023/6/5,2023,6,5,1,22,12584,60
2023/6/5,2023,6,5,1,23,11488,60
2023/6/5,2023,6,5,1,24,10508,58
2023/6/6,2023,6,6,2,1,9868,59
2023/6/6,2023,6,6,2,2,9456,57
2023/6/6,2023,6,6,2,3,9227,56
2023/6/6,2023,6,6,2,4,9184,55
2023/6/6,2023,6,6,2,5,9404,54
2023/6/6,2023,6,6,2,6,10021,54
2023/6/6,2023,6,6,2,7,11124,53
2023/6/6,2023,6,6,2,8,11909,56
2023/6/6,2023,6,6,2,9,12126,58
2023/6/6,2023,6,6,2,10,12139,60
2023/6/6,2023,6,6,2,11,12018,63
2023/6/6,2023,6,6,2,12,11896,67
2023/6/6,2023,6,6,2,13,11890,69
2023/6/6,2023,6,6,2,14,12055,71
2023/6/6,2023,6,6,2,15,12306,72
2023/6/6,2023,6,6,2,16,12745,72
2023/6/6,2023,6,6,2,17,13311,71
2023/6/6,2023,6,6,2,18,13703,69
2023/6/6,2023,6,6,2,19,13656,66
2023/6/6,2023,6,6,2,20,13456,63
2023/6/6,2023,6,6,2,21,13265,60
2023/6/6,2023,6,6,2,22,12611,60
2023/6/6,2023,6,6,2,23,11503,59
2023/6/6,2023,6,6,2,24,10531,59
2023/6/7,2023,6,7,3,1,9871,57
2023/6/7,2023,6,7,3,2,9459,55
2023/6/7,2023,6,7,3,3,9229,54
2023/6/7,2023,6,7,3,4,9187,54
2023/6/7,2023,6,7,3,5,9414,53
2023/6/7,2023,6,7,3,6,9999,53
2023/6/7,2023,6,7,3,7,11061,52
2023/6/7,2023,6,7,3,8,11816,54
2023/6/7,2023,6,7,3,9,11981,57
2023/6/7,2023,6,7,3,10,11968,60
2023/6/7,2023,6,7,3,11,12108,61
2023/6/7,2023,6,7,3,12,12347,62
2023/6/7,2023,6,7,3,13,12603,63
2023/6/7,2023,6,7,3,14,12809,65
2023/6/7,2023,6,7,3,15,12827,64
2023/6/7,2023,6,7,3,16,12879,63
2023/6/7,2023,6,7,3,17,13098,63
2023/6/7,2023,6,7,3,18,13407,63
2023/6/7,2023,6,7,3,19,13399,62
2023/6/7,2023,6,7,3,20,13268,61
2023/6/7,2023,6,7,3,21,13185,60
2023/6/7,2023,6,7,3,22,12570,59
2023/6/7,2023,6,7,3,23,11473,58
2023/6/7,2023,6,7,3,24,10492,57
2023/6/8,2023,6,8,4,1,9854,56
2023/6/8,2023,6,8,4,2,9441,55
2023/6/8,2023,6,8,4,3,9222,54
2023/6/8,2023,6,8,4,4,9170,54
2023/6/8,2023,6,8,4,5,9416,53
2023/6/8,2023,6,8,4,6,10014,53
2023/6/8,2023,6,8,4,7,11150,53
2023/6/8,2023,6,8,4,8,12023,53
2023/6/8,2023,6,8,4,9,12369,55
2023/6/8,2023,6,8,4,10,12390,56
2023/6/8,2023,6,8,4,11,12312,57
2023/6/8,2023,6,8,4,12,12111,59
2023/6/8,2023,6,8,4,13,12084,60
2023/6/8,2023,6,8,4,14,12356,62
2023/6/8,2023,6,8,4,15,12559,62
2023/6/8,2023,6,8,4,16,12795,62
2023/6/8,2023,6,8,4,17,12921,61
2023/6/8,2023,6,8,4,18,13079,62
2023/6/8,2023,6,8,4,19,13082,62
2023/6/8,2023,6,8,4,20,13092,62
2023/6/8,2023,6,8,4,21,13108,59
2023/6/8,2023,6,8,4,22,12610,57
2023/6/8,2023,6,8,4,23,11555,55
2023/6/8,2023,6,8,4,24,10578,54
2023/6/9,2023,6,9,5,1,9912,53
2023/6/9,2023,6,9,5,2,9465,53
2023/6/9,2023,6,9,5,3,9235,52
2023/6/9,2023,6,9,5,4,9183,53
2023/6/9,2023,6,9,5,5,9393,51
2023/6/9,2023,6,9,5,6,9954,50
2023/6/9,2023,6,9,5,7,11008,51
2023/6/9,2023,6,9,5,8,11853,53
2023/6/9,2023,6,9,5,9,12152,55
2023/6/9,2023,6,9,5,10,12020,57
2023/6/9,2023,6,9,5,11,11995,60
2023/6/9,2023,6,9,5,12,12132,62
2023/6/9,2023,6,9,5,13,12170,62
2023/6/9,2023,6,9,5,14,12153,63
2023/6/9,2023,6,9,5,15,12106,63
2023/6/9,2023,6,9,5,16,12267,64
2023/6/9,2023,6,9,5,17,12499,62
2023/6/9,2023,6,9,5,18,12789,63
2023/6/9,2023,6,9,5,19,12784,63
2023/6/9,2023,6,9,5,20,12710,59
2023/6/9,2023,6,9,5,21,12708,58
2023/6/9,2023,6,9,5,22,12288,56
2023/6/9,2023,6,9,5,23,11412,56
2023/6/9,2023,6,9,5,24,10503,55
2023/6/10,2023,6,10,6,1,9827,54
2023/6/10,2023,6,10,6,2,9418,54
2023/6/10,2023,6,10,6,3,9122,54
2023/6/10,2023,6,10,6,4,9009,53
2023/6/10,2023,6,10,6,5,9050,52
2023/6/10,2023,6,10,6,6,9228,52
2023/6/10,2023,6,10,6,7,9573,52
2023/6/10,2023,6,10,6,8,10084,54
2023/6/10,2023,6,10,6,9,10509,57
2023/6/10,2023,6,10,6,10,10687,60
2023/6/10,2023,6,10,6,11,10694,62
2023/6/10,2023,6,10,6,12,10648,64
2023/6/10,2023,6,10,6,13,10746,66
2023/6/10,2023,6,10,6,14,10885,65
2023/6/10,2023,6,10,6,15,10888,66
2023/6/10,2023,6,10,6,16,10888,66
2023/6/10,2023,6,10,6,17,11322,67
2023/6/10,2023,6,10,6,18,11980,68
2023/6/10,2023,6,10,6,19,12407,68
2023/6/10,2023,6,10,6,20,12467,68
2023/6/10,2023,6,10,6,21,12443,65
2023/6/10,2023,6,10,6,22,12151,62
2023/6/10,2023,6,10,6,23,11351,60
2023/6/10,2023,6,10,6,24,10492,58
2023/6/11,2023,6,11,7,1,9834,57
2023/6/11,2023,6,11,7,2,9416,57
2023/6/11,2023,6,11,7,3,9097,56
2023/6/11,2023,6,11,7,4,8955,55
2023/6/11,2023,6,11,7,5,8958,54
2023/6/11,2023,6,11,7,6,8975,54
2023/6/11,2023,6,11,7,7,9174,54
2023/6/11,2023,6,11,7,8,9513,58
2023/6/11,2023,6,11,7,9,9921,63
2023/6/11,2023,6,11,7,10,10166,66
2023/6/11,2023,6,11,7,11,10307,70
2023/6/11,2023,6,11,7,12,10632,73
2023/6/11,2023,6,11,7,13,10993,75
2023/6/11,2023,6,11,7,14,11385,77
2023/6/11,2023,6,11,7,15,11851,77
2023/6/11,2023,6,11,7,16,12396,77
2023/6/11,2023,6,11,7,17,13052,78
2023/6/11,2023,6,11,7,18,13882,78
2023/6/11,2023,6,11,7,19,14328,77
2023/6/11,2023,6,11,7,20,14303,76
2023/6/11,2023,6,11,7,21,14199,73
2023/6/11,2023,6,11,7,22,13669,70
2023/6/11,2023,6,11,7,23,12497,68
2023/6/11,2023,6,11,7,24,11378,67
2023/6/12,2023,6,12,1,1,10608,65
2023/6/12,2023,6,12,1,2,10113,64
2023/6/12,2023,6,12,1,3,9856,63
2023/6/12,2023,6,12,1,4,9777,62
2023/6/12,2023,6,12,1,5,10005,62
2023/6/12,2023,6,12,1,6,10635,61
2023/6/12,2023,6,12,1,7,11796,61
2023/6/12,2023,6,12,1,8,12799,63
2023/6/12,2023,6,12,1,9,13290,65
2023/6/12,2023,6,12,1,10,13441,67
2023/6/12,2023,6,12,1,11,13646,70
2023/6/12,2023,6,12,1,12,13937,74
2023/6/12,2023,6,12,1,13,14238,76
2023/6/12,2023,6,12,1,14,14515,77
2023/6/12,2023,6,12,1,15,14799,77
2023/6/12,2023,6,12,1,16,15080,77
2023/6/12,2023,6,12,1,17,15569,77
2023/6/12,2023,6,12,1,18,16053,75
2023/6/12,2023,6,12,1,19,16038,73
2023/6/12,2023,6,12,1,20,15772,72
2023/6/12,2023,6,12,1,21,15530,69
2023/6/12,2023,6,12,1,22,14750,67
2023/6/12,2023,6,12,1,23,13487,66
2023/6/12,2023,6,12,1,24,12324,66
2023/6/13,2023,6,13,2,1,11517,66
2023/6/13,2023,6,13,2,2,10985,65
2023/6/13,2023,6,13,2,3,10665,65
2023/6/13,2023,6,13,2,4,10526,64
2023/6/13,2023,6,13,2,5,10707,65
2023/6/13,2023,6,13,2,6,11353,64
2023/6/13,2023,6,13,2,7,12528,64
2023/6/13,2023,6,13,2,8,13543,64
2023/6/13,2023,6,13,2,9,14009,64
2023/6/13,2023,6,13,2,10,14244,66
2023/6/13,2023,6,13,2,11,14379,65
2023/6/13,2023,6,13,2,12,14335,67
2023/6/13,2023,6,13,2,13,14332,69
2023/6/13,2023,6,13,2,14,14464,70
2023/6/13,2023,6,13,2,15,14558,71
2023/6/13,2023,6,13,2,16,14983,72
2023/6/13,2023,6,13,2,17,15529,73
2023/6/13,2023,6,13,2,18,15973,72
2023/6/13,2023,6,13,2,19,15975,71
2023/6/13,2023,6,13,2,20,15632,70
2023/6/13,2023,6,13,2,21,15227,67
2023/6/13,2023,6,13,2,22,14426,65
2023/6/13,2023,6,13,2,23,13156,64
2023/6/13,2023,6,13,2,24,11924,62
2023/6/14,2023,6,14,3,1,11055,61
2023/6/14,2023,6,14,3,2,10469,60
2023/6/14,2023,6,14,3,3,10132,59
2023/6/14,2023,6,14,3,4,10000,59
2023/6/14,2023,6,14,3,5,10163,59
2023/6/14,2023,6,14,3,6,10710,58
2023/6/14,2023,6,14,3,7,11735,58
2023/6/14,2023,6,14,3,8,12592,60
2023/6/14,2023,6,14,3,9,12913,62
2023/6/14,2023,6,14,3,10,13016,66
2023/6/14,2023,6,14,3,11,13246,69
2023/6/14,2023,6,14,3,12,13640,71
2023/6/14,2023,6,14,3,13,13975,73
2023/6/14,2023,6,14,3,14,14429,74
2023/6/14,2023,6,14,3,15,14883,74
2023/6/14,2023,6,14,3,16,15140,72
2023/6/14,2023,6,14,3,17,15382,71
2023/6/14,2023,6,14,3,18,15489,68
2023/6/14,2023,6,14,3,19,15277,66
2023/6/14,2023,6,14,3,20,14823,64
2023/6/14,2023,6,14,3,21,14259,62
2023/6/14,2023,6,14,3,22,13705,61
2023/6/14,2023,6,14,3,23,12569,60
2023/6/14,2023,6,14,3,24,11495,60
2023/6/15,2023,6,15,4,1,10746,60
2023/6/15,2023,6,15,4,2,10217,59
2023/6/15,2023,6,15,4,3,9920,59
2023/6/15,2023,6,15,4,4,9803,59
2023/6/15,2023,6,15,4,5,9971,58
2023/6/15,2023,6,15,4,6,10512,59
2023/6/15,2023,6,15,4,7,11603,59
2023/6/15,2023,6,15,4,8,12436,60
2023/6/15,2023,6,15,4,9,12845,62
2023/6/15,2023,6,15,4,10,13022,64
2023/6/15,2023,6,15,4,11,13160,66
2023/6/15,2023,6,15,4,12,13301,68
2023/6/15,2023,6,15,4,13,13431,70
2023/6/15,2023,6,15,4,14,13489,72
2023/6/15,2023,6,15,4,15,13630,74
2023/6/15,2023,6,15,4,16,14087,75
2023/6/15,2023,6,15,4,17,14698,76
2023/6/15,2023,6,15,4,18,15330,77
2023/6/15,2023,6,15,4,19,15536,76
2023/6/15,2023,6,15,4,20,15364,76
2023/6/15,2023,6,15,4,21,15151,73
2023/6/15,2023,6,15,4,22,14610,71
2023/6/15,2023,6,15,4,23,13426,69
2023/6/15,2023,6,15,4,24,12216,68
2023/6/16,2023,6,16,5,1,11344,67
2023/6/16,2023,6,16,5,2,10714,65
2023/6/16,2023,6,16,5,3,10338,65
2023/6/16,2023,6,16,5,4,10141,63
2023/6/16,2023,6,16,5,5,10249,62
2023/6/16,2023,6,16,5,6,10686,61
2023/6/16,2023,6,16,5,7,11634,61
2023/6/16,2023,6,16,5,8,12530,64
2023/6/16,2023,6,16,5,9,13015,68
2023/6/16,2023,6,16,5,10,13319,71
2023/6/16,2023,6,16,5,11,13648,74
2023/6/16,2023,6,16,5,12,14117,75
2023/6/16,2023,6,16,5,13,14567,77
2023/6/16,2023,6,16,5,14,15033,77
2023/6/16,2023,6,16,5,15,15378,77
2023/6/16,2023,6,16,5,16,15432,74
2023/6/16,2023,6,16,5,17,15574,74
2023/6/16,2023,6,16,5,18,15514,71
2023/6/16,2023,6,16,5,19,15155,70
2023/6/16,2023,6,16,5,20,14771,69
2023/6/16,2023,6,16,5,21,14542,68
2023/6/16,2023,6,16,5,22,13995,67
2023/6/16,2023,6,16,5,23,13017,66
2023/6/16,2023,6,16,5,24,12013,65
2023/6/17,2023,6,17,6,1,11247,64
2023/6/17,2023,6,17,6,2,10605,64
2023/6/17,2023,6,17,6,3,10238,63
2023/6/17,2023,6,17,6,4,10044,63
2023/6/17,2023,6,17,6,5,10010,62
2023/6/17,2023,6,17,6,6,10137,62
2023/6/17,2023,6,17,6,7,10527,61
2023/6/17,2023,6,17,6,8,11172,62
2023/6/17,2023,6,17,6,9,11957,62
2023/6/17,2023,6,17,6,10,12545,63
2023/6/17,2023,6,17,6,11,12897,64
2023/6/17,2023,6,17,6,12,12981,64
2023/6/17,2023,6,17,6,13,12983,65
2023/6/17,2023,6,17,6,14,12940,66
2023/6/17,2023,6,17,6,15,12893,65
2023/6/17,2023,6,17,6,16,12853,63
2023/6/17,2023,6,17,6,17,12936,64
2023/6/17,2023,6,17,6,18,13095,65
2023/6/17,2023,6,17,6,19,13039,64
2023/6/17,2023,6,17,6,20,12853,62
2023/6/17,2023,6,17,6,21,12727,61
2023/6/17,2023,6,17,6,22,12334,60
2023/6/17,2023,6,17,6,23,11595,60
2023/6/17,2023,6,17,6,24,10816,59
2023/6/18,2023,6,18,7,1,10197,59
2023/6/18,2023,6,18,7,2,9736,59
2023/6/18,2023,6,18,7,3,9462,59
2023/6/18,2023,6,18,7,4,9324,59
2023/6/18,2023,6,18,7,5,9325,59
2023/6/18,2023,6,18,7,6,9346,59
2023/6/18,2023,6,18,7,7,9586,59
2023/6/18,2023,6,18,7,8,10042,60
2023/6/18,2023,6,18,7,9,10542,62
2023/6/18,2023,6,18,7,10,11092,64
2023/6/18,2023,6,18,7,11,11370,66
2023/6/18,2023,6,18,7,12,11513,67
2023/6/18,2023,6,18,7,13,11534,68
2023/6/18,2023,6,18,7,14,11558,68
2023/6/18,2023,6,18,7,15,11782,70
2023/6/18,2023,6,18,7,16,12079,71
2023/6/18,2023,6,18,7,17,12552,71
2023/6/18,2023,6,18,7,18,13111,71
2023/6/18,2023,6,18,7,19,13372,71
2023/6/18,2023,6,18,7,20,13315,70
2023/6/18,2023,6,18,7,21,13282,68
2023/6/18,2023,6,18,7,22,12952,66
2023/6/18,2023,6,18,7,23,12093,65
2023/6/18,2023,6,18,7,24,11091,63
2023/6/19,2023,6,19,1,1,10378,61
2023/6/19,2023,6,19,1,2,9886,60
2023/6/19,2023,6,19,1,3,9604,59
2023/6/19,2023,6,19,1,4,9504,58
2023/6/19,2023,6,19,1,5,9644,58
2023/6/19,2023,6,19,1,6,10050,57
2023/6/19,2023,6,19,1,7,10858,58
2023/6/19,2023,6,19,1,8,11614,59
2023/6/19,2023,6,19,1,9,12094,61
2023/6/19,2023,6,19,1,10,12369,64
2023/6/19,2023,6,19,1,11,12611,65
2023/6/19,2023,6,19,1,12,12877,66
2023/6/19,2023,6,19,1,13,13101,68
2023/6/19,2023,6,19,1,14,13376,69
2023/6/19,2023,6,19,1,15,13548,70
2023/6/19,2023,6,19,1,16,13671,70
2023/6/19,2023,6,19,1,17,14021,70
2023/6/19,2023,6,19,1,18,14560,70
2023/6/19,2023,6,19,1,19,14740,70
2023/6/19,2023,6,19,1,20,14515,69
2023/6/19,2023,6,19,1,21,14275,66
2023/6/19,2023,6,19,1,22,13697,64
2023/6/19,2023,6,19,1,23,12526,63
2023/6/19,2023,6,19,1,24,11401,62
2023/6/20,2023,6,20,2,1,10624,61
2023/6/20,2023,6,20,2,2,10071,60
2023/6/20,2023,6,20,2,3,9760,59
2023/6/20,2023,6,20,2,4,9648,59
2023/6/20,2023,6,20,2,5,9822,58
2023/6/20,2023,6,20,2,6,10332,58
2023/6/20,2023,6,20,2,7,11345,58
2023/6/20,2023,6,20,2,8,12179,59
2023/6/20,2023,6,20,2,9,12499,61
2023/6/20,2023,6,20,2,10,12546,62
2023/6/20,2023,6,20,2,11,12557,64
2023/6/20,2023,6,20,2,12,12833,66
2023/6/20,2023,6,20,2,13,13171,68
2023/6/20,2023,6,20,2,14,13432,68
2023/6/20,2023,6,20,2,15,13526,70
2023/6/20,2023,6,20,2,16,13678,70
2023/6/20,2023,6,20,2,17,14066,69
2023/6/20,2023,6,20,2,18,14465,68
2023/6/20,2023,6,20,2,19,14532,68
2023/6/20,2023,6,20,2,20,14347,66
2023/6/20,2023,6,20,2,21,14105,64
2023/6/20,2023,6,20,2,22,13566,63
2023/6/20,2023,6,20,2,23,12447,62
2023/6/20,2023,6,20,2,24,11344,61
2023/6/21,2023,6,21,3,1,10557,60
2023/6/21,2023,6,21,3,2,10056,59
2023/6/21,2023,6,21,3,3,9770,58
2023/6/21,2023,6,21,3,4,9652,57
2023/6/21,2023,6,21,3,5,9811,57
2023/6/21,2023,6,21,3,6,10282,56
2023/6/21,2023,6,21,3,7,11242,56
2023/6/21,2023,6,21,3,8,12047,58
2023/6/21,2023,6,21,3,9,12325,60
2023/6/21,2023,6,21,3,10,12283,63
2023/6/21,2023,6,21,3,11,12376,65
2023/6/21,2023,6,21,3,12,12612,67
2023/6/21,2023,6,21,3,13,12788,68
2023/6/21,2023,6,21,3,14,12951,68
2023/6/21,2023,6,21,3,15,13090,69
2023/6/21,2023,6,21,3,16,13261,70
2023/6/21,2023,6,21,3,17,13704,70
2023/6/21,2023,6,21,3,18,14221,69
2023/6/21,2023,6,21,3,19,14420,69
2023/6/21,2023,6,21,3,20,14275,68
2023/6/21,2023,6,21,3,21,14042,66
2023/6/21,2023,6,21,3,22,13580,64
2023/6/21,2023,6,21,3,23,12456,62
2023/6/21,2023,6,21,3,24,11325,60
2023/6/22,2023,6,22,4,1,10507,59
2023/6/22,2023,6,22,4,2,10000,57
2023/6/22,2023,6,22,4,3,9705,57
2023/6/22,2023,6,22,4,4,9565,56
2023/6/22,2023,6,22,4,5,9743,55
2023/6/22,2023,6,22,4,6,10214,55
2023/6/22,2023,6,22,4,7,11143,55
2023/6/22,2023,6,22,4,8,11927,58
2023/6/22,2023,6,22,4,9,12226,60
2023/6/22,2023,6,22,4,10,12292,62
2023/6/22,2023,6,22,4,11,12315,64
2023/6/22,2023,6,22,4,12,12344,66
2023/6/22,2023,6,22,4,13,12336,68
2023/6/22,2023,6,22,4,14,12507,70
2023/6/22,2023,6,22,4,15,12771,71
2023/6/22,2023,6,22,4,16,13286,72
2023/6/22,2023,6,22,4,17,13973,73
2023/6/22,2023,6,22,4,18,14524,72
2023/6/22,2023,6,22,4,19,14715,71
2023/6/22,2023,6,22,4,20,14590,70
2023/6/22,2023,6,22,4,21,14401,69
2023/6/22,2023,6,22,4,22,13941,67
2023/6/22,2023,6,22,4,23,12848,65
2023/6/22,2023,6,22,4,24,11747,64
2023/6/23,2023,6,23,5,1,10944,62
2023/6/23,2023,6,23,5,2,10423,62
2023/6/23,2023,6,23,5,3,10083,62
2023/6/23,2023,6,23,5,4,9956,61
2023/6/23,2023,6,23,5,5,10097,60
2023/6/23,2023,6,23,5,6,10539,60
2023/6/23,2023,6,23,5,7,11449,60
2023/6/23,2023,6,23,5,8,12315,62
2023/6/23,2023,6,23,5,9,12859,64
2023/6/23,2023,6,23,5,10,13140,66
2023/6/23,2023,6,23,5,11,13343,68
2023/6/23,2023,6,23,5,12,13626,70
2023/6/23,2023,6,23,5,13,14040,72
2023/6/23,2023,6,23,5,14,14481,73
2023/6/23,2023,6,23,5,15,14819,75
2023/6/23,2023,6,23,5,16,15271,76
2023/6/23,2023,6,23,5,17,15762,75
2023/6/23,2023,6,23,5,18,16149,75
2023/6/23,2023,6,23,5,19,16066,74
2023/6/23,2023,6,23,5,20,15723,73
2023/6/23,2023,6,23,5,21,15517,71
2023/6/23,2023,6,23,5,22,15094,71
2023/6/23,2023,6,23,5,23,14081,70
2023/6/23,2023,6,23,5,24,13013,70
2023/6/24,2023,6,24,6,1,12147,69
2023/6/24,2023,6,24,6,2,11519,69
2023/6/24,2023,6,24,6,3,11119,69
2023/6/24,2023,6,24,6,4,10900,68
2023/6/24,2023,6,24,6,5,10859,68
2023/6/24,2023,6,24,6,6,11016,68
2023/6/24,2023,6,24,6,7,11461,68
2023/6/24,2023,6,24,6,8,12048,68
2023/6/24,2023,6,24,6,9,12911,69
2023/6/24,2023,6,24,6,10,13713,71
2023/6/24,2023,6,24,6,11,14206,71
2023/6/24,2023,6,24,6,12,14353,71
2023/6/24,2023,6,24,6,13,14398,72
2023/6/24,2023,6,24,6,14,14518,74
2023/6/24,2023,6,24,6,15,14555,73
2023/6/24,2023,6,24,6,16,14786,74
2023/6/24,2023,6,24,6,17,15167,75
2023/6/24,2023,6,24,6,18,15589,75
2023/6/24,2023,6,24,6,19,15688,75
2023/6/24,2023,6,24,6,20,15514,75
2023/6/24,2023,6,24,6,21,15257,73
2023/6/24,2023,6,24,6,22,14843,71
2023/6/24,2023,6,24,6,23,13965,71
2023/6/24,2023,6,24,6,24,12979,70
2023/6/25,2023,6,25,7,1,12204,70
2023/6/25,2023,6,25,7,2,11592,70
2023/6/25,2023,6,25,7,3,11212,70
2023/6/25,2023,6,25,7,4,10988,69
2023/6/25,2023,6,25,7,5,10912,69
2023/6/25,2023,6,25,7,6,10927,69
2023/6/25,2023,6,25,7,7,11229,69
2023/6/25,2023,6,25,7,8,11828,70
2023/6/25,2023,6,25,7,9,12598,72
2023/6/25,2023,6,25,7,10,13351,74
2023/6/25,2023,6,25,7,11,13984,76
2023/6/25,2023,6,25,7,12,14643,79
2023/6/25,2023,6,25,7,13,15260,80
2023/6/25,2023,6,25,7,14,15821,80
2023/6/25,2023,6,25,7,15,16324,81
2023/6/25,2023,6,25,7,16,16941,80
2023/6/25,2023,6,25,7,17,17588,80
2023/6/25,2023,6,25,7,18,18164,81
2023/6/25,2023,6,25,7,19,18424,81
2023/6/25,2023,6,25,7,20,18159,80
2023/6/25,2023,6,25,7,21,17731,78
2023/6/25,2023,6,25,7,22,17010,76
2023/6/25,2023,6,25,7,23,15661,74
2023/6/25,2023,6,25,7,24,14267,72
2023/6/26,2023,6,26,1,1,13188,71
2023/6/26,2023,6,26,1,2,12496,70
2023/6/26,2023,6,26,1,3,12052,70
2023/6/26,2023,6,26,1,4,11863,69
2023/6/26,2023,6,26,1,5,11997,68
2023/6/26,2023,6,26,1,6,12576,68
2023/6/26,2023,6,26,1,7,13628,68
2023/6/26,2023,6,26,1,8,14680,69
2023/6/26,2023,6,26,1,9,15355,69
2023/6/26,2023,6,26,1,10,15707,70
2023/6/26,2023,6,26,1,11,16160,72
2023/6/26,2023,6,26,1,12,16627,74
2023/6/26,2023,6,26,1,13,17074,75
2023/6/26,2023,6,26,1,14,17551,75
2023/6/26,2023,6,26,1,15,17905,76
2023/6/26,2023,6,26,1,16,18198,78
2023/6/26,2023,6,26,1,17,18489,78
2023/6/26,2023,6,26,1,18,18684,76
2023/6/26,2023,6,26,1,19,18364,76
2023/6/26,2023,6,26,1,20,17931,75
2023/6/26,2023,6,26,1,21,17480,74
2023/6/26,2023,6,26,1,22,16697,72
2023/6/26,2023,6,26,1,23,15500,71
2023/6/26,2023,6,26,1,24,14202,71
2023/6/27,2023,6,27,2,1,13218,70
2023/6/27,2023,6,27,2,2,12577,70
2023/6/27,2023,6,27,2,3,12160,70
2023/6/27,2023,6,27,2,4,11936,69
2023/6/27,2023,6,27,2,5,11980,69
2023/6/27,2023,6,27,2,6,12476,68
2023/6/27,2023,6,27,2,7,13520,68
2023/6/27,2023,6,27,2,8,14575,68
2023/6/27,2023,6,27,2,9,15303,70
2023/6/27,2023,6,27,2,10,15802,71
2023/6/27,2023,6,27,2,11,16296,73
2023/6/27,2023,6,27,2,12,16340,72
2023/6/27,2023,6,27,2,13,16251,73
2023/6/27,2023,6,27,2,14,16462,73
2023/6/27,2023,6,27,2,15,16451,75
2023/6/27,2023,6,27,2,16,16801,76
2023/6/27,2023,6,27,2,17,17189,77
2023/6/27,2023,6,27,2,18,17543,76
2023/6/27,2023,6,27,2,19,17420,75
2023/6/27,2023,6,27,2,20,16995,73
2023/6/27,2023,6,27,2,21,16662,71
2023/6/27,2023,6,27,2,22,16056,71
2023/6/27,2023,6,27,2,23,14860,70
2023/6/27,2023,6,27,2,24,13640,69
2023/6/28,2023,6,28,3,1,12651,68
2023/6/28,2023,6,28,3,2,12079,68
2023/6/28,2023,6,28,3,3,11726,68
2023/6/28,2023,6,28,3,4,11582,68
2023/6/28,2023,6,28,3,5,11757,68
2023/6/28,2023,6,28,3,6,12371,68
2023/6/28,2023,6,28,3,7,13467,68
2023/6/28,2023,6,28,3,8,14531,69
2023/6/28,2023,6,28,3,9,15168,69
2023/6/28,2023,6,28,3,10,15610,70
2023/6/28,2023,6,28,3,11,16127,71
2023/6/28,2023,6,28,3,12,16300,72
2023/6/28,2023,6,28,3,13,16365,73
2023/6/28,2023,6,28,3,14,16649,74
2023/6/28,2023,6,28,3,15,16980,77
2023/6/28,2023,6,28,3,16,17434,77
2023/6/28,2023,6,28,3,17,17816,77
2023/6/28,2023,6,28,3,18,17995,75
2023/6/28,2023,6,28,3,19,17850,74
2023/6/28,2023,6,28,3,20,17331,72
2023/6/28,2023,6,28,3,21,16804,71
2023/6/28,2023,6,28,3,22,16054,70
2023/6/28,2023,6,28,3,23,14802,69
2023/6/28,2023,6,28,3,24,13552,68
2023/6/29,2023,6,29,4,1,12544,67
2023/6/29,2023,6,29,4,2,11910,67
2023/6/29,2023,6,29,4,3,11463,67
2023/6/29,2023,6,29,4,4,11231,66
2023/6/29,2023,6,29,4,5,11259,64
2023/6/29,2023,6,29,4,6,11743,64
2023/6/29,2023,6,29,4,7,12741,64
2023/6/29,2023,6,29,4,8,13755,66
2023/6/29,2023,6,29,4,9,14374,67
2023/6/29,2023,6,29,4,10,14805,69
2023/6/29,2023,6,29,4,11,15283,71
2023/6/29,2023,6,29,4,12,15756,73
2023/6/29,2023,6,29,4,13,16148,74
2023/6/29,2023,6,29,4,14,16558,75
2023/6/29,2023,6,29,4,15,16881,75
2023/6/29,2023,6,29,4,16,17193,76
2023/6/29,2023,6,29,4,17,17536,77
2023/6/29,2023,6,29,4,18,17920,76
2023/6/29,2023,6,29,4,19,17907,76
2023/6/29,2023,6,29,4,20,17512,76
2023/6/29,2023,6,29,4,21,17039,74
2023/6/29,2023,6,29,4,22,16358,71
2023/6/29,2023,6,29,4,23,15059,70
2023/6/29,2023,6,29,4,24,13733,68
2023/6/30,2023,6,30,5,1,12532,68
2023/6/30,2023,6,30,5,2,11869,66
2023/6/30,2023,6,30,5,3,11351,65
2023/6/30,2023,6,30,5,4,11096,65
2023/6/30,2023,6,30,5,5,11156,64
2023/6/30,2023,6,30,5,6,11543,63
2023/6/30,2023,6,30,5,7,12425,64
2023/6/30,2023,6,30,5,8,13524,65
2023/6/30,2023,6,30,5,9,14248,68
2023/6/30,2023,6,30,5,10,14700,70
2023/6/30,2023,6,30,5,11,15269,73
2023/6/30,2023,6,30,5,12,15790,74
2023/6/30,2023,6,30,5,13,16239,76
2023/6/30,2023,6,30,5,14,16679,78
2023/6/30,2023,6,30,5,15,17153,79
2023/6/30,2023,6,30,5,16,17581,78
2023/6/30,2023,6,30,5,17,17986,79
2023/6/30,2023,6,30,5,18,18275,79
2023/6/30,2023,6,30,5,19,17936,77
2023/6/30,2023,6,30,5,20,17440,76
2023/6/30,2023,6,30,5,21,16903,73
2023/6/30,2023,6,30,5,22,16190,72
2023/6/30,2023,6,30,5,23,15000,70
2023/6/30,2023,6,30,5,24,13734,69
2023/7/1,2023,7,1,6,1,12649,68
2023/7/1,2023,7,1,6,2,11883,67
2023/7/1,2023,7,1,6,3,11400,66
2023/7/1,2023,7,1,6,4,11047,66
2023/7/1,2023,7,1,6,5,10905,65
2023/7/1,2023,7,1,6,6,10926,64
2023/7/1,2023,7,1,6,7,11226,65
2023/7/1,2023,7,1,6,8,11725,65
2023/7/1,2023,7,1,6,9,12481,66
2023/7/1,2023,7,1,6,10,12992,68
2023/7/1,2023,7,1,6,11,13428,70
2023/7/1,2023,7,1,6,12,13797,73
2023/7/1,2023,7,1,6,13,14299,75
2023/7/1,2023,7,1,6,14,14761,77
2023/7/1,2023,7,1,6,15,15306,78
2023/7/1,2023,7,1,6,16,15925,78
2023/7/1,2023,7,1,6,17,16456,78
2023/7/1,2023,7,1,6,18,16804,77
2023/7/1,2023,7,1,6,19,16643,76
2023/7/1,2023,7,1,6,20,16209,75
2023/7/1,2023,7,1,6,21,15859,73
2023/7/1,2023,7,1,6,22,15302,72
2023/7/1,2023,7,1,6,23,14331,70
2023/7/1,2023,7,1,6,24,13248,69
2023/7/2,2023,7,2,7,1,12369,69
2023/7/2,2023,7,2,7,2,11680,68
2023/7/2,2023,7,2,7,3,11270,68
2023/7/2,2023,7,2,7,4,10982,68
2023/7/2,2023,7,2,7,5,10881,67
2023/7/2,2023,7,2,7,6,10844,66
2023/7/2,2023,7,2,7,7,11093,65
2023/7/2,2023,7,2,7,8,11600,65
2023/7/2,2023,7,2,7,9,12301,66
2023/7/2,2023,7,2,7,10,13044,66
2023/7/2,2023,7,2,7,11,13655,66
2023/7/2,2023,7,2,7,12,14061,67
2023/7/2,2023,7,2,7,13,14272,68
2023/7/2,2023,7,2,7,14,14371,69
2023/7/2,2023,7,2,7,15,14505,70
2023/7/2,2023,7,2,7,16,14738,71
2023/7/2,2023,7,2,7,17,15142,73
2023/7/2,2023,7,2,7,18,15637,74
2023/7/2,2023,7,2,7,19,15801,74
2023/7/2,2023,7,2,7,20,15648,74
2023/7/2,2023,7,2,7,21,15488,72
2023/7/2,2023,7,2,7,22,15040,71
2023/7/2,2023,7,2,7,23,14128,72
2023/7/2,2023,7,2,7,24,13117,70
2023/7/3,2023,7,3,1,1,12273,69
2023/7/3,2023,7,3,1,2,11690,69
2023/7/3,2023,7,3,1,3,11340,68
2023/7/3,2023,7,3,1,4,11171,68
2023/7/3,2023,7,3,1,5,11232,68
2023/7/3,2023,7,3,1,6,11625,67
2023/7/3,2023,7,3,1,7,12317,67
2023/7/3,2023,7,3,1,8,13117,68
2023/7/3,2023,7,3,1,9,13846,69
2023/7/3,2023,7,3,1,10,14496,70
2023/7/3,2023,7,3,1,11,14924,71
2023/7/3,2023,7,3,1,12,15315,72
2023/7/3,2023,7,3,1,13,15677,75
2023/7/3,2023,7,3,1,14,16077,76
2023/7/3,2023,7,3,1,15,16418,77
2023/7/3,2023,7,3,1,16,17044,79
2023/7/3,2023,7,3,1,17,17675,79
2023/7/3,2023,7,3,1,18,18336,80
2023/7/3,2023,7,3,1,19,18207,79
2023/7/3,2023,7,3,1,20,17663,77
2023/7/3,2023,7,3,1,21,17097,75
2023/7/3,2023,7,3,1,22,16372,74
2023/7/3,2023,7,3,1,23,15254,72
2023/7/3,2023,7,3,1,24,14146,71
2023/7/4,2023,7,4,2,1,13154,71
2023/7/4,2023,7,4,2,2,12585,70
2023/7/4,2023,7,4,2,3,11982,70
2023/7/4,2023,7,4,2,4,11684,70
2023/7/4,2023,7,4,2,5,11630,70
2023/7/4,2023,7,4,2,6,11727,69
2023/7/4,2023,7,4,2,7,12073,70
2023/7/4,2023,7,4,2,8,12657,70
2023/7/4,2023,7,4,2,9,13280,71
2023/7/4,2023,7,4,2,10,13979,71
2023/7/4,2023,7,4,2,11,14539,72
2023/7/4,2023,7,4,2,12,14993,73
2023/7/4,2023,7,4,2,13,15454,73
2023/7/4,2023,7,4,2,14,15765,74
2023/7/4,2023,7,4,2,15,15989,73
2023/7/4,2023,7,4,2,16,15885,72
2023/7/4,2023,7,4,2,17,15849,73
2023/7/4,2023,7,4,2,18,15839,74
2023/7/4,2023,7,4,2,19,15733,73
2023/7/4,2023,7,4,2,20,15633,74
2023/7/4,2023,7,4,2,21,15529,73
2023/7/4,2023,7,4,2,22,15004,71
2023/7/4,2023,7,4,2,23,14198,70
2023/7/4,2023,7,4,2,24,13217,70
2023/7/5,2023,7,5,3,1,12426,69
2023/7/5,2023,7,5,3,2,11801,69
2023/7/5,2023,7,5,3,3,11425,68
2023/7/5,2023,7,5,3,4,11270,68
2023/7/5,2023,7,5,3,5,11379,69
2023/7/5,2023,7,5,3,6,11844,69
2023/7/5,2023,7,5,3,7,13016,68
2023/7/5,2023,7,5,3,8,14121,70
2023/7/5,2023,7,5,3,9,14995,72
2023/7/5,2023,7,5,3,10,15660,76
2023/7/5,2023,7,5,3,11,16451,79
2023/7/5,2023,7,5,3,12,17217,81
2023/7/5,2023,7,5,3,13,18035,83
2023/7/5,2023,7,5,3,14,18830,85
2023/7/5,2023,7,5,3,15,19681,85
2023/7/5,2023,7,5,3,16,20539,86
2023/7/5,2023,7,5,3,17,21294,86
2023/7/5,2023,7,5,3,18,21641,86
2023/7/5,2023,7,5,3,19,21704,86
2023/7/5,2023,7,5,3,20,21142,84
2023/7/5,2023,7,5,3,21,20514,81
2023/7/5,2023,7,5,3,22,19494,79
2023/7/5,2023,7,5,3,23,17858,78
2023/7/5,2023,7,5,3,24,16264,76
2023/7/6,2023,7,6,4,1,14930,75
2023/7/6,2023,7,6,4,2,14020,73
2023/7/6,2023,7,6,4,3,13449,72
2023/7/6,2023,7,6,4,4,13141,72
2023/7/6,2023,7,6,4,5,13021,72
2023/7/6,2023,7,6,4,6,13357,71
2023/7/6,2023,7,6,4,7,14411,71
2023/7/6,2023,7,6,4,8,15779,73
2023/7/6,2023,7,6,4,9,16905,77
2023/7/6,2023,7,6,4,10,17920,81
2023/7/6,2023,7,6,4,11,18972,83
2023/7/6,2023,7,6,4,12,19892,85
2023/7/6,2023,7,6,4,13,20697,86
2023/7/6,2023,7,6,4,14,21391,87
2023/7/6,2023,7,6,4,15,21872,88
2023/7/6,2023,7,6,4,16,22365,88
2023/7/6,2023,7,6,4,17,22855,89
2023/7/6,2023,7,6,4,18,22999,86
2023/7/6,2023,7,6,4,19,22798,86
2023/7/6,2023,7,6,4,20,22174,85
2023/7/6,2023,7,6,4,21,21474,82
2023/7/6,2023,7,6,4,22,20387,80
2023/7/6,2023,7,6,4,23,18597,77
2023/7/6,2023,7,6,4,24,16882,76
2023/7/7,2023,7,7,5,1,15570,74
2023/7/7,2023,7,7,5,2,14576,73
2023/7/7,2023,7,7,5,3,13929,72
2023/7/7,2023,7,7,5,4,13584,71
2023/7/7,2023,7,7,5,5,13505,71
2023/7/7,2023,7,7,5,6,13933,70
2023/7/7,2023,7,7,5,7,14844,71
2023/7/7,2023,7,7,5,8,15946,72
2023/7/7,2023,7,7,5,9,16793,73
2023/7/7,2023,7,7,5,10,17507,76
2023/7/7,2023,7,7,5,11,18118,79
2023/7/7,2023,7,7,5,12,18831,80
2023/7/7,2023,7,7,5,13,19495,82
2023/7/7,2023,7,7,5,14,20186,82
2023/7/7,2023,7,7,5,15,20862,84
2023/7/7,2023,7,7,5,16,21463,85
2023/7/7,2023,7,7,5,17,21948,84
2023/7/7,2023,7,7,5,18,21807,83
2023/7/7,2023,7,7,5,19,21096,82
2023/7/7,2023,7,7,5,20,20536,80
2023/7/7,2023,7,7,5,21,19773,78
2023/7/7,2023,7,7,5,22,19041,76
2023/7/7,2023,7,7,5,23,17678,75
2023/7/7,2023,7,7,5,24,16290,73
2023/7/8,2023,7,8,6,1,15130,73
2023/7/8,2023,7,8,6,2,14300,73
2023/7/8,2023,7,8,6,3,13666,73
2023/7/8,2023,7,8,6,4,13321,72
2023/7/8,2023,7,8,6,5,13152,72
2023/7/8,2023,7,8,6,6,13173,72
2023/7/8,2023,7,8,6,7,13537,72
2023/7/8,2023,7,8,6,8,14229,72
2023/7/8,2023,7,8,6,9,15148,74
2023/7/8,2023,7,8,6,10,15950,76
2023/7/8,2023,7,8,6,11,16484,77
2023/7/8,2023,7,8,6,12,17103,78
2023/7/8,2023,7,8,6,13,17584,79
2023/7/8,2023,7,8,6,14,18223,80
2023/7/8,2023,7,8,6,15,18822,82
2023/7/8,2023,7,8,6,16,19400,82
2023/7/8,2023,7,8,6,17,19955,83
2023/7/8,2023,7,8,6,18,20027,81
2023/7/8,2023,7,8,6,19,19697,79
2023/7/8,2023,7,8,6,20,19072,77
2023/7/8,2023,7,8,6,21,18679,75
2023/7/8,2023,7,8,6,22,17983,74
2023/7/8,2023,7,8,6,23,16829,74
2023/7/8,2023,7,8,6,24,15619,73
2023/7/9,2023,7,9,7,1,14577,72
2023/7/9,2023,7,9,7,2,13750,72
2023/7/9,2023,7,9,7,3,13275,71
2023/7/9,2023,7,9,7,4,12925,72
2023/7/9,2023,7,9,7,5,12764,71
2023/7/9,2023,7,9,7,6,12752,71
2023/7/9,2023,7,9,7,7,12979,71
2023/7/9,2023,7,9,7,8,13567,71
2023/7/9,2023,7,9,7,9,14259,72
2023/7/9,2023,7,9,7,10,15145,74
2023/7/9,2023,7,9,7,11,15880,75
2023/7/9,2023,7,9,7,12,16536,75
2023/7/9,2023,7,9,7,13,17172,77
2023/7/9,2023,7,9,7,14,17680,78
2023/7/9,2023,7,9,7,15,17811,78
2023/7/9,2023,7,9,7,16,17987,78
2023/7/9,2023,7,9,7,17,18162,77
2023/7/9,2023,7,9,7,18,18310,76
2023/7/9,2023,7,9,7,19,18083,75
2023/7/9,2023,7,9,7,20,17723,74
2023/7/9,2023,7,9,7,21,17397,73
2023/7/9,2023,7,9,7,22,16725,72
2023/7/9,2023,7,9,7,23,15597,71
2023/7/9,2023,7,9,7,24,14408,71
2023/7/10,2023,7,10,1,1,13558,70
2023/7/10,2023,7,10,1,2,12937,70
2023/7/10,2023,7,10,1,3,12545,70
2023/7/10,2023,7,10,1,4,12400,70
2023/7/10,2023,7,10,1,5,12539,69
2023/7/10,2023,7,10,1,6,13204,69
2023/7/10,2023,7,10,1,7,14257,69
2023/7/10,2023,7,10,1,8,15357,69
2023/7/10,2023,7,10,1,9,16039,69
2023/7/10,2023,7,10,1,10,16454,69
2023/7/10,2023,7,10,1,11,16886,70
2023/7/10,2023,7,10,1,12,17214,71
2023/7/10,2023,7,10,1,13,17365,72
2023/7/10,2023,7,10,1,14,17419,73
2023/7/10,2023,7,10,1,15,17477,74
2023/7/10,2023,7,10,1,16,17459,73
2023/7/10,2023,7,10,1,17,17695,74
2023/7/10,2023,7,10,1,18,18016,72
2023/7/10,2023,7,10,1,19,17898,72
2023/7/10,2023,7,10,1,20,17447,73
2023/7/10,2023,7,10,1,21,16880,72
2023/7/10,2023,7,10,1,22,16180,70
2023/7/10,2023,7,10,1,23,14963,69
2023/7/10,2023,7,10,1,24,13656,68
2023/7/11,2023,7,11,2,1,12660,68
2023/7/11,2023,7,11,2,2,11956,67
2023/7/11,2023,7,11,2,3,11543,67
2023/7/11,2023,7,11,2,4,11246,67
2023/7/11,2023,7,11,2,5,11412,66
2023/7/11,2023,7,11,2,6,11854,66
2023/7/11,2023,7,11,2,7,12873,66
2023/7/11,2023,7,11,2,8,13950,67
2023/7/11,2023,7,11,2,9,14619,70
2023/7/11,2023,7,11,2,10,15056,72
2023/7/11,2023,7,11,2,11,15570,75
2023/7/11,2023,7,11,2,12,16159,78
2023/7/11,2023,7,11,2,13,16807,81
2023/7/11,2023,7,11,2,14,17581,83
2023/7/11,2023,7,11,2,15,18401,84
2023/7/11,2023,7,11,2,16,19292,85
2023/7/11,2023,7,11,2,17,20210,86
2023/7/11,2023,7,11,2,18,20783,86
2023/7/11,2023,7,11,2,19,20944,86
2023/7/11,2023,7,11,2,20,20511,84
2023/7/11,2023,7,11,2,21,19927,81
2023/7/11,2023,7,11,2,22,18941,79
2023/7/11,2023,7,11,2,23,17289,77
2023/7/11,2023,7,11,2,24,15650,75
2023/7/12,2023,7,12,3,1,14434,75
2023/7/12,2023,7,12,3,2,13536,73
2023/7/12,2023,7,12,3,3,12928,71
2023/7/12,2023,7,12,3,4,12615,71
2023/7/12,2023,7,12,3,5,12598,70
2023/7/12,2023,7,12,3,6,13009,69
2023/7/12,2023,7,12,3,7,14063,70
2023/7/12,2023,7,12,3,8,15289,72
2023/7/12,2023,7,12,3,9,16294,76
2023/7/12,2023,7,12,3,10,17097,79
2023/7/12,2023,7,12,3,11,17924,82
2023/7/12,2023,7,12,3,12,18796,83
2023/7/12,2023,7,12,3,13,19650,84
2023/7/12,2023,7,12,3,14,20528,86
2023/7/12,2023,7,12,3,15,21243,87
2023/7/12,2023,7,12,3,16,21829,87
2023/7/12,2023,7,12,3,17,21996,87
2023/7/12,2023,7,12,3,18,21922,87
2023/7/12,2023,7,12,3,19,21597,85
2023/7/12,2023,7,12,3,20,21184,83
2023/7/12,2023,7,12,3,21,20695,80
2023/7/12,2023,7,12,3,22,19658,77
2023/7/12,2023,7,12,3,23,17895,76
2023/7/12,2023,7,12,3,24,16176,74
2023/7/13,2023,7,13,4,1,14900,73
2023/7/13,2023,7,13,4,2,14024,71
2023/7/13,2023,7,13,4,3,13419,71
2023/7/13,2023,7,13,4,4,13047,70
2023/7/13,2023,7,13,4,5,13031,69
2023/7/13,2023,7,13,4,6,13467,68
2023/7/13,2023,7,13,4,7,14517,69
2023/7/13,2023,7,13,4,8,15773,71
2023/7/13,2023,7,13,4,9,16753,73
2023/7/13,2023,7,13,4,10,17618,76
2023/7/13,2023,7,13,4,11,18563,78
2023/7/13,2023,7,13,4,12,19520,81
2023/7/13,2023,7,13,4,13,20145,83
2023/7/13,2023,7,13,4,14,20695,85
2023/7/13,2023,7,13,4,15,20828,86
2023/7/13,2023,7,13,4,16,21178,85
2023/7/13,2023,7,13,4,17,21712,85
2023/7/13,2023,7,13,4,18,21780,84
2023/7/13,2023,7,13,4,19,21643,83
2023/7/13,2023,7,13,4,20,21007,81
2023/7/13,2023,7,13,4,21,20389,78
2023/7/13,2023,7,13,4,22,19452,77
2023/7/13,2023,7,13,4,23,17964,76
2023/7/13,2023,7,13,4,24,16382,73
2023/7/14,2023,7,14,5,1,15002,71
2023/7/14,2023,7,14,5,2,14026,70
2023/7/14,2023,7,14,5,3,13380,68
2023/7/14,2023,7,14,5,4,12995,68
2023/7/14,2023,7,14,5,5,12956,68
2023/7/14,2023,7,14,5,6,13349,68
2023/7/14,2023,7,14,5,7,14196,67
2023/7/14,2023,7,14,5,8,15137,68
2023/7/14,2023,7,14,5,9,16072,70
2023/7/14,2023,7,14,5,10,16802,72
2023/7/14,2023,7,14,5,11,17355,72
2023/7/14,2023,7,14,5,12,17553,73
2023/7/14,2023,7,14,5,13,17361,73
2023/7/14,2023,7,14,5,14,17487,74
2023/7/14,2023,7,14,5,15,17611,76
2023/7/14,2023,7,14,5,16,17854,77
2023/7/14,2023,7,14,5,17,18518,79
2023/7/14,2023,7,14,5,18,19140,79
2023/7/14,2023,7,14,5,19,19113,79
2023/7/14,2023,7,14,5,20,18730,78
2023/7/14,2023,7,14,5,21,18304,76
2023/7/14,2023,7,14,5,22,17649,75
2023/7/14,2023,7,14,5,23,16476,74
2023/7/14,2023,7,14,5,24,15261,73
2023/7/15,2023,7,15,6,1,14265,73
2023/7/15,2023,7,15,6,2,13612,73
2023/7/15,2023,7,15,6,3,13152,72
2023/7/15,2023,7,15,6,4,12879,72
2023/7/15,2023,7,15,6,5,12783,72
2023/7/15,2023,7,15,6,6,12888,72
2023/7/15,2023,7,15,6,7,13288,72
2023/7/15,2023,7,15,6,8,13990,72
2023/7/15,2023,7,15,6,9,15041,74
2023/7/15,2023,7,15,6,10,16018,76
2023/7/15,2023,7,15,6,11,16767,78
2023/7/15,2023,7,15,6,12,17489,80
2023/7/15,2023,7,15,6,13,18005,82
2023/7/15,2023,7,15,6,14,18612,83
2023/7/15,2023,7,15,6,15,19224,84
2023/7/15,2023,7,15,6,16,19847,85
2023/7/15,2023,7,15,6,17,20342,84
2023/7/15,2023,7,15,6,18,20552,84
2023/7/15,2023,7,15,6,19,20461,82
2023/7/15,2023,7,15,6,20,20079,81
2023/7/15,2023,7,15,6,21,19641,79
2023/7/15,2023,7,15,6,22,18957,78
2023/7/15,2023,7,15,6,23,17756,77
2023/7/15,2023,7,15,6,24,16489,76
2023/7/16,2023,7,16,7,1,15551,76
2023/7/16,2023,7,16,7,2,14875,76
2023/7/16,2023,7,16,7,3,14387,75
2023/7/16,2023,7,16,7,4,14085,76
2023/7/16,2023,7,16,7,5,13953,75
2023/7/16,2023,7,16,7,6,13948,75
2023/7/16,2023,7,16,7,7,14187,75
2023/7/16,2023,7,16,7,8,14810,75
2023/7/16,2023,7,16,7,9,15675,75
2023/7/16,2023,7,16,7,10,16526,76
2023/7/16,2023,7,16,7,11,17044,75
2023/7/16,2023,7,16,7,12,17344,75
2023/7/16,2023,7,16,7,13,17425,74
2023/7/16,2023,7,16,7,14,17335,75
2023/7/16,2023,7,16,7,15,17292,76
2023/7/16,2023,7,16,7,16,17520,76
2023/7/16,2023,7,16,7,17,17957,76
2023/7/16,2023,7,16,7,18,18294,76
2023/7/16,2023,7,16,7,19,18204,75
2023/7/16,2023,7,16,7,20,17881,74
2023/7/16,2023,7,16,7,21,17551,74
2023/7/16,2023,7,16,7,22,16952,74
2023/7/16,2023,7,16,7,23,15936,73
2023/7/16,2023,7,16,7,24,14851,73
2023/7/17,2023,7,17,1,1,14034,73
2023/7/17,2023,7,17,1,2,13457,73
2023/7/17,2023,7,17,1,3,13099,73
2023/7/17,2023,7,17,1,4,12931,73
2023/7/17,2023,7,17,1,5,13141,73
2023/7/17,2023,7,17,1,6,13800,72
2023/7/17,2023,7,17,1,7,14880,72
2023/7/17,2023,7,17,1,8,16139,73
2023/7/17,2023,7,17,1,9,17045,75
2023/7/17,2023,7,17,1,10,17618,77
2023/7/17,2023,7,17,1,11,18255,79
2023/7/17,2023,7,17,1,12,18917,82
2023/7/17,2023,7,17,1,13,19642,83
2023/7/17,2023,7,17,1,14,20384,85
2023/7/17,2023,7,17,1,15,21041,85
2023/7/17,2023,7,17,1,16,21612,86
2023/7/17,2023,7,17,1,17,21892,86
2023/7/17,2023,7,17,1,18,22049,85
2023/7/17,2023,7,17,1,19,21858,85
2023/7/17,2023,7,17,1,20,21484,83
2023/7/17,2023,7,17,1,21,20956,80
2023/7/17,2023,7,17,1,22,19947,77
2023/7/17,2023,7,17,1,23,18214,76
2023/7/17,2023,7,17,1,24,16544,75
2023/7/18,2023,7,18,2,1,15322,74
2023/7/18,2023,7,18,2,2,14468,73
2023/7/18,2023,7,18,2,3,13887,72
2023/7/18,2023,7,18,2,4,13561,71
2023/7/18,2023,7,18,2,5,13598,71
2023/7/18,2023,7,18,2,6,14141,71
2023/7/18,2023,7,18,2,7,15202,71
2023/7/18,2023,7,18,2,8,16329,72
2023/7/18,2023,7,18,2,9,17077,73
2023/7/18,2023,7,18,2,10,17690,75
2023/7/18,2023,7,18,2,11,18209,77
2023/7/18,2023,7,18,2,12,18867,79
2023/7/18,2023,7,18,2,13,19738,81
2023/7/18,2023,7,18,2,14,20463,83
2023/7/18,2023,7,18,2,15,20720,82
2023/7/18,2023,7,18,2,16,20743,78
2023/7/18,2023,7,18,2,17,20811,77
2023/7/18,2023,7,18,2,18,20741,75
2023/7/18,2023,7,18,2,19,20187,76
2023/7/18,2023,7,18,2,20,19826,76
2023/7/18,2023,7,18,2,21,19356,75
2023/7/18,2023,7,18,2,22,18496,74
2023/7/18,2023,7,18,2,23,17085,73
2023/7/18,2023,7,18,2,24,15616,73
2023/7/19,2023,7,19,3,1,14542,72
2023/7/19,2023,7,19,3,2,13819,72
2023/7/19,2023,7,19,3,3,13314,71
2023/7/19,2023,7,19,3,4,13013,71
2023/7/19,2023,7,19,3,5,13015,70
2023/7/19,2023,7,19,3,6,13513,69
2023/7/19,2023,7,19,3,7,14498,69
2023/7/19,2023,7,19,3,8,15611,70
2023/7/19,2023,7,19,3,9,16249,72
2023/7/19,2023,7,19,3,10,16755,74
2023/7/19,2023,7,19,3,11,17333,76
2023/7/19,2023,7,19,3,12,17785,77
2023/7/19,2023,7,19,3,13,17983,78
2023/7/19,2023,7,19,3,14,18366,80
2023/7/19,2023,7,19,3,15,18764,81
2023/7/19,2023,7,19,3,16,19329,82
2023/7/19,2023,7,19,3,17,19881,83
2023/7/19,2023,7,19,3,18,20152,82
2023/7/19,2023,7,19,3,19,20102,83
2023/7/19,2023,7,19,3,20,19662,81
2023/7/19,2023,7,19,3,21,19194,79
2023/7/19,2023,7,19,3,22,18334,76
2023/7/19,2023,7,19,3,23,16824,74
2023/7/19,2023,7,19,3,24,15266,73
2023/7/20,2023,7,20,4,1,14059,71
2023/7/20,2023,7,20,4,2,13200,70
2023/7/20,2023,7,20,4,3,12598,69
2023/7/20,2023,7,20,4,4,12244,68
2023/7/20,2023,7,20,4,5,12242,67
2023/7/20,2023,7,20,4,6,12635,67
2023/7/20,2023,7,20,4,7,13562,66
2023/7/20,2023,7,20,4,8,14619,68
2023/7/20,2023,7,20,4,9,15251,71
2023/7/20,2023,7,20,4,10,15673,74
2023/7/20,2023,7,20,4,11,16216,77
2023/7/20,2023,7,20,4,12,16784,78
2023/7/20,2023,7,20,4,13,17395,79
2023/7/20,2023,7,20,4,14,18147,80
2023/7/20,2023,7,20,4,15,18753,80
2023/7/20,2023,7,20,4,16,19332,81
2023/7/20,2023,7,20,4,17,19936,82
2023/7/20,2023,7,20,4,18,20277,81
2023/7/20,2023,7,20,4,19,20110,81
2023/7/20,2023,7,20,4,20,19541,79
2023/7/20,2023,7,20,4,21,18891,77
2023/7/20,2023,7,20,4,22,17990,74
2023/7/20,2023,7,20,4,23,16427,73
2023/7/20,2023,7,20,4,24,14918,71
2023/7/21,2023,7,21,5,1,13769,70
2023/7/21,2023,7,21,5,2,13075,69
2023/7/21,2023,7,21,5,3,12467,68
2023/7/21,2023,7,21,5,4,12188,67
2023/7/21,2023,7,21,5,5,12263,67
2023/7/21,2023,7,21,5,6,12717,67
2023/7/21,2023,7,21,5,7,13693,67
2023/7/21,2023,7,21,5,8,14911,68
2023/7/21,2023,7,21,5,9,15803,69
2023/7/21,2023,7,21,5,10,16387,70
2023/7/21,2023,7,21,5,11,16765,71
2023/7/21,2023,7,21,5,12,17059,72
2023/7/21,2023,7,21,5,13,17108,73
2023/7/21,2023,7,21,5,14,17402,75
2023/7/21,2023,7,21,5,15,17805,74
2023/7/21,2023,7,21,5,16,17952,75
2023/7/21,2023,7,21,5,17,18230,76
2023/7/21,2023,7,21,5,18,18330,74
2023/7/21,2023,7,21,5,19,17864,72
2023/7/21,2023,7,21,5,20,17231,71
2023/7/21,2023,7,21,5,21,16784,70
2023/7/21,2023,7,21,5,22,16003,69
2023/7/21,2023,7,21,5,23,14929,67
2023/7/21,2023,7,21,5,24,13796,67
2023/7/22,2023,7,22,6,1,12879,66
2023/7/22,2023,7,22,6,2,12256,66
2023/7/22,2023,7,22,6,3,11740,65
2023/7/22,2023,7,22,6,4,11427,65
2023/7/22,2023,7,22,6,5,11327,64
2023/7/22,2023,7,22,6,6,11388,65
2023/7/22,2023,7,22,6,7,11640,64
2023/7/22,2023,7,22,6,8,12317,65
2023/7/22,2023,7,22,6,9,13051,67
2023/7/22,2023,7,22,6,10,13587,69
2023/7/22,2023,7,22,6,11,14076,72
2023/7/22,2023,7,22,6,12,14382,73
2023/7/22,2023,7,22,6,13,14735,75
2023/7/22,2023,7,22,6,14,15128,77
2023/7/22,2023,7,22,6,15,15623,78
2023/7/22,2023,7,22,6,16,16284,78
2023/7/22,2023,7,22,6,17,16984,79
2023/7/22,2023,7,22,6,18,17616,79
2023/7/22,2023,7,22,6,19,17687,78
2023/7/22,2023,7,22,6,20,17268,78
2023/7/22,2023,7,22,6,21,16781,75
2023/7/22,2023,7,22,6,22,16133,72
2023/7/22,2023,7,22,6,23,14986,70
2023/7/22,2023,7,22,6,24,13789,69
2023/7/23,2023,7,23,7,1,12792,69
2023/7/23,2023,7,23,7,2,12085,67
2023/7/23,2023,7,23,7,3,11515,66
2023/7/23,2023,7,23,7,4,11182,65
2023/7/23,2023,7,23,7,5,11051,64
2023/7/23,2023,7,23,7,6,10901,64
2023/7/23,2023,7,23,7,7,11058,65
2023/7/23,2023,7,23,7,8,11544,67
2023/7/23,2023,7,23,7,9,12256,70
2023/7/23,2023,7,23,7,10,12955,74
2023/7/23,2023,7,23,7,11,13634,76
2023/7/23,2023,7,23,7,12,14210,78
2023/7/23,2023,7,23,7,13,14836,81
2023/7/23,2023,7,23,7,14,15436,82
2023/7/23,2023,7,23,7,15,16119,83
2023/7/23,2023,7,23,7,16,16956,83
2023/7/23,2023,7,23,7,17,17899,83
2023/7/23,2023,7,23,7,18,18787,83
2023/7/23,2023,7,23,7,19,19067,82
2023/7/23,2023,7,23,7,20,18615,80
2023/7/23,2023,7,23,7,21,18025,77
2023/7/23,2023,7,23,7,22,17179,74
2023/7/23,2023,7,23,7,23,15774,73
2023/7/23,2023,7,23,7,24,14410,72
2023/7/24,2023,7,24,1,1,13340,71
2023/7/24,2023,7,24,1,2,12613,70
2023/7/24,2023,7,24,1,3,12090,69
2023/7/24,2023,7,24,1,4,11865,69
2023/7/24,2023,7,24,1,5,11908,69
2023/7/24,2023,7,24,1,6,12445,67
2023/7/24,2023,7,24,1,7,13402,66
2023/7/24,2023,7,24,1,8,14591,69
2023/7/24,2023,7,24,1,9,15452,72
2023/7/24,2023,7,24,1,10,16146,76
2023/7/24,2023,7,24,1,11,16902,78
2023/7/24,2023,7,24,1,12,17772,80
2023/7/24,2023,7,24,1,13,18506,82
2023/7/24,2023,7,24,1,14,19268,82
2023/7/24,2023,7,24,1,15,19882,84
2023/7/24,2023,7,24,1,16,20399,83
2023/7/24,2023,7,24,1,17,20954,83
2023/7/24,2023,7,24,1,18,21137,82
2023/7/24,2023,7,24,1,19,20843,81
2023/7/24,2023,7,24,1,20,20109,79
2023/7/24,2023,7,24,1,21,19375,77
2023/7/24,2023,7,24,1,22,18312,75
2023/7/24,2023,7,24,1,23,16739,73
2023/7/24,2023,7,24,1,24,15247,72
2023/7/25,2023,7,25,2,1,14125,71
2023/7/25,2023,7,25,2,2,13363,70
2023/7/25,2023,7,25,2,3,12871,69
2023/7/25,2023,7,25,2,4,12678,69
2023/7/25,2023,7,25,2,5,12704,69
2023/7/25,2023,7,25,2,6,13109,69
2023/7/25,2023,7,25,2,7,14275,69
2023/7/25,2023,7,25,2,8,15528,71
2023/7/25,2023,7,25,2,9,16409,73
2023/7/25,2023,7,25,2,10,17025,76
2023/7/25,2023,7,25,2,11,17820,78
2023/7/25,2023,7,25,2,12,18434,80
2023/7/25,2023,7,25,2,13,19175,81
2023/7/25,2023,7,25,2,14,19960,83
2023/7/25,2023,7,25,2,15,20556,82
2023/7/25,2023,7,25,2,16,20717,81
2023/7/25,2023,7,25,2,17,20561,74
2023/7/25,2023,7,25,2,18,19977,72
2023/7/25,2023,7,25,2,19,19121,71
2023/7/25,2023,7,25,2,20,18456,71
2023/7/25,2023,7,25,2,21,17865,70
2023/7/25,2023,7,25,2,22,16968,69
2023/7/25,2023,7,25,2,23,15648,69
2023/7/25,2023,7,25,2,24,14360,69
2023/7/26,2023,7,26,3,1,13404,69
2023/7/26,2023,7,26,3,2,12724,68
2023/7/26,2023,7,26,3,3,12261,67
2023/7/26,2023,7,26,3,4,11997,67
2023/7/26,2023,7,26,3,5,12050,66
2023/7/26,2023,7,26,3,6,12540,66
2023/7/26,2023,7,26,3,7,13399,65
2023/7/26,2023,7,26,3,8,14601,67
2023/7/26,2023,7,26,3,9,15331,69
2023/7/26,2023,7,26,3,10,15879,73
2023/7/26,2023,7,26,3,11,16662,75
2023/7/26,2023,7,26,3,12,17409,79
2023/7/26,2023,7,26,3,13,18222,81
2023/7/26,2023,7,26,3,14,19060,83
2023/7/26,2023,7,26,3,15,19875,84
2023/7/26,2023,7,26,3,16,20726,85
2023/7/26,2023,7,26,3,17,21478,86
2023/7/26,2023,7,26,3,18,21723,86
2023/7/26,2023,7,26,3,19,21616,84
2023/7/26,2023,7,26,3,20,21071,83
2023/7/26,2023,7,26,3,21,20554,80
2023/7/26,2023,7,26,3,22,19476,78
2023/7/26,2023,7,26,3,23,17836,76
2023/7/26,2023,7,26,3,24,16277,75
2023/7/27,2023,7,27,4,1,15066,74
2023/7/27,2023,7,27,4,2,14259,73
2023/7/27,2023,7,27,4,3,13711,73
2023/7/27,2023,7,27,4,4,13432,72
2023/7/27,2023,7,27,4,5,13344,71
2023/7/27,2023,7,27,4,6,13952,70
2023/7/27,2023,7,27,4,7,14998,71
2023/7/27,2023,7,27,4,8,16265,72
2023/7/27,2023,7,27,4,9,17275,74
2023/7/27,2023,7,27,4,10,18168,76
2023/7/27,2023,7,27,4,11,19100,78
2023/7/27,2023,7,27,4,12,19782,80
2023/7/27,2023,7,27,4,13,20278,81
2023/7/27,2023,7,27,4,14,20992,84
2023/7/27,2023,7,27,4,15,21771,86
2023/7/27,2023,7,27,4,16,22493,87
2023/7/27,2023,7,27,4,17,22647,86
2023/7/27,2023,7,27,4,18,22573,83
2023/7/27,2023,7,27,4,19,21746,79
2023/7/27,2023,7,27,4,20,20791,75
2023/7/27,2023,7,27,4,21,20073,75
2023/7/27,2023,7,27,4,22,18838,74
2023/7/27,2023,7,27,4,23,17475,74
2023/7/27,2023,7,27,4,24,16143,74
2023/7/28,2023,7,28,5,1,15114,73
2023/7/28,2023,7,28,5,2,14370,73
2023/7/28,2023,7,28,5,3,13827,73
2023/7/28,2023,7,28,5,4,13520,72
2023/7/28,2023,7,28,5,5,13545,72
2023/7/28,2023,7,28,5,6,14025,71
2023/7/28,2023,7,28,5,7,15031,71
2023/7/28,2023,7,28,5,8,16333,73
2023/7/28,2023,7,28,5,9,17240,76
2023/7/28,2023,7,28,5,10,17952,79
2023/7/28,2023,7,28,5,11,18711,81
2023/7/28,2023,7,28,5,12,19501,81
2023/7/28,2023,7,28,5,13,20236,82
2023/7/28,2023,7,28,5,14,20982,84
2023/7/28,2023,7,28,5,15,21632,85
2023/7/28,2023,7,28,5,16,22168,86
2023/7/28,2023,7,28,5,17,22435,87
2023/7/28,2023,7,28,5,18,22807,88
2023/7/28,2023,7,28,5,19,22629,88
2023/7/28,2023,7,28,5,20,22168,86
2023/7/28,2023,7,28,5,21,21547,83
2023/7/28,2023,7,28,5,22,20550,81
2023/7/28,2023,7,28,5,23,19039,79
2023/7/28,2023,7,28,5,24,17551,78
2023/7/29,2023,7,29,6,1,16326,77
2023/7/29,2023,7,29,6,2,15378,77
2023/7/29,2023,7,29,6,3,14665,75
2023/7/29,2023,7,29,6,4,14218,74
2023/7/29,2023,7,29,6,5,14015,74
2023/7/29,2023,7,29,6,6,14078,74
2023/7/29,2023,7,29,6,7,14394,74
2023/7/29,2023,7,29,6,8,15151,75
2023/7/29,2023,7,29,6,9,16080,77
2023/7/29,2023,7,29,6,10,16935,79
2023/7/29,2023,7,29,6,11,17918,81
2023/7/29,2023,7,29,6,12,18920,82
2023/7/29,2023,7,29,6,13,19697,83
2023/7/29,2023,7,29,6,14,19943,82
2023/7/29,2023,7,29,6,15,19884,81
2023/7/29,2023,7,29,6,16,20180,81
2023/7/29,2023,7,29,6,17,20331,80
2023/7/29,2023,7,29,6,18,20294,77
2023/7/29,2023,7,29,6,19,20042,77
2023/7/29,2023,7,29,6,20,19260,75
2023/7/29,2023,7,29,6,21,18222,71
2023/7/29,2023,7,29,6,22,17024,68
2023/7/29,2023,7,29,6,23,15518,67
2023/7/29,2023,7,29,6,24,14129,66
2023/7/30,2023,7,30,7,1,13011,64
2023/7/30,2023,7,30,7,2,12240,64
2023/7/30,2023,7,30,7,3,11692,64
2023/7/30,2023,7,30,7,4,11244,63
2023/7/30,2023,7,30,7,5,10954,61
2023/7/30,2023,7,30,7,6,10796,60
2023/7/30,2023,7,30,7,7,10828,59
2023/7/30,2023,7,30,7,8,11158,61
2023/7/30,2023,7,30,7,9,11528,63
2023/7/30,2023,7,30,7,10,11771,65
2023/7/30,2023,7,30,7,11,12019,68
2023/7/30,2023,7,30,7,12,12311,69
2023/7/30,2023,7,30,7,13,12391,70
2023/7/30,2023,7,30,7,14,12488,72
2023/7/30,2023,7,30,7,15,12796,74
2023/7/30,2023,7,30,7,16,13436,75
2023/7/30,2023,7,30,7,17,14431,76
2023/7/30,2023,7,30,7,18,15413,77
2023/7/30,2023,7,30,7,19,15836,76
2023/7/30,2023,7,30,7,20,15577,75
2023/7/30,2023,7,30,7,21,15269,72
2023/7/30,2023,7,30,7,22,14601,68
2023/7/30,2023,7,30,7,23,13440,66
2023/7/30,2023,7,30,7,24,12294,65
2023/7/31,2023,7,31,1,1,11491,64
2023/7/31,2023,7,31,1,2,10940,62
2023/7/31,2023,7,31,1,3,10563,61
2023/7/31,2023,7,31,1,4,10410,61
2023/7/31,2023,7,31,1,5,10572,60
2023/7/31,2023,7,31,1,6,11110,60
2023/7/31,2023,7,31,1,7,12005,60
2023/7/31,2023,7,31,1,8,12966,61
2023/7/31,2023,7,31,1,9,13543,66
2023/7/31,2023,7,31,1,10,13879,70
2023/7/31,2023,7,31,1,11,14188,72
2023/7/31,2023,7,31,1,12,14527,75
2023/7/31,2023,7,31,1,13,14985,77
2023/7/31,2023,7,31,1,14,15534,77
2023/7/31,2023,7,31,1,15,16039,78
2023/7/31,2023,7,31,1,16,16539,79
2023/7/31,2023,7,31,1,17,17163,78
2023/7/31,2023,7,31,1,18,17644,77
2023/7/31,2023,7,31,1,19,17465,73
2023/7/31,2023,7,31,1,20,16939,73
2023/7/31,2023,7,31,1,21,16485,71
2023/7/31,2023,7,31,1,22,15638,70
2023/7/31,2023,7,31,1,23,14357,68
2023/7/31,2023,7,31,1,24,13119,68
2023/8/1,2023,8,1,2,1,12206,66
2023/8/1,2023,8,1,2,2,11560,65
2023/8/1,2023,8,1,2,3,11114,64
2023/8/1,2023,8,1,2,4,10896,63
2023/8/1,2023,8,1,2,5,10970,62
2023/8/1,2023,8,1,2,6,11435,61
2023/8/1,2023,8,1,2,7,12301,60
2023/8/1,2023,8,1,2,8,13143,62
2023/8/1,2023,8,1,2,9,13410,65
2023/8/1,2023,8,1,2,10,13421,68
2023/8/1,2023,8,1,2,11,13521,70
2023/8/1,2023,8,1,2,12,13801,72
2023/8/1,2023,8,1,2,13,14161,73
2023/8/1,2023,8,1,2,14,14513,73
2023/8/1,2023,8,1,2,15,14810,74
2023/8/1,2023,8,1,2,16,15177,75
2023/8/1,2023,8,1,2,17,15692,74
2023/8/1,2023,8,1,2,18,16178,74
2023/8/1,2023,8,1,2,19,16208,74
2023/8/1,2023,8,1,2,20,15814,72
2023/8/1,2023,8,1,2,21,15382,70
2023/8/1,2023,8,1,2,22,14538,67
2023/8/1,2023,8,1,2,23,13306,65
2023/8/1,2023,8,1,2,24,12129,63
2023/8/2,2023,8,2,3,1,11248,61
2023/8/2,2023,8,2,3,2,10678,59
2023/8/2,2023,8,2,3,3,10289,58
2023/8/2,2023,8,2,3,4,10108,57
2023/8/2,2023,8,2,3,5,10219,56
2023/8/2,2023,8,2,3,6,10718,56
2023/8/2,2023,8,2,3,7,11578,55
2023/8/2,2023,8,2,3,8,12367,57
2023/8/2,2023,8,2,3,9,12676,61
2023/8/2,2023,8,2,3,10,12696,66
2023/8/2,2023,8,2,3,11,12806,68
2023/8/2,2023,8,2,3,12,13068,70
2023/8/2,2023,8,2,3,13,13396,71
2023/8/2,2023,8,2,3,14,13773,72
2023/8/2,2023,8,2,3,15,14061,73
2023/8/2,2023,8,2,3,16,14484,73
2023/8/2,2023,8,2,3,17,15090,75
2023/8/2,2023,8,2,3,18,15776,74
2023/8/2,2023,8,2,3,19,15988,74
2023/8/2,2023,8,2,3,20,15653,73
2023/8/2,2023,8,2,3,21,15297,70
2023/8/2,2023,8,2,3,22,14505,66
2023/8/2,2023,8,2,3,23,13303,65
2023/8/2,2023,8,2,3,24,12170,63
2023/8/3,2023,8,3,4,1,11333,63
2023/8/3,2023,8,3,4,2,10808,62
2023/8/3,2023,8,3,4,3,10465,61
2023/8/3,2023,8,3,4,4,10281,60
2023/8/3,2023,8,3,4,5,10410,60
2023/8/3,2023,8,3,4,6,10914,59
2023/8/3,2023,8,3,4,7,11780,59
2023/8/3,2023,8,3,4,8,12687,61
2023/8/3,2023,8,3,4,9,13206,64
2023/8/3,2023,8,3,4,10,13433,68
2023/8/3,2023,8,3,4,11,13687,71
2023/8/3,2023,8,3,4,12,14113,74
2023/8/3,2023,8,3,4,13,14505,76
2023/8/3,2023,8,3,4,14,15050,77
2023/8/3,2023,8,3,4,15,15542,78
2023/8/3,2023,8,3,4,16,16009,78
2023/8/3,2023,8,3,4,17,16495,77
2023/8/3,2023,8,3,4,18,16726,76
2023/8/3,2023,8,3,4,19,16413,74
2023/8/3,2023,8,3,4,20,15998,72
2023/8/3,2023,8,3,4,21,15750,71
2023/8/3,2023,8,3,4,22,15041,69
2023/8/3,2023,8,3,4,23,13906,68
2023/8/3,2023,8,3,4,24,12820,68
2023/8/4,2023,8,4,5,1,12008,67
2023/8/4,2023,8,4,5,2,11455,67
2023/8/4,2023,8,4,5,3,11134,66
2023/8/4,2023,8,4,5,4,11011,66
2023/8/4,2023,8,4,5,5,11170,66
2023/8/4,2023,8,4,5,6,11765,66
2023/8/4,2023,8,4,5,7,12678,67
2023/8/4,2023,8,4,5,8,13658,67
2023/8/4,2023,8,4,5,9,14431,68
2023/8/4,2023,8,4,5,10,14900,69
2023/8/4,2023,8,4,5,11,15303,71
2023/8/4,2023,8,4,5,12,15629,72
2023/8/4,2023,8,4,5,13,15882,73
2023/8/4,2023,8,4,5,14,16043,74
2023/8/4,2023,8,4,5,15,16094,75
2023/8/4,2023,8,4,5,16,16232,74
2023/8/4,2023,8,4,5,17,16500,75
2023/8/4,2023,8,4,5,18,16645,74
2023/8/4,2023,8,4,5,19,16363,73
2023/8/4,2023,8,4,5,20,16070,72
2023/8/4,2023,8,4,5,21,15832,71
2023/8/4,2023,8,4,5,22,15190,70
2023/8/4,2023,8,4,5,23,14228,70
2023/8/4,2023,8,4,5,24,13253,70
2023/8/5,2023,8,5,6,1,12438,69
2023/8/5,2023,8,5,6,2,11815,69
2023/8/5,2023,8,5,6,3,11407,67
2023/8/5,2023,8,5,6,4,11175,67
2023/8/5,2023,8,5,6,5,11091,67
2023/8/5,2023,8,5,6,6,11185,66
2023/8/5,2023,8,5,6,7,11479,66
2023/8/5,2023,8,5,6,8,12117,66
2023/8/5,2023,8,5,6,9,12821,68
2023/8/5,2023,8,5,6,10,13312,71
2023/8/5,2023,8,5,6,11,13750,74
2023/8/5,2023,8,5,6,12,14174,75
2023/8/5,2023,8,5,6,13,14573,77
2023/8/5,2023,8,5,6,14,15008,78
2023/8/5,2023,8,5,6,15,15505,79
2023/8/5,2023,8,5,6,16,16059,79
2023/8/5,2023,8,5,6,17,16646,79
2023/8/5,2023,8,5,6,18,17078,78
2023/8/5,2023,8,5,6,19,17019,78
2023/8/5,2023,8,5,6,20,16595,76
2023/8/5,2023,8,5,6,21,16255,73
2023/8/5,2023,8,5,6,22,15470,71
2023/8/5,2023,8,5,6,23,14347,69
2023/8/5,2023,8,5,6,24,13173,68
2023/8/6,2023,8,6,7,1,12228,68
2023/8/6,2023,8,6,7,2,11462,67
2023/8/6,2023,8,6,7,3,10931,65
2023/8/6,2023,8,6,7,4,10568,64
2023/8/6,2023,8,6,7,5,10364,64
2023/8/6,2023,8,6,7,6,10339,62
2023/8/6,2023,8,6,7,7,10467,62
2023/8/6,2023,8,6,7,8,10926,63
2023/8/6,2023,8,6,7,9,11483,67
2023/8/6,2023,8,6,7,10,11915,71
2023/8/6,2023,8,6,7,11,12344,74
2023/8/6,2023,8,6,7,12,12853,76
2023/8/6,2023,8,6,7,13,13475,77
2023/8/6,2023,8,6,7,14,14017,79
2023/8/6,2023,8,6,7,15,14631,80
2023/8/6,2023,8,6,7,16,15365,81
2023/8/6,2023,8,6,7,17,16329,81
2023/8/6,2023,8,6,7,18,17215,81
2023/8/6,2023,8,6,7,19,17441,81
2023/8/6,2023,8,6,7,20,17027,80
2023/8/6,2023,8,6,7,21,16604,76
2023/8/6,2023,8,6,7,22,15735,72
2023/8/6,2023,8,6,7,23,14455,71
2023/8/6,2023,8,6,7,24,13224,69
2023/8/7,2023,8,7,1,1,12317,68
2023/8/7,2023,8,7,1,2,11690,67
2023/8/7,2023,8,7,1,3,11294,66
2023/8/7,2023,8,7,1,4,11123,65
2023/8/7,2023,8,7,1,5,11290,65
2023/8/7,2023,8,7,1,6,11912,65
2023/8/7,2023,8,7,1,7,12852,65
2023/8/7,2023,8,7,1,8,13954,66
2023/8/7,2023,8,7,1,9,14798,67
2023/8/7,2023,8,7,1,10,15361,68
2023/8/7,2023,8,7,1,11,15768,68
2023/8/7,2023,8,7,1,12,16080,70
2023/8/7,2023,8,7,1,13,16182,69
2023/8/7,2023,8,7,1,14,16181,70
2023/8/7,2023,8,7,1,15,16202,71
2023/8/7,2023,8,7,1,16,16171,71
2023/8/7,2023,8,7,1,17,16246,71
2023/8/7,2023,8,7,1,18,16461,70
2023/8/7,2023,8,7,1,19,16414,71
2023/8/7,2023,8,7,1,20,16259,71
2023/8/7,2023,8,7,1,21,16131,71
2023/8/7,2023,8,7,1,22,15480,70
2023/8/7,2023,8,7,1,23,14457,70
2023/8/7,2023,8,7,1,24,13481,70
2023/8/8,2023,8,8,2,1,12753,71
2023/8/8,2023,8,8,2,2,12271,71
2023/8/8,2023,8,8,2,3,11995,71
2023/8/8,2023,8,8,2,4,11916,70
2023/8/8,2023,8,8,2,5,12136,70
2023/8/8,2023,8,8,2,6,12848,70
2023/8/8,2023,8,8,2,7,13952,70
2023/8/8,2023,8,8,2,8,15081,70
2023/8/8,2023,8,8,2,9,15854,72
2023/8/8,2023,8,8,2,10,16479,73
2023/8/8,2023,8,8,2,11,16859,74
2023/8/8,2023,8,8,2,12,17139,75
2023/8/8,2023,8,8,2,13,17391,77
2023/8/8,2023,8,8,2,14,17951,77
2023/8/8,2023,8,8,2,15,18334,78
2023/8/8,2023,8,8,2,16,18586,79
2023/8/8,2023,8,8,2,17,19016,80
2023/8/8,2023,8,8,2,18,19275,79
2023/8/8,2023,8,8,2,19,18997,77
2023/8/8,2023,8,8,2,20,18378,73
2023/8/8,2023,8,8,2,21,17760,73
2023/8/8,2023,8,8,2,22,16769,72
2023/8/8,2023,8,8,2,23,15424,71
2023/8/8,2023,8,8,2,24,14163,70
2023/8/9,2023,8,9,3,1,13174,69
2023/8/9,2023,8,9,3,2,12484,69
2023/8/9,2023,8,9,3,3,12033,69
2023/8/9,2023,8,9,3,4,11830,69
2023/8/9,2023,8,9,3,5,11946,69
2023/8/9,2023,8,9,3,6,12507,69
2023/8/9,2023,8,9,3,7,13445,68
2023/8/9,2023,8,9,3,8,14417,69
2023/8/9,2023,8,9,3,9,14915,71
2023/8/9,2023,8,9,3,10,15130,73
2023/8/9,2023,8,9,3,11,15335,74
2023/8/9,2023,8,9,3,12,15567,75
2023/8/9,2023,8,9,3,13,15870,77
2023/8/9,2023,8,9,3,14,16422,80
2023/8/9,2023,8,9,3,15,16991,81
2023/8/9,2023,8,9,3,16,17555,82
2023/8/9,2023,8,9,3,17,18304,82
2023/8/9,2023,8,9,3,18,18824,82
2023/8/9,2023,8,9,3,19,18755,82
2023/8/9,2023,8,9,3,20,18302,80
2023/8/9,2023,8,9,3,21,17858,77
2023/8/9,2023,8,9,3,22,16852,74
2023/8/9,2023,8,9,3,23,15459,73
2023/8/9,2023,8,9,3,24,14122,71
2023/8/10,2023,8,10,4,1,13082,70
2023/8/10,2023,8,10,4,2,12297,69
2023/8/10,2023,8,10,4,3,11774,68
2023/8/10,2023,8,10,4,4,11468,67
2023/8/10,2023,8,10,4,5,11512,67
2023/8/10,2023,8,10,4,6,11981,66
2023/8/10,2023,8,10,4,7,12801,65
2023/8/10,2023,8,10,4,8,13806,67
2023/8/10,2023,8,10,4,9,14495,69
2023/8/10,2023,8,10,4,10,14851,72
2023/8/10,2023,8,10,4,11,15423,75
2023/8/10,2023,8,10,4,12,16136,77
2023/8/10,2023,8,10,4,13,16905,79
2023/8/10,2023,8,10,4,14,17618,80
2023/8/10,2023,8,10,4,15,17822,79
2023/8/10,2023,8,10,4,16,17958,78
2023/8/10,2023,8,10,4,17,18001,75
2023/8/10,2023,8,10,4,18,17974,74
2023/8/10,2023,8,10,4,19,17727,73
2023/8/10,2023,8,10,4,20,17441,72
2023/8/10,2023,8,10,4,21,17140,71
2023/8/10,2023,8,10,4,22,16318,70
2023/8/10,2023,8,10,4,23,15150,70
2023/8/10,2023,8,10,4,24,13966,69
2023/8/11,2023,8,11,5,1,13041,69
2023/8/11,2023,8,11,5,2,12372,68
2023/8/11,2023,8,11,5,3,11912,68
2023/8/11,2023,8,11,5,4,11612,67
2023/8/11,2023,8,11,5,5,11609,65
2023/8/11,2023,8,11,5,6,12043,65
2023/8/11,2023,8,11,5,7,12823,64
2023/8/11,2023,8,11,5,8,13698,65
2023/8/11,2023,8,11,5,9,14223,67
2023/8/11,2023,8,11,5,10,14460,70
2023/8/11,2023,8,11,5,11,14752,72
2023/8/11,2023,8,11,5,12,15212,75
2023/8/11,2023,8,11,5,13,15638,76
2023/8/11,2023,8,11,5,14,15966,78
2023/8/11,2023,8,11,5,15,16341,79
2023/8/11,2023,8,11,5,16,16808,80
2023/8/11,2023,8,11,5,17,17368,80
2023/8/11,2023,8,11,5,18,17841,80
2023/8/11,2023,8,11,5,19,17730,80
2023/8/11,2023,8,11,5,20,17105,78
2023/8/11,2023,8,11,5,21,16522,74
2023/8/11,2023,8,11,5,22,15588,71
2023/8/11,2023,8,11,5,23,14390,69
2023/8/11,2023,8,11,5,24,13197,67
2023/8/12,2023,8,12,6,1,12202,67
2023/8/12,2023,8,12,6,2,11452,65
2023/8/12,2023,8,12,6,3,10962,64
2023/8/12,2023,8,12,6,4,10655,63
2023/8/12,2023,8,12,6,5,10502,61
2023/8/12,2023,8,12,6,6,10568,60
2023/8/12,2023,8,12,6,7,10831,60
2023/8/12,2023,8,12,6,8,11385,62
2023/8/12,2023,8,12,6,9,12012,67
2023/8/12,2023,8,12,6,10,12474,70
2023/8/12,2023,8,12,6,11,12910,72
2023/8/12,2023,8,12,6,12,13497,75
2023/8/12,2023,8,12,6,13,14199,77
2023/8/12,2023,8,12,6,14,14764,78
2023/8/12,2023,8,12,6,15,15322,79
2023/8/12,2023,8,12,6,16,15963,80
2023/8/12,2023,8,12,6,17,16605,78
2023/8/12,2023,8,12,6,18,17092,78
2023/8/12,2023,8,12,6,19,17155,78
2023/8/12,2023,8,12,6,20,16891,76
2023/8/12,2023,8,12,6,21,16641,75
2023/8/12,2023,8,12,6,22,15959,73
2023/8/12,2023,8,12,6,23,14955,72
2023/8/12,2023,8,12,6,24,13961,72
2023/8/13,2023,8,13,7,1,13163,71
2023/8/13,2023,8,13,7,2,12558,70
2023/8/13,2023,8,13,7,3,12160,70
2023/8/13,2023,8,13,7,4,11901,70
2023/8/13,2023,8,13,7,5,11802,70
2023/8/13,2023,8,13,7,6,11905,69
2023/8/13,2023,8,13,7,7,12067,69
2023/8/13,2023,8,13,7,8,12433,69
2023/8/13,2023,8,13,7,9,13133,71
2023/8/13,2023,8,13,7,10,13963,73
2023/8/13,2023,8,13,7,11,14737,75
2023/8/13,2023,8,13,7,12,15563,78
2023/8/13,2023,8,13,7,13,16333,80
2023/8/13,2023,8,13,7,14,16962,81
2023/8/13,2023,8,13,7,15,17661,82
2023/8/13,2023,8,13,7,16,18234,83
2023/8/13,2023,8,13,7,17,18719,83
2023/8/13,2023,8,13,7,18,19167,81
2023/8/13,2023,8,13,7,19,19131,80
2023/8/13,2023,8,13,7,20,18545,79
2023/8/13,2023,8,13,7,21,17958,76
2023/8/13,2023,8,13,7,22,16866,75
2023/8/13,2023,8,13,7,23,15416,73
2023/8/13,2023,8,13,7,24,14009,72
2023/8/14,2023,8,14,1,1,12998,70
2023/8/14,2023,8,14,1,2,12228,69
2023/8/14,2023,8,14,1,3,11744,68
2023/8/14,2023,8,14,1,4,11496,67
2023/8/14,2023,8,14,1,5,11555,68
2023/8/14,2023,8,14,1,6,12076,66
2023/8/14,2023,8,14,1,7,12956,65
2023/8/14,2023,8,14,1,8,13849,67
2023/8/14,2023,8,14,1,9,14456,68
2023/8/14,2023,8,14,1,10,14792,72
2023/8/14,2023,8,14,1,11,15211,74
2023/8/14,2023,8,14,1,12,15823,78
2023/8/14,2023,8,14,1,13,16501,79
2023/8/14,2023,8,14,1,14,17160,79
2023/8/14,2023,8,14,1,15,17675,81
2023/8/14,2023,8,14,1,16,18289,81
2023/8/14,2023,8,14,1,17,18783,81
2023/8/14,2023,8,14,1,18,19183,81
2023/8/14,2023,8,14,1,19,19027,80
2023/8/14,2023,8,14,1,20,18686,79
2023/8/14,2023,8,14,1,21,18425,77
2023/8/14,2023,8,14,1,22,17402,76
2023/8/14,2023,8,14,1,23,16044,73
2023/8/14,2023,8,14,1,24,14723,73
2023/8/15,2023,8,15,2,1,13722,73
2023/8/15,2023,8,15,2,2,13061,72
2023/8/15,2023,8,15,2,3,12608,70
2023/8/15,2023,8,15,2,4,12390,70
2023/8/15,2023,8,15,2,5,12478,69
2023/8/15,2023,8,15,2,6,13030,68
2023/8/15,2023,8,15,2,7,13984,67
2023/8/15,2023,8,15,2,8,14914,67
2023/8/15,2023,8,15,2,9,15549,67
2023/8/15,2023,8,15,2,10,15886,68
2023/8/15,2023,8,15,2,11,16166,68
2023/8/15,2023,8,15,2,12,16215,68
2023/8/15,2023,8,15,2,13,16086,68
2023/8/15,2023,8,15,2,14,16056,69
2023/8/15,2023,8,15,2,15,16067,70
2023/8/15,2023,8,15,2,16,16019,70
2023/8/15,2023,8,15,2,17,16149,70
2023/8/15,2023,8,15,2,18,16383,70
2023/8/15,2023,8,15,2,19,16307,69
2023/8/15,2023,8,15,2,20,16085,69
2023/8/15,2023,8,15,2,21,15834,68
2023/8/15,2023,8,15,2,22,15114,68
2023/8/15,2023,8,15,2,23,14048,68
2023/8/15,2023,8,15,2,24,13010,67
2023/8/16,2023,8,16,3,1,12206,67
2023/8/16,2023,8,16,3,2,11709,66
2023/8/16,2023,8,16,3,3,11378,66
2023/8/16,2023,8,16,3,4,11247,66
2023/8/16,2023,8,16,3,5,11419,66
2023/8/16,2023,8,16,3,6,12053,66
2023/8/16,2023,8,16,3,7,13058,66
2023/8/16,2023,8,16,3,8,14101,66
2023/8/16,2023,8,16,3,9,14821,67
2023/8/16,2023,8,16,3,10,15269,67
2023/8/16,2023,8,16,3,11,15552,68
2023/8/16,2023,8,16,3,12,15674,68
2023/8/16,2023,8,16,3,13,15706,69
2023/8/16,2023,8,16,3,14,15706,70
2023/8/16,2023,8,16,3,15,15769,70
2023/8/16,2023,8,16,3,16,15868,71
2023/8/16,2023,8,16,3,17,16109,71
2023/8/16,2023,8,16,3,18,16424,72
2023/8/16,2023,8,16,3,19,16451,71
2023/8/16,2023,8,16,3,20,16256,71
2023/8/16,2023,8,16,3,21,16070,70
2023/8/16,2023,8,16,3,22,15317,69
2023/8/16,2023,8,16,3,23,14231,68
2023/8/16,2023,8,16,3,24,13130,68
2023/8/17,2023,8,17,4,1,12347,68
2023/8/17,2023,8,17,4,2,11801,68
2023/8/17,2023,8,17,4,3,11446,67
2023/8/17,2023,8,17,4,4,11291,67
2023/8/17,2023,8,17,4,5,11432,67
2023/8/17,2023,8,17,4,6,12015,66
2023/8/17,2023,8,17,4,7,12967,67
2023/8/17,2023,8,17,4,8,13966,67
2023/8/17,2023,8,17,4,9,14658,68
2023/8/17,2023,8,17,4,10,15146,70
2023/8/17,2023,8,17,4,11,15474,70
2023/8/17,2023,8,17,4,12,15712,71
2023/8/17,2023,8,17,4,13,15918,72
2023/8/17,2023,8,17,4,14,16123,72
2023/8/17,2023,8,17,4,15,16137,72
2023/8/17,2023,8,17,4,16,16065,72
2023/8/17,2023,8,17,4,17,16085,71
2023/8/17,2023,8,17,4,18,16274,71
2023/8/17,2023,8,17,4,19,16161,71
2023/8/17,2023,8,17,4,20,16072,70
2023/8/17,2023,8,17,4,21,15985,70
2023/8/17,2023,8,17,4,22,15292,69
2023/8/17,2023,8,17,4,23,14278,69
2023/8/17,2023,8,17,4,24,13229,69
2023/8/18,2023,8,18,5,1,12505,68
2023/8/18,2023,8,18,5,2,11952,68
2023/8/18,2023,8,18,5,3,11630,68
2023/8/18,2023,8,18,5,4,11485,68
2023/8/18,2023,8,18,5,5,11633,68
2023/8/18,2023,8,18,5,6,12277,68
2023/8/18,2023,8,18,5,7,13235,68
2023/8/18,2023,8,18,5,8,14295,68
2023/8/18,2023,8,18,5,9,15196,68
2023/8/18,2023,8,18,5,10,15695,68
2023/8/18,2023,8,18,5,11,15786,69
2023/8/18,2023,8,18,5,12,15735,71
2023/8/18,2023,8,18,5,13,15917,74
2023/8/18,2023,8,18,5,14,16515,76
2023/8/18,2023,8,18,5,15,16829,78
2023/8/18,2023,8,18,5,16,17147,79
2023/8/18,2023,8,18,5,17,17370,77
2023/8/18,2023,8,18,5,18,17712,77
2023/8/18,2023,8,18,5,19,17468,77
2023/8/18,2023,8,18,5,20,16764,75
2023/8/18,2023,8,18,5,21,16109,72
2023/8/18,2023,8,18,5,22,15091,70
2023/8/18,2023,8,18,5,23,13886,68
2023/8/18,2023,8,18,5,24,12627,66
2023/8/19,2023,8,19,6,1,11642,65
2023/8/19,2023,8,19,6,2,10951,64
2023/8/19,2023,8,19,6,3,10483,62
2023/8/19,2023,8,19,6,4,10198,61
2023/8/19,2023,8,19,6,5,10116,61
2023/8/19,2023,8,19,6,6,10221,59
2023/8/19,2023,8,19,6,7,10501,59
2023/8/19,2023,8,19,6,8,11006,60
2023/8/19,2023,8,19,6,9,11534,63
2023/8/19,2023,8,19,6,10,11925,66
2023/8/19,2023,8,19,6,11,12334,68
2023/8/19,2023,8,19,6,12,12685,69
2023/8/19,2023,8,19,6,13,12801,70
2023/8/19,2023,8,19,6,14,12902,71
2023/8/19,2023,8,19,6,15,13093,71
2023/8/19,2023,8,19,6,16,13229,71
2023/8/19,2023,8,19,6,17,13614,72
2023/8/19,2023,8,19,6,18,14018,71
2023/8/19,2023,8,19,6,19,14089,71
2023/8/19,2023,8,19,6,20,13990,70
2023/8/19,2023,8,19,6,21,13860,69
2023/8/19,2023,8,19,6,22,13298,69
2023/8/19,2023,8,19,6,23,12502,68
2023/8/19,2023,8,19,6,24,11628,66
2023/8/20,2023,8,20,7,1,10896,65
2023/8/20,2023,8,20,7,2,10373,64
2023/8/20,2023,8,20,7,3,10017,64
2023/8/20,2023,8,20,7,4,9789,62
2023/8/20,2023,8,20,7,5,9706,63
2023/8/20,2023,8,20,7,6,9788,62
2023/8/20,2023,8,20,7,7,9963,60
2023/8/20,2023,8,20,7,8,10349,61
2023/8/20,2023,8,20,7,9,10804,65
2023/8/20,2023,8,20,7,10,11168,68
2023/8/20,2023,8,20,7,11,11484,72
2023/8/20,2023,8,20,7,12,11886,74
2023/8/20,2023,8,20,7,13,12352,76
2023/8/20,2023,8,20,7,14,12922,78
2023/8/20,2023,8,20,7,15,13679,80
2023/8/20,2023,8,20,7,16,14573,81
2023/8/20,2023,8,20,7,17,15586,81
2023/8/20,2023,8,20,7,18,16428,81
2023/8/20,2023,8,20,7,19,16644,80
2023/8/20,2023,8,20,7,20,16388,77
2023/8/20,2023,8,20,7,21,16140,75
2023/8/20,2023,8,20,7,22,15255,74
2023/8/20,2023,8,20,7,23,14070,72
2023/8/20,2023,8,20,7,24,12871,71
2023/8/21,2023,8,21,1,1,12045,69
2023/8/21,2023,8,21,1,2,11450,68
2023/8/21,2023,8,21,1,3,11074,67
2023/8/21,2023,8,21,1,4,10914,67
2023/8/21,2023,8,21,1,5,11092,67
2023/8/21,2023,8,21,1,6,11755,66
2023/8/21,2023,8,21,1,7,12712,66
2023/8/21,2023,8,21,1,8,13728,68
2023/8/21,2023,8,21,1,9,14512,69
2023/8/21,2023,8,21,1,10,15003,71
2023/8/21,2023,8,21,1,11,15437,73
2023/8/21,2023,8,21,1,12,16007,77
2023/8/21,2023,8,21,1,13,16732,80
2023/8/21,2023,8,21,1,14,17557,81
2023/8/21,2023,8,21,1,15,18277,83
2023/8/21,2023,8,21,1,16,18977,84
2023/8/21,2023,8,21,1,17,19533,83
2023/8/21,2023,8,21,1,18,19705,83
2023/8/21,2023,8,21,1,19,19595,81
2023/8/21,2023,8,21,1,20,19386,78
2023/8/21,2023,8,21,1,21,18866,76
2023/8/21,2023,8,21,1,22,17617,74
2023/8/21,2023,8,21,1,23,16093,73
2023/8/21,2023,8,21,1,24,14557,72
2023/8/22,2023,8,22,2,1,13337,70
2023/8/22,2023,8,22,2,2,12476,68
2023/8/22,2023,8,22,2,3,11888,67
2023/8/22,2023,8,22,2,4,11494,65
2023/8/22,2023,8,22,2,5,11455,64
2023/8/22,2023,8,22,2,6,11835,62
2023/8/22,2023,8,22,2,7,12527,61
2023/8/22,2023,8,22,2,8,13184,61
2023/8/22,2023,8,22,2,9,13428,63
2023/8/22,2023,8,22,2,10,13408,66
2023/8/22,2023,8,22,2,11,13471,69
2023/8/22,2023,8,22,2,12,13645,71
2023/8/22,2023,8,22,2,13,13882,73
2023/8/22,2023,8,22,2,14,14312,74
2023/8/22,2023,8,22,2,15,14791,76
2023/8/22,2023,8,22,2,16,15406,76
2023/8/22,2023,8,22,2,17,16142,76
2023/8/22,2023,8,22,2,18,16777,77
2023/8/22,2023,8,22,2,19,16790,76
2023/8/22,2023,8,22,2,20,16324,73
2023/8/22,2023,8,22,2,21,15869,70
2023/8/22,2023,8,22,2,22,14854,68
2023/8/22,2023,8,22,2,23,13570,67
2023/8/22,2023,8,22,2,24,12324,65
2023/8/23,2023,8,23,3,1,11419,63
2023/8/23,2023,8,23,3,2,10822,62
2023/8/23,2023,8,23,3,3,10418,61
2023/8/23,2023,8,23,3,4,10223,59
2023/8/23,2023,8,23,3,5,10331,59
2023/8/23,2023,8,23,3,6,10853,58
2023/8/23,2023,8,23,3,7,11679,57
2023/8/23,2023,8,23,3,8,12403,59
2023/8/23,2023,8,23,3,9,12714,62
2023/8/23,2023,8,23,3,10,12678,65
2023/8/23,2023,8,23,3,11,12737,68
2023/8/23,2023,8,23,3,12,12893,71
2023/8/23,2023,8,23,3,13,13121,72
2023/8/23,2023,8,23,3,14,13532,73
2023/8/23,2023,8,23,3,15,14044,74
2023/8/23,2023,8,23,3,16,14696,74
2023/8/23,2023,8,23,3,17,15485,75
2023/8/23,2023,8,23,3,18,16177,74
2023/8/23,2023,8,23,3,19,16252,74
2023/8/23,2023,8,23,3,20,15829,71
2023/8/23,2023,8,23,3,21,15426,68
2023/8/23,2023,8,23,3,22,14446,67
2023/8/23,2023,8,23,3,23,13236,65
2023/8/23,2023,8,23,3,24,12082,63
2023/8/24,2023,8,24,4,1,11209,62
2023/8/24,2023,8,24,4,2,10680,61
2023/8/24,2023,8,24,4,3,10321,61
2023/8/24,2023,8,24,4,4,10153,59
2023/8/24,2023,8,24,4,5,10276,58
2023/8/24,2023,8,24,4,6,10865,58
2023/8/24,2023,8,24,4,7,11737,58
2023/8/24,2023,8,24,4,8,12561,59
2023/8/24,2023,8,24,4,9,13032,62
2023/8/24,2023,8,24,4,10,13226,67
2023/8/24,2023,8,24,4,11,13499,70
2023/8/24,2023,8,24,4,12,13895,72
2023/8/24,2023,8,24,4,13,14218,74
2023/8/24,2023,8,24,4,14,14593,74
2023/8/24,2023,8,24,4,15,14928,73
2023/8/24,2023,8,24,4,16,15294,73
2023/8/24,2023,8,24,4,17,15530,73
2023/8/24,2023,8,24,4,18,15584,71
2023/8/24,2023,8,24,4,19,15375,70
2023/8/24,2023,8,24,4,20,15258,68
2023/8/24,2023,8,24,4,21,14923,66
2023/8/24,2023,8,24,4,22,14156,65
2023/8/24,2023,8,24,4,23,13131,64
2023/8/24,2023,8,24,4,24,12153,64
2023/8/25,2023,8,25,5,1,11463,64
2023/8/25,2023,8,25,5,2,10977,64
2023/8/25,2023,8,25,5,3,10693,64
2023/8/25,2023,8,25,5,4,10560,64
2023/8/25,2023,8,25,5,5,10718,63
2023/8/25,2023,8,25,5,6,11306,64
2023/8/25,2023,8,25,5,7,12343,64
2023/8/25,2023,8,25,5,8,13429,65
2023/8/25,2023,8,25,5,9,14321,65
2023/8/25,2023,8,25,5,10,14909,66
2023/8/25,2023,8,25,5,11,15258,67
2023/8/25,2023,8,25,5,12,15523,68
2023/8/25,2023,8,25,5,13,15596,68
2023/8/25,2023,8,25,5,14,15611,70
2023/8/25,2023,8,25,5,15,15522,70
2023/8/25,2023,8,25,5,16,15491,71
2023/8/25,2023,8,25,5,17,15547,71
2023/8/25,2023,8,25,5,18,15686,71
2023/8/25,2023,8,25,5,19,15587,71
2023/8/25,2023,8,25,5,20,15486,71
2023/8/25,2023,8,25,5,21,15194,70
2023/8/25,2023,8,25,5,22,14574,70
2023/8/25,2023,8,25,5,23,13729,70
2023/8/25,2023,8,25,5,24,12842,70
2023/8/26,2023,8,26,6,1,12135,70
2023/8/26,2023,8,26,6,2,11649,70
2023/8/26,2023,8,26,6,3,11340,70
2023/8/26,2023,8,26,6,4,11175,70
2023/8/26,2023,8,26,6,5,11183,70
2023/8/26,2023,8,26,6,6,11420,69
2023/8/26,2023,8,26,6,7,11836,70
2023/8/26,2023,8,26,6,8,12527,70
2023/8/26,2023,8,26,6,9,13328,71
2023/8/26,2023,8,26,6,10,13816,72
2023/8/26,2023,8,26,6,11,14064,73
2023/8/26,2023,8,26,6,12,14466,75
2023/8/26,2023,8,26,6,13,14831,78
2023/8/26,2023,8,26,6,14,15163,80
2023/8/26,2023,8,26,6,15,15660,81
2023/8/26,2023,8,26,6,16,16248,82
2023/8/26,2023,8,26,6,17,16963,81
2023/8/26,2023,8,26,6,18,17496,80
2023/8/26,2023,8,26,6,19,17504,79
2023/8/26,2023,8,26,6,20,17000,77
2023/8/26,2023,8,26,6,21,16500,73
2023/8/26,2023,8,26,6,22,15599,72
2023/8/26,2023,8,26,6,23,14473,71
2023/8/26,2023,8,26,6,24,13424,69
2023/8/27,2023,8,27,7,1,12521,68
2023/8/27,2023,8,27,7,2,11865,68
2023/8/27,2023,8,27,7,3,11331,66
2023/8/27,2023,8,27,7,4,11010,66
2023/8/27,2023,8,27,7,5,10850,65
2023/8/27,2023,8,27,7,6,10890,66
2023/8/27,2023,8,27,7,7,11035,65
2023/8/27,2023,8,27,7,8,11481,65
2023/8/27,2023,8,27,7,9,12104,67
2023/8/27,2023,8,27,7,10,12649,69
2023/8/27,2023,8,27,7,11,13079,71
2023/8/27,2023,8,27,7,12,13436,72
2023/8/27,2023,8,27,7,13,13740,74
2023/8/27,2023,8,27,7,14,14024,75
2023/8/27,2023,8,27,7,15,14378,75
2023/8/27,2023,8,27,7,16,14854,75
2023/8/27,2023,8,27,7,17,15527,75
2023/8/27,2023,8,27,7,18,16193,74
2023/8/27,2023,8,27,7,19,16296,73
2023/8/27,2023,8,27,7,20,16020,71
2023/8/27,2023,8,27,7,21,15674,69
2023/8/27,2023,8,27,7,22,14752,67
2023/8/27,2023,8,27,7,23,13598,66
2023/8/27,2023,8,27,7,24,12495,66
2023/8/28,2023,8,28,1,1,11699,66
2023/8/28,2023,8,28,1,2,11174,64
2023/8/28,2023,8,28,1,3,10830,64
2023/8/28,2023,8,28,1,4,10706,63
2023/8/28,2023,8,28,1,5,10894,63
2023/8/28,2023,8,28,1,6,11578,64
2023/8/28,2023,8,28,1,7,12611,64
2023/8/28,2023,8,28,1,8,13458,63
2023/8/28,2023,8,28,1,9,13954,65
2023/8/28,2023,8,28,1,10,14169,67
2023/8/28,2023,8,28,1,11,14234,69
2023/8/28,2023,8,28,1,12,14582,70
2023/8/28,2023,8,28,1,13,15000,72
2023/8/28,2023,8,28,1,14,15416,74
2023/8/28,2023,8,28,1,15,15826,75
2023/8/28,2023,8,28,1,16,16283,75
2023/8/28,2023,8,28,1,17,16676,75
2023/8/28,2023,8,28,1,18,16959,73
2023/8/28,2023,8,28,1,19,16847,72
2023/8/28,2023,8,28,1,20,16718,70
2023/8/28,2023,8,28,1,21,16260,69
2023/8/28,2023,8,28,1,22,15258,68
2023/8/28,2023,8,28,1,23,14027,67
2023/8/28,2023,8,28,1,24,12868,67
2023/8/29,2023,8,29,2,1,12059,67
2023/8/29,2023,8,29,2,2,11510,66
2023/8/29,2023,8,29,2,3,11144,66
2023/8/29,2023,8,29,2,4,10963,65
2023/8/29,2023,8,29,2,5,11078,64
2023/8/29,2023,8,29,2,6,11737,64
2023/8/29,2023,8,29,2,7,12812,63
2023/8/29,2023,8,29,2,8,13662,63
2023/8/29,2023,8,29,2,9,14140,65
2023/8/29,2023,8,29,2,10,14427,68
2023/8/29,2023,8,29,2,11,14694,70
2023/8/29,2023,8,29,2,12,15098,72
2023/8/29,2023,8,29,2,13,15542,73
2023/8/29,2023,8,29,2,14,15862,74
2023/8/29,2023,8,29,2,15,16328,76
2023/8/29,2023,8,29,2,16,16879,77
2023/8/29,2023,8,29,2,17,17422,76
2023/8/29,2023,8,29,2,18,17785,75
2023/8/29,2023,8,29,2,19,17659,74
2023/8/29,2023,8,29,2,20,17577,73
2023/8/29,2023,8,29,2,21,17154,71
2023/8/29,2023,8,29,2,22,16142,70
2023/8/29,2023,8,29,2,23,14889,70
2023/8/29,2023,8,29,2,24,13706,70
2023/8/30,2023,8,30,3,1,12900,70
2023/8/30,2023,8,30,3,2,12372,70
2023/8/30,2023,8,30,3,3,12014,69
2023/8/30,2023,8,30,3,4,11848,69
2023/8/30,2023,8,30,3,5,12035,69
2023/8/30,2023,8,30,3,6,12779,69
2023/8/30,2023,8,30,3,7,14089,69
2023/8/30,2023,8,30,3,8,15068,69
2023/8/30,2023,8,30,3,9,15758,69
2023/8/30,2023,8,30,3,10,16171,69
2023/8/30,2023,8,30,3,11,16441,70
2023/8/30,2023,8,30,3,12,16598,72
2023/8/30,2023,8,30,3,13,16616,74
2023/8/30,2023,8,30,3,14,16725,75
2023/8/30,2023,8,30,3,15,16927,77
2023/8/30,2023,8,30,3,16,17336,79
2023/8/30,2023,8,30,3,17,18047,80
2023/8/30,2023,8,30,3,18,18482,79
2023/8/30,2023,8,30,3,19,18024,77
2023/8/30,2023,8,30,3,20,17437,75
2023/8/30,2023,8,30,3,21,16867,72
2023/8/30,2023,8,30,3,22,15688,70
2023/8/30,2023,8,30,3,23,14288,68
2023/8/30,2023,8,30,3,24,12974,67
2023/8/31,2023,8,31,4,1,12031,66
2023/8/31,2023,8,31,4,2,11376,65
2023/8/31,2023,8,31,4,3,10949,64
2023/8/31,2023,8,31,4,4,10712,64
2023/8/31,2023,8,31,4,5,10802,63
2023/8/31,2023,8,31,4,6,11383,62
2023/8/31,2023,8,31,4,7,12355,61
2023/8/31,2023,8,31,4,8,12940,60
2023/8/31,2023,8,31,4,9,12903,62
2023/8/31,2023,8,31,4,10,12661,64
2023/8/31,2023,8,31,4,11,12529,66
2023/8/31,2023,8,31,4,12,12497,68
2023/8/31,2023,8,31,4,13,12604,69
2023/8/31,2023,8,31,4,14,12925,71
2023/8/31,2023,8,31,4,15,13288,73
2023/8/31,2023,8,31,4,16,13890,72
2023/8/31,2023,8,31,4,17,14634,73
2023/8/31,2023,8,31,4,18,15284,72
2023/8/31,2023,8,31,4,19,15326,71
2023/8/31,2023,8,31,4,20,15049,68
2023/8/31,2023,8,31,4,21,14579,65
2023/8/31,2023,8,31,4,22,13609,63
2023/8/31,2023,8,31,4,23,12441,61
2023/8/31,2023,8,31,4,24,11353,60
2023/9/1,2023,9,1,5,1,10587,59
2023/9/1,2023,9,1,5,2,10063,57
2023/9/1,2023,9,1,5,3,9733,56
2023/9/1,2023,9,1,5,4,9596,55
2023/9/1,2023,9,1,5,5,9719,55
2023/9/1,2023,9,1,5,6,10311,54
2023/9/1,2023,9,1,5,7,11240,54
2023/9/1,2023,9,1,5,8,11899,55
2023/9/1,2023,9,1,5,9,12069,59
2023/9/1,2023,9,1,5,10,11990,62
2023/9/1,2023,9,1,5,11,11933,66
2023/9/1,2023,9,1,5,12,11922,68
2023/9/1,2023,9,1,5,13,11976,70
2023/9/1,2023,9,1,5,14,12209,71
2023/9/1,2023,9,1,5,15,12569,72
2023/9/1,2023,9,1,5,16,13137,72
2023/9/1,2023,9,1,5,17,13947,72
2023/9/1,2023,9,1,5,18,14602,72
2023/9/1,2023,9,1,5,19,14617,71
2023/9/1,2023,9,1,5,20,14381,69
2023/9/1,2023,9,1,5,21,13903,65
2023/9/1,2023,9,1,5,22,13090,62
2023/9/1,2023,9,1,5,23,12140,61
2023/9/1,2023,9,1,5,24,11188,60
2023/9/2,2023,9,2,6,1,10458,60
2023/9/2,2023,9,2,6,2,9951,59
2023/9/2,2023,9,2,6,3,9630,58
2023/9/2,2023,9,2,6,4,9447,57
2023/9/2,2023,9,2,6,5,9428,56
2023/9/2,2023,9,2,6,6,9618,56
2023/9/2,2023,9,2,6,7,9928,55
2023/9/2,2023,9,2,6,8,10343,56
2023/9/2,2023,9,2,6,9,10695,60
2023/9/2,2023,9,2,6,10,10872,64
2023/9/2,2023,9,2,6,11,10948,68
2023/9/2,2023,9,2,6,12,11117,72
2023/9/2,2023,9,2,6,13,11451,74
2023/9/2,2023,9,2,6,14,11887,76
2023/9/2,2023,9,2,6,15,12421,77
2023/9/2,2023,9,2,6,16,13099,77
2023/9/2,2023,9,2,6,17,13823,77
2023/9/2,2023,9,2,6,18,14403,77
2023/9/2,2023,9,2,6,19,14486,75
2023/9/2,2023,9,2,6,20,14359,72
2023/9/2,2023,9,2,6,21,14016,69
2023/9/2,2023,9,2,6,22,13356,68
2023/9/2,2023,9,2,6,23,12539,67
2023/9/2,2023,9,2,6,24,11722,67
2023/9/3,2023,9,3,7,1,11091,67
2023/9/3,2023,9,3,7,2,10669,66
2023/9/3,2023,9,3,7,3,10311,67
2023/9/3,2023,9,3,7,4,10101,66
2023/9/3,2023,9,3,7,5,10034,64
2023/9/3,2023,9,3,7,6,10140,64
2023/9/3,2023,9,3,7,7,10365,63
2023/9/3,2023,9,3,7,8,10755,63
2023/9/3,2023,9,3,7,9,11323,66
2023/9/3,2023,9,3,7,10,11842,70
2023/9/3,2023,9,3,7,11,12379,73
2023/9/3,2023,9,3,7,12,12985,78
2023/9/3,2023,9,3,7,13,13664,80
2023/9/3,2023,9,3,7,14,14325,82
2023/9/3,2023,9,3,7,15,15077,84
2023/9/3,2023,9,3,7,16,15978,84
2023/9/3,2023,9,3,7,17,16911,84
2023/9/3,2023,9,3,7,18,17643,82
2023/9/3,2023,9,3,7,19,17596,81
2023/9/3,2023,9,3,7,20,17211,78
2023/9/3,2023,9,3,7,21,16627,74
2023/9/3,2023,9,3,7,22,15694,72
2023/9/3,2023,9,3,7,23,14582,71
2023/9/3,2023,9,3,7,24,13487,70
2023/9/4,2023,9,4,1,1,12597,69
2023/9/4,2023,9,4,1,2,11902,68
2023/9/4,2023,9,4,1,3,11419,69
2023/9/4,2023,9,4,1,4,11155,68
2023/9/4,2023,9,4,1,5,11097,67
2023/9/4,2023,9,4,1,6,11308,67
2023/9/4,2023,9,4,1,7,11579,67
2023/9/4,2023,9,4,1,8,12048,67
2023/9/4,2023,9,4,1,9,12746,70
2023/9/4,2023,9,4,1,10,13556,74
2023/9/4,2023,9,4,1,11,14391,77
2023/9/4,2023,9,4,1,12,15323,79
2023/9/4,2023,9,4,1,13,16318,80
2023/9/4,2023,9,4,1,14,17127,82
2023/9/4,2023,9,4,1,15,17755,83
2023/9/4,2023,9,4,1,16,18544,84
2023/9/4,2023,9,4,1,17,19461,83
2023/9/4,2023,9,4,1,18,20091,83
2023/9/4,2023,9,4,1,19,19823,81
2023/9/4,2023,9,4,1,20,19431,79
2023/9/4,2023,9,4,1,21,18639,76
2023/9/4,2023,9,4,1,22,17280,75
2023/9/4,2023,9,4,1,23,15711,73
2023/9/4,2023,9,4,1,24,14347,73
2023/9/5,2023,9,5,2,1,13380,72
2023/9/5,2023,9,5,2,2,12717,71
2023/9/5,2023,9,5,2,3,12294,71
2023/9/5,2023,9,5,2,4,12080,70
2023/9/5,2023,9,5,2,5,12205,71
2023/9/5,2023,9,5,2,6,12976,71
2023/9/5,2023,9,5,2,7,14242,71
2023/9/5,2023,9,5,2,8,15275,72
2023/9/5,2023,9,5,2,9,16038,75
2023/9/5,2023,9,5,2,10,16781,78
2023/9/5,2023,9,5,2,11,17618,81
2023/9/5,2023,9,5,2,12,18543,83
2023/9/5,2023,9,5,2,13,19554,85
2023/9/5,2023,9,5,2,14,20472,85
2023/9/5,2023,9,5,2,15,21109,86
2023/9/5,2023,9,5,2,16,21735,86
2023/9/5,2023,9,5,2,17,22314,86
2023/9/5,2023,9,5,2,18,22579,85
2023/9/5,2023,9,5,2,19,22133,84
2023/9/5,2023,9,5,2,20,21718,82
2023/9/5,2023,9,5,2,21,20850,80
2023/9/5,2023,9,5,2,22,19402,78
2023/9/5,2023,9,5,2,23,17680,78
2023/9/5,2023,9,5,2,24,16182,77
2023/9/6,2023,9,6,3,1,15073,76
2023/9/6,2023,9,6,3,2,14318,75
2023/9/6,2023,9,6,3,3,13832,75
2023/9/6,2023,9,6,3,4,13549,75
2023/9/6,2023,9,6,3,5,13611,73
2023/9/6,2023,9,6,3,6,14270,73
2023/9/6,2023,9,6,3,7,15461,72
2023/9/6,2023,9,6,3,8,16453,73
2023/9/6,2023,9,6,3,9,17151,76
2023/9/6,2023,9,6,3,10,17733,78
2023/9/6,2023,9,6,3,11,18427,80
2023/9/6,2023,9,6,3,12,19234,82
2023/9/6,2023,9,6,3,13,20148,84
2023/9/6,2023,9,6,3,14,21079,86
2023/9/6,2023,9,6,3,15,21706,86
2023/9/6,2023,9,6,3,16,22381,86
2023/9/6,2023,9,6,3,17,22926,87
2023/9/6,2023,9,6,3,18,22943,86
2023/9/6,2023,9,6,3,19,22595,85
2023/9/6,2023,9,6,3,20,22210,84
2023/9/6,2023,9,6,3,21,21506,80
2023/9/6,2023,9,6,3,22,19963,79
2023/9/6,2023,9,6,3,23,18194,77
2023/9/6,2023,9,6,3,24,16618,76
2023/9/7,2023,9,7,4,1,15455,76
2023/9/7,2023,9,7,4,2,14645,75
2023/9/7,2023,9,7,4,3,14072,74
2023/9/7,2023,9,7,4,4,13739,74
2023/9/7,2023,9,7,4,5,13776,73
2023/9/7,2023,9,7,4,6,14443,73
2023/9/7,2023,9,7,4,7,15642,72
2023/9/7,2023,9,7,4,8,16600,73
2023/9/7,2023,9,7,4,9,17439,76
2023/9/7,2023,9,7,4,10,18275,79
2023/9/7,2023,9,7,4,11,19258,84
2023/9/7,2023,9,7,4,12,20318,86
2023/9/7,2023,9,7,4,13,21364,88
2023/9/7,2023,9,7,4,14,22380,90
2023/9/7,2023,9,7,4,15,23077,90
2023/9/7,2023,9,7,4,16,23701,90
2023/9/7,2023,9,7,4,17,23884,89
2023/9/7,2023,9,7,4,18,24043,88
2023/9/7,2023,9,7,4,19,23497,86
2023/9/7,2023,9,7,4,20,23237,84
2023/9/7,2023,9,7,4,21,22298,82
2023/9/7,2023,9,7,4,22,20677,80
2023/9/7,2023,9,7,4,23,18816,78
2023/9/7,2023,9,7,4,24,17186,77
2023/9/8,2023,9,8,5,1,15927,76
2023/9/8,2023,9,8,5,2,14972,74
2023/9/8,2023,9,8,5,3,14317,73
2023/9/8,2023,9,8,5,4,13934,72
2023/9/8,2023,9,8,5,5,13952,72
2023/9/8,2023,9,8,5,6,14587,71
2023/9/8,2023,9,8,5,7,15755,70
2023/9/8,2023,9,8,5,8,16708,71
2023/9/8,2023,9,8,5,9,17364,72
2023/9/8,2023,9,8,5,10,17952,75
2023/9/8,2023,9,8,5,11,18592,77
2023/9/8,2023,9,8,5,12,19223,80
2023/9/8,2023,9,8,5,13,19965,82
2023/9/8,2023,9,8,5,14,20642,84
2023/9/8,2023,9,8,5,15,21207,84
2023/9/8,2023,9,8,5,16,20827,82
2023/9/8,2023,9,8,5,17,20738,81
2023/9/8,2023,9,8,5,18,20580,80
2023/9/8,2023,9,8,5,19,19883,79
2023/9/8,2023,9,8,5,20,19401,75
2023/9/8,2023,9,8,5,21,18598,73
2023/9/8,2023,9,8,5,22,17467,72
2023/9/8,2023,9,8,5,23,16301,72
2023/9/8,2023,9,8,5,24,15071,71
2023/9/9,2023,9,9,6,1,14152,71
2023/9/9,2023,9,9,6,2,13518,71
2023/9/9,2023,9,9,6,3,13088,70
2023/9/9,2023,9,9,6,4,12829,71
2023/9/9,2023,9,9,6,5,12750,71
2023/9/9,2023,9,9,6,6,12938,71
2023/9/9,2023,9,9,6,7,13398,71
2023/9/9,2023,9,9,6,8,14058,70
2023/9/9,2023,9,9,6,9,14843,71
2023/9/9,2023,9,9,6,10,15536,73
2023/9/9,2023,9,9,6,11,16248,75
2023/9/9,2023,9,9,6,12,16805,78
2023/9/9,2023,9,9,6,13,17319,79
2023/9/9,2023,9,9,6,14,18056,81
2023/9/9,2023,9,9,6,15,18717,81
2023/9/9,2023,9,9,6,16,19090,82
2023/9/9,2023,9,9,6,17,19126,81
2023/9/9,2023,9,9,6,18,18945,80
2023/9/9,2023,9,9,6,19,18471,76
2023/9/9,2023,9,9,6,20,18122,73
2023/9/9,2023,9,9,6,21,17444,72
2023/9/9,2023,9,9,6,22,16537,72
2023/9/9,2023,9,9,6,23,15483,71
2023/9/9,2023,9,9,6,24,14429,71
2023/9/10,2023,9,10,7,1,13577,70
2023/9/10,2023,9,10,7,2,12970,70
2023/9/10,2023,9,10,7,3,12511,70
2023/9/10,2023,9,10,7,4,12214,69
2023/9/10,2023,9,10,7,5,12090,69
2023/9/10,2023,9,10,7,6,12190,69
2023/9/10,2023,9,10,7,7,12470,69
2023/9/10,2023,9,10,7,8,13026,69
2023/9/10,2023,9,10,7,9,13866,70
2023/9/10,2023,9,10,7,10,14622,70
2023/9/10,2023,9,10,7,11,15267,71
2023/9/10,2023,9,10,7,12,15798,72
2023/9/10,2023,9,10,7,13,16298,73
2023/9/10,2023,9,10,7,14,16555,74
2023/9/10,2023,9,10,7,15,16447,71
2023/9/10,2023,9,10,7,16,16327,70
2023/9/10,2023,9,10,7,17,16486,70
2023/9/10,2023,9,10,7,18,16658,70
2023/9/10,2023,9,10,7,19,16637,71
2023/9/10,2023,9,10,7,20,16623,70
2023/9/10,2023,9,10,7,21,16252,70
2023/9/10,2023,9,10,7,22,15377,69
2023/9/10,2023,9,10,7,23,14273,69
2023/9/10,2023,9,10,7,24,13226,69
2023/9/11,2023,9,11,1,1,12521,68
2023/9/11,2023,9,11,1,2,12038,68
2023/9/11,2023,9,11,1,3,11740,68
2023/9/11,2023,9,11,1,4,11655,68
2023/9/11,2023,9,11,1,5,11922,68
2023/9/11,2023,9,11,1,6,12739,68
2023/9/11,2023,9,11,1,7,14094,68
2023/9/11,2023,9,11,1,8,15097,68
2023/9/11,2023,9,11,1,9,15633,69
2023/9/11,2023,9,11,1,10,15936,70
2023/9/11,2023,9,11,1,11,16266,71
2023/9/11,2023,9,11,1,12,16674,73
2023/9/11,2023,9,11,1,13,17038,74
2023/9/11,2023,9,11,1,14,17507,75
2023/9/11,2023,9,11,1,15,17868,76
2023/9/11,2023,9,11,1,16,18213,76
2023/9/11,2023,9,11,1,17,18381,76
2023/9/11,2023,9,11,1,18,18480,73
2023/9/11,2023,9,11,1,19,18276,71
2023/9/11,2023,9,11,1,20,17928,70
2023/9/11,2023,9,11,1,21,17174,70
2023/9/11,2023,9,11,1,22,16123,69
2023/9/11,2023,9,11,1,23,14887,69
2023/9/11,2023,9,11,1,24,13708,69
2023/9/12,2023,9,12,2,1,12853,68
2023/9/12,2023,9,12,2,2,12277,68
2023/9/12,2023,9,12,2,3,11921,68
2023/9/12,2023,9,12,2,4,11800,68
2023/9/12,2023,9,12,2,5,11989,68
2023/9/12,2023,9,12,2,6,12756,68
2023/9/12,2023,9,12,2,7,14118,68
2023/9/12,2023,9,12,2,8,15009,68
2023/9/12,2023,9,12,2,9,15463,69
2023/9/12,2023,9,12,2,10,15787,69
2023/9/12,2023,9,12,2,11,16054,70
2023/9/12,2023,9,12,2,12,16194,72
2023/9/12,2023,9,12,2,13,16345,72
2023/9/12,2023,9,12,2,14,16653,75
2023/9/12,2023,9,12,2,15,17049,76
2023/9/12,2023,9,12,2,16,17802,77
2023/9/12,2023,9,12,2,17,18495,78
2023/9/12,2023,9,12,2,18,18980,77
2023/9/12,2023,9,12,2,19,18750,76
2023/9/12,2023,9,12,2,20,18571,74
2023/9/12,2023,9,12,2,21,17749,72
2023/9/12,2023,9,12,2,22,16581,71
2023/9/12,2023,9,12,2,23,15174,70
2023/9/12,2023,9,12,2,24,13862,69
2023/9/13,2023,9,13,3,1,12912,69
2023/9/13,2023,9,13,3,2,12321,68
2023/9/13,2023,9,13,3,3,11921,67
2023/9/13,2023,9,13,3,4,11711,67
2023/9/13,2023,9,13,3,5,11831,67
2023/9/13,2023,9,13,3,6,12558,67
2023/9/13,2023,9,13,3,7,13824,66
2023/9/13,2023,9,13,3,8,14780,67
2023/9/13,2023,9,13,3,9,15375,68
2023/9/13,2023,9,13,3,10,15885,68
2023/9/13,2023,9,13,3,11,16376,69
2023/9/13,2023,9,13,3,12,16831,70
2023/9/13,2023,9,13,3,13,16987,71
2023/9/13,2023,9,13,3,14,16882,72
2023/9/13,2023,9,13,3,15,16624,72
2023/9/13,2023,9,13,3,16,16711,71
2023/9/13,2023,9,13,3,17,17048,72
2023/9/13,2023,9,13,3,18,17337,72
2023/9/13,2023,9,13,3,19,17294,71
2023/9/13,2023,9,13,3,20,17217,70
2023/9/13,2023,9,13,3,21,16556,69
2023/9/13,2023,9,13,3,22,15542,68
2023/9/13,2023,9,13,3,23,14314,68
2023/9/13,2023,9,13,3,24,13140,67
2023/9/14,2023,9,14,4,1,12289,66
2023/9/14,2023,9,14,4,2,11695,65
2023/9/14,2023,9,14,4,3,11274,65
2023/9/14,2023,9,14,4,4,11063,64
2023/9/14,2023,9,14,4,5,11160,63
2023/9/14,2023,9,14,4,6,11789,62
2023/9/14,2023,9,14,4,7,12989,62
2023/9/14,2023,9,14,4,8,13644,62
2023/9/14,2023,9,14,4,9,13783,63
2023/9/14,2023,9,14,4,10,13614,66
2023/9/14,2023,9,14,4,11,13572,68
2023/9/14,2023,9,14,4,12,13646,70
2023/9/14,2023,9,14,4,13,13833,71
2023/9/14,2023,9,14,4,14,14247,73
2023/9/14,2023,9,14,4,15,14669,74
2023/9/14,2023,9,14,4,16,15225,74
2023/9/14,2023,9,14,4,17,15874,74
2023/9/14,2023,9,14,4,18,16313,74
2023/9/14,2023,9,14,4,19,16117,72
2023/9/14,2023,9,14,4,20,15902,68
2023/9/14,2023,9,14,4,21,15229,66
2023/9/14,2023,9,14,4,22,14174,64
2023/9/14,2023,9,14,4,23,12898,63
2023/9/14,2023,9,14,4,24,11756,61
2023/9/15,2023,9,15,5,1,10936,60
2023/9/15,2023,9,15,5,2,10364,58
2023/9/15,2023,9,15,5,3,10046,57
2023/9/15,2023,9,15,5,4,9893,56
2023/9/15,2023,9,15,5,5,10023,55
2023/9/15,2023,9,15,5,6,10646,55
2023/9/15,2023,9,15,5,7,11764,55
2023/9/15,2023,9,15,5,8,12362,54
2023/9/15,2023,9,15,5,9,12466,56
2023/9/15,2023,9,15,5,10,12353,58
2023/9/15,2023,9,15,5,11,12305,61
2023/9/15,2023,9,15,5,12,12325,63
2023/9/15,2023,9,15,5,13,12190,64
2023/9/15,2023,9,15,5,14,12297,66
2023/9/15,2023,9,15,5,15,12489,67
2023/9/15,2023,9,15,5,16,12884,67
2023/9/15,2023,9,15,5,17,13311,67
2023/9/15,2023,9,15,5,18,13680,66
2023/9/15,2023,9,15,5,19,13820,66
2023/9/15,2023,9,15,5,20,13865,64
2023/9/15,2023,9,15,5,21,13400,63
2023/9/15,2023,9,15,5,22,12669,62
2023/9/15,2023,9,15,5,23,11778,61
2023/9/15,2023,9,15,5,24,10888,61
2023/9/16,2023,9,16,6,1,10257,61
2023/9/16,2023,9,16,6,2,9809,61
2023/9/16,2023,9,16,6,3,9534,61
2023/9/16,2023,9,16,6,4,9393,60
2023/9/16,2023,9,16,6,5,9410,60
2023/9/16,2023,9,16,6,6,9634,59
2023/9/16,2023,9,16,6,7,10094,59
2023/9/16,2023,9,16,6,8,10629,59
2023/9/16,2023,9,16,6,9,11285,60
2023/9/16,2023,9,16,6,10,11641,61
2023/9/16,2023,9,16,6,11,11656,63
2023/9/16,2023,9,16,6,12,11675,65
2023/9/16,2023,9,16,6,13,11628,67
2023/9/16,2023,9,16,6,14,11537,68
2023/9/16,2023,9,16,6,15,11523,70
2023/9/16,2023,9,16,6,16,11588,71
2023/9/16,2023,9,16,6,17,11997,71
2023/9/16,2023,9,16,6,18,12630,71
2023/9/16,2023,9,16,6,19,12954,69
2023/9/16,2023,9,16,6,20,13090,68
2023/9/16,2023,9,16,6,21,12652,66
2023/9/16,2023,9,16,6,22,12008,65
2023/9/16,2023,9,16,6,23,11254,63
2023/9/16,2023,9,16,6,24,10475,62
2023/9/17,2023,9,17,7,1,9869,61
2023/9/17,2023,9,17,7,2,9474,59
2023/9/17,2023,9,17,7,3,9193,58
2023/9/17,2023,9,17,7,4,9030,57
2023/9/17,2023,9,17,7,5,9003,56
2023/9/17,2023,9,17,7,6,9151,55
2023/9/17,2023,9,17,7,7,9443,54
2023/9/17,2023,9,17,7,8,9756,54
2023/9/17,2023,9,17,7,9,10039,59
2023/9/17,2023,9,17,7,10,10123,62
2023/9/17,2023,9,17,7,11,10135,66
2023/9/17,2023,9,17,7,12,10287,70
2023/9/17,2023,9,17,7,13,10642,72
2023/9/17,2023,9,17,7,14,10980,74
2023/9/17,2023,9,17,7,15,11558,75
2023/9/17,2023,9,17,7,16,12357,76
2023/9/17,2023,9,17,7,17,13361,76
2023/9/17,2023,9,17,7,18,14119,75
2023/9/17,2023,9,17,7,19,14370,72
2023/9/17,2023,9,17,7,20,14515,70
2023/9/17,2023,9,17,7,21,13977,67
2023/9/17,2023,9,17,7,22,13077,67
2023/9/17,2023,9,17,7,23,12081,66
2023/9/17,2023,9,17,7,24,11194,65
2023/9/18,2023,9,18,1,1,10541,65
2023/9/18,2023,9,18,1,2,10136,64
2023/9/18,2023,9,18,1,3,9916,63
2023/9/18,2023,9,18,1,4,9879,63
2023/9/18,2023,9,18,1,5,10116,63
2023/9/18,2023,9,18,1,6,10903,62
2023/9/18,2023,9,18,1,7,12261,62
2023/9/18,2023,9,18,1,8,13320,62
2023/9/18,2023,9,18,1,9,13941,62
2023/9/18,2023,9,18,1,10,14310,62
2023/9/18,2023,9,18,1,11,14628,63
2023/9/18,2023,9,18,1,12,14782,64
2023/9/18,2023,9,18,1,13,14952,64
2023/9/18,2023,9,18,1,14,14904,64
2023/9/18,2023,9,18,1,15,14712,64
2023/9/18,2023,9,18,1,16,14628,65
2023/9/18,2023,9,18,1,17,14812,65
2023/9/18,2023,9,18,1,18,15139,64
2023/9/18,2023,9,18,1,19,15211,64
2023/9/18,2023,9,18,1,20,14988,64
2023/9/18,2023,9,18,1,21,14302,63
2023/9/18,2023,9,18,1,22,13423,63
2023/9/18,2023,9,18,1,23,12367,63
2023/9/18,2023,9,18,1,24,11401,62
2023/9/19,2023,9,19,2,1,10704,62
2023/9/19,2023,9,19,2,2,10231,61
2023/9/19,2023,9,19,2,3,9966,60
2023/9/19,2023,9,19,2,4,9858,60
2023/9/19,2023,9,19,2,5,10018,59
2023/9/19,2023,9,19,2,6,10720,59
2023/9/19,2023,9,19,2,7,11959,59
2023/9/19,2023,9,19,2,8,12706,59
2023/9/19,2023,9,19,2,9,12783,61
2023/9/19,2023,9,19,2,10,12688,63
2023/9/19,2023,9,19,2,11,12703,66
2023/9/19,2023,9,19,2,12,12899,68
2023/9/19,2023,9,19,2,13,13081,69
2023/9/19,2023,9,19,2,14,13234,69
2023/9/19,2023,9,19,2,15,13300,70
2023/9/19,2023,9,19,2,16,13596,70
2023/9/19,2023,9,19,2,17,14101,71
2023/9/19,2023,9,19,2,18,14656,70
2023/9/19,2023,9,19,2,19,14800,68
2023/9/19,2023,9,19,2,20,14820,66
2023/9/19,2023,9,19,2,21,14177,64
2023/9/19,2023,9,19,2,22,13211,63
2023/9/19,2023,9,19,2,23,12068,62
2023/9/19,2023,9,19,2,24,11034,61
2023/9/20,2023,9,20,3,1,10381,60
2023/9/20,2023,9,20,3,2,9902,59
2023/9/20,2023,9,20,3,3,9640,58
2023/9/20,2023,9,20,3,4,9527,57
2023/9/20,2023,9,20,3,5,9716,56
2023/9/20,2023,9,20,3,6,10417,55
2023/9/20,2023,9,20,3,7,11664,54
2023/9/20,2023,9,20,3,8,12353,55
2023/9/20,2023,9,20,3,9,12291,57
2023/9/20,2023,9,20,3,10,12053,61
2023/9/20,2023,9,20,3,11,11916,65
2023/9/20,2023,9,20,3,12,11875,67
2023/9/20,2023,9,20,3,13,11973,68
2023/9/20,2023,9,20,3,14,12239,70
2023/9/20,2023,9,20,3,15,12575,71
2023/9/20,2023,9,20,3,16,13097,72
2023/9/20,2023,9,20,3,17,13839,72
2023/9/20,2023,9,20,3,18,14532,71
2023/9/20,2023,9,20,3,19,14715,69
2023/9/20,2023,9,20,3,20,14721,65
2023/9/20,2023,9,20,3,21,14041,63
2023/9/20,2023,9,20,3,22,13038,60
2023/9/20,2023,9,20,3,23,11861,58
2023/9/20,2023,9,20,3,24,10868,57
2023/9/21,2023,9,21,4,1,10186,56
2023/9/21,2023,9,21,4,2,9741,55
2023/9/21,2023,9,21,4,3,9486,55
2023/9/21,2023,9,21,4,4,9393,53
2023/9/21,2023,9,21,4,5,9570,53
2023/9/21,2023,9,21,4,6,10284,53
2023/9/21,2023,9,21,4,7,11551,52
2023/9/21,2023,9,21,4,8,12209,51
2023/9/21,2023,9,21,4,9,12131,56
2023/9/21,2023,9,21,4,10,11840,60
2023/9/21,2023,9,21,4,11,11658,63
2023/9/21,2023,9,21,4,12,11654,66
2023/9/21,2023,9,21,4,13,11748,68
2023/9/21,2023,9,21,4,14,12045,70
2023/9/21,2023,9,21,4,15,12366,70
2023/9/21,2023,9,21,4,16,12899,71
2023/9/21,2023,9,21,4,17,13648,71
2023/9/21,2023,9,21,4,18,14272,70
2023/9/21,2023,9,21,4,19,14458,69
2023/9/21,2023,9,21,4,20,14515,65
2023/9/21,2023,9,21,4,21,13871,62
2023/9/21,2023,9,21,4,22,12924,60
2023/9/21,2023,9,21,4,23,11810,58
2023/9/21,2023,9,21,4,24,10823,58
2023/9/22,2023,9,22,5,1,10163,57
2023/9/22,2023,9,22,5,2,9710,56
2023/9/22,2023,9,22,5,3,9444,55
2023/9/22,2023,9,22,5,4,9338,55
2023/9/22,2023,9,22,5,5,9528,54
2023/9/22,2023,9,22,5,6,10211,54
2023/9/22,2023,9,22,5,7,11421,53
2023/9/22,2023,9,22,5,8,12121,53
2023/9/22,2023,9,22,5,9,12163,55
2023/9/22,2023,9,22,5,10,12001,58
2023/9/22,2023,9,22,5,11,11887,63
2023/9/22,2023,9,22,5,12,11882,65
2023/9/22,2023,9,22,5,13,11966,67
2023/9/22,2023,9,22,5,14,12014,68
2023/9/22,2023,9,22,5,15,12088,68
2023/9/22,2023,9,22,5,16,12407,69
2023/9/22,2023,9,22,5,17,12935,68
2023/9/22,2023,9,22,5,18,13337,67
2023/9/22,2023,9,22,5,19,13537,65
2023/9/22,2023,9,22,5,20,13535,62
2023/9/22,2023,9,22,5,21,12983,60
2023/9/22,2023,9,22,5,22,12262,59
2023/9/22,2023,9,22,5,23,11370,57
2023/9/22,2023,9,22,5,24,10493,55
2023/9/23,2023,9,23,6,1,9860,55
2023/9/23,2023,9,23,6,2,9498,54
2023/9/23,2023,9,23,6,3,9200,54
2023/9/23,2023,9,23,6,4,9086,54
2023/9/23,2023,9,23,6,5,9115,53
2023/9/23,2023,9,23,6,6,9394,54
2023/9/23,2023,9,23,6,7,9894,53
2023/9/23,2023,9,23,6,8,10494,53
2023/9/23,2023,9,23,6,9,11172,54
2023/9/23,2023,9,23,6,10,11610,55
2023/9/23,2023,9,23,6,11,11790,57
2023/9/23,2023,9,23,6,12,11860,57
2023/9/23,2023,9,23,6,13,11962,58
2023/9/23,2023,9,23,6,14,11911,59
2023/9/23,2023,9,23,6,15,11976,60
2023/9/23,2023,9,23,6,16,12159,59
2023/9/23,2023,9,23,6,17,12416,59
2023/9/23,2023,9,23,6,18,12769,59
2023/9/23,2023,9,23,6,19,12946,58
2023/9/23,2023,9,23,6,20,12826,57
2023/9/23,2023,9,23,6,21,12337,57
2023/9/23,2023,9,23,6,22,11742,57
2023/9/23,2023,9,23,6,23,11002,57
2023/9/23,2023,9,23,6,24,10292,56
2023/9/24,2023,9,24,7,1,9756,56
2023/9/24,2023,9,24,7,2,9355,56
2023/9/24,2023,9,24,7,3,9119,56
2023/9/24,2023,9,24,7,4,8995,56
2023/9/24,2023,9,24,7,5,9001,56
2023/9/24,2023,9,24,7,6,9174,56
2023/9/24,2023,9,24,7,7,9574,56
2023/9/24,2023,9,24,7,8,10115,57
2023/9/24,2023,9,24,7,9,10908,57
2023/9/24,2023,9,24,7,10,11526,58
2023/9/24,2023,9,24,7,11,11882,59
2023/9/24,2023,9,24,7,12,12114,59
2023/9/24,2023,9,24,7,13,12308,60
2023/9/24,2023,9,24,7,14,12330,60
2023/9/24,2023,9,24,7,15,12306,60
2023/9/24,2023,9,24,7,16,12442,61
2023/9/24,2023,9,24,7,17,12855,61
2023/9/24,2023,9,24,7,18,13360,60
2023/9/24,2023,9,24,7,19,13544,60
2023/9/24,2023,9,24,7,20,13414,59
2023/9/24,2023,9,24,7,21,12786,59
2023/9/24,2023,9,24,7,22,11973,59
2023/9/24,2023,9,24,7,23,11077,59
2023/9/24,2023,9,24,7,24,10314,58
2023/9/25,2023,9,25,1,1,9739,58
2023/9/25,2023,9,25,1,2,9409,58
2023/9/25,2023,9,25,1,3,9223,57
2023/9/25,2023,9,25,1,4,9198,57
2023/9/25,2023,9,25,1,5,9436,57
2023/9/25,2023,9,25,1,6,10168,57
2023/9/25,2023,9,25,1,7,11489,57
2023/9/25,2023,9,25,1,8,12455,56
2023/9/25,2023,9,25,1,9,12940,57
2023/9/25,2023,9,25,1,10,13120,57
2023/9/25,2023,9,25,1,11,13210,57
2023/9/25,2023,9,25,1,12,13308,57
2023/9/25,2023,9,25,1,13,13301,59
2023/9/25,2023,9,25,1,14,13298,59
2023/9/25,2023,9,25,1,15,13211,60
2023/9/25,2023,9,25,1,16,13269,60
2023/9/25,2023,9,25,1,17,13521,60
2023/9/25,2023,9,25,1,18,13984,59
2023/9/25,2023,9,25,1,19,14230,58
2023/9/25,2023,9,25,1,20,14099,58
2023/9/25,2023,9,25,1,21,13416,58
2023/9/25,2023,9,25,1,22,12507,57
2023/9/25,2023,9,25,1,23,11468,57
2023/9/25,2023,9,25,1,24,10530,57
2023/9/26,2023,9,26,2,1,9941,57
2023/9/26,2023,9,26,2,2,9559,56
2023/9/26,2023,9,26,2,3,9363,56
2023/9/26,2023,9,26,2,4,9314,55
2023/9/26,2023,9,26,2,5,9542,55
2023/9/26,2023,9,26,2,6,10277,55
2023/9/26,2023,9,26,2,7,11641,54
2023/9/26,2023,9,26,2,8,12532,54
2023/9/26,2023,9,26,2,9,12745,55
2023/9/26,2023,9,26,2,10,12667,56
2023/9/26,2023,9,26,2,11,12507,57
2023/9/26,2023,9,26,2,12,12287,58
2023/9/26,2023,9,26,2,13,11999,59
2023/9/26,2023,9,26,2,14,11802,60
2023/9/26,2023,9,26,2,15,11732,62
2023/9/26,2023,9,26,2,16,11908,62
2023/9/26,2023,9,26,2,17,12399,62
2023/9/26,2023,9,26,2,18,13152,62
2023/9/26,2023,9,26,2,19,13686,59
2023/9/26,2023,9,26,2,20,13878,56
2023/9/26,2023,9,26,2,21,13266,53
2023/9/26,2023,9,26,2,22,12376,52
2023/9/26,2023,9,26,2,23,11315,51
2023/9/26,2023,9,26,2,24,10411,50
2023/9/27,2023,9,27,3,1,9816,49
2023/9/27,2023,9,27,3,2,9427,48
2023/9/27,2023,9,27,3,3,9230,47
2023/9/27,2023,9,27,3,4,9195,47
2023/9/27,2023,9,27,3,5,9453,47
2023/9/27,2023,9,27,3,6,10255,46
2023/9/27,2023,9,27,3,7,11642,47
2023/9/27,2023,9,27,3,8,12405,46
2023/9/27,2023,9,27,3,9,12241,49
2023/9/27,2023,9,27,3,10,11795,53
2023/9/27,2023,9,27,3,11,11401,57
2023/9/27,2023,9,27,3,12,11134,60
2023/9/27,2023,9,27,3,13,11026,63
2023/9/27,2023,9,27,3,14,11099,65
2023/9/27,2023,9,27,3,15,11276,66
2023/9/27,2023,9,27,3,16,11762,66
2023/9/27,2023,9,27,3,17,12514,66
2023/9/27,2023,9,27,3,18,13295,65
2023/9/27,2023,9,27,3,19,13825,62
2023/9/27,2023,9,27,3,20,13930,60
2023/9/27,2023,9,27,3,21,13299,56
2023/9/27,2023,9,27,3,22,12399,54
2023/9/27,2023,9,27,3,23,11319,53
2023/9/27,2023,9,27,3,24,10391,52
2023/9/28,2023,9,28,4,1,9767,51
2023/9/28,2023,9,28,4,2,9422,50
2023/9/28,2023,9,28,4,3,9198,49
2023/9/28,2023,9,28,4,4,9159,49
2023/9/28,2023,9,28,4,5,9402,48
2023/9/28,2023,9,28,4,6,10190,48
2023/9/28,2023,9,28,4,7,11591,48
2023/9/28,2023,9,28,4,8,12366,48
2023/9/28,2023,9,28,4,9,12389,49
2023/9/28,2023,9,28,4,10,12180,52
2023/9/28,2023,9,28,4,11,11915,55
2023/9/28,2023,9,28,4,12,11664,58
2023/9/28,2023,9,28,4,13,11515,62
2023/9/28,2023,9,28,4,14,11535,64
2023/9/28,2023,9,28,4,15,11744,66
2023/9/28,2023,9,28,4,16,12142,67
2023/9/28,2023,9,28,4,17,12785,67
2023/9/28,2023,9,28,4,18,13431,66
2023/9/28,2023,9,28,4,19,13901,64
2023/9/28,2023,9,28,4,20,13950,60
2023/9/28,2023,9,28,4,21,13323,59
2023/9/28,2023,9,28,4,22,12448,58
2023/9/28,2023,9,28,4,23,11391,56
2023/9/28,2023,9,28,4,24,10460,56
2023/9/29,2023,9,29,5,1,9863,55
2023/9/29,2023,9,29,5,2,9462,54
2023/9/29,2023,9,29,5,3,9270,54
2023/9/29,2023,9,29,5,4,9215,54
2023/9/29,2023,9,29,5,5,9435,53
2023/9/29,2023,9,29,5,6,10141,53
2023/9/29,2023,9,29,5,7,11460,53
2023/9/29,2023,9,29,5,8,12421,53
2023/9/29,2023,9,29,5,9,12935,53
2023/9/29,2023,9,29,5,10,13240,53
2023/9/29,2023,9,29,5,11,13474,54
2023/9/29,2023,9,29,5,12,13530,55
2023/9/29,2023,9,29,5,13,13545,55
2023/9/29,2023,9,29,5,14,13516,56
2023/9/29,2023,9,29,5,15,13401,56
2023/9/29,2023,9,29,5,16,13395,55
2023/9/29,2023,9,29,5,17,13578,55
2023/9/29,2023,9,29,5,18,13811,54
2023/9/29,2023,9,29,5,19,13860,54
2023/9/29,2023,9,29,5,20,13565,54
2023/9/29,2023,9,29,5,21,12976,54
2023/9/29,2023,9,29,5,22,12246,55
2023/9/29,2023,9,29,5,23,11401,55
2023/9/29,2023,9,29,5,24,10552,54
2023/9/30,2023,9,30,6,1,9935,54
2023/9/30,2023,9,30,6,2,9511,55
2023/9/30,2023,9,30,6,3,9275,55
2023/9/30,2023,9,30,6,4,9170,55
2023/9/30,2023,9,30,6,5,9211,54
2023/9/30,2023,9,30,6,6,9490,54
2023/9/30,2023,9,30,6,7,10052,54
2023/9/30,2023,9,30,6,8,10721,54
2023/9/30,2023,9,30,6,9,11473,55
2023/9/30,2023,9,30,6,10,11906,56
2023/9/30,2023,9,30,6,11,12071,57
2023/9/30,2023,9,30,6,12,11943,58
2023/9/30,2023,9,30,6,13,11747,60
2023/9/30,2023,9,30,6,14,11697,62
2023/9/30,2023,9,30,6,15,11716,62
2023/9/30,2023,9,30,6,16,11773,62
2023/9/30,2023,9,30,6,17,12073,62
2023/9/30,2023,9,30,6,18,12550,62
2023/9/30,2023,9,30,6,19,12903,61
2023/9/30,2023,9,30,6,20,12847,59
2023/9/30,2023,9,30,6,21,12373,58
2023/9/30,2023,9,30,6,22,11760,58
2023/9/30,2023,9,30,6,23,11023,57
2023/9/30,2023,9,30,6,24,10283,56
2023/10/1,2023,10,1,7,1,9712,56
2023/10/1,2023,10,1,7,2,9316,55
2023/10/1,2023,10,1,7,3,9071,55
2023/10/1,2023,10,1,7,4,8940,55
2023/10/1,2023,10,1,7,5,8945,54
2023/10/1,2023,10,1,7,6,9141,54
2023/10/1,2023,10,1,7,7,9567,53
2023/10/1,2023,10,1,7,8,10029,53
2023/10/1,2023,10,1,7,9,10429,55
2023/10/1,2023,10,1,7,10,10459,58
2023/10/1,2023,10,1,7,11,10280,62
2023/10/1,2023,10,1,7,12,10191,66
2023/10/1,2023,10,1,7,13,10214,69
2023/10/1,2023,10,1,7,14,10348,71
2023/10/1,2023,10,1,7,15,10690,73
2023/10/1,2023,10,1,7,16,11340,74
2023/10/1,2023,10,1,7,17,12268,73
2023/10/1,2023,10,1,7,18,13189,72
2023/10/1,2023,10,1,7,19,13679,70
2023/10/1,2023,10,1,7,20,13697,66
2023/10/1,2023,10,1,7,21,13114,65
2023/10/1,2023,10,1,7,22,12232,65
2023/10/1,2023,10,1,7,23,11245,64
2023/10/1,2023,10,1,7,24,10360,62
2023/10/2,2023,10,2,1,1,9776,62
2023/10/2,2023,10,2,1,2,9412,62
2023/10/2,2023,10,2,1,3,9211,62
2023/10/2,2023,10,2,1,4,9194,61
2023/10/2,2023,10,2,1,5,9462,60
2023/10/2,2023,10,2,1,6,10244,61
2023/10/2,2023,10,2,1,7,11587,60
2023/10/2,2023,10,2,1,8,12365,60
2023/10/2,2023,10,2,1,9,12338,61
2023/10/2,2023,10,2,1,10,12035,65
2023/10/2,2023,10,2,1,11,11814,67
2023/10/2,2023,10,2,1,12,11718,69
2023/10/2,2023,10,2,1,13,11734,70
2023/10/2,2023,10,2,1,14,11925,71
2023/10/2,2023,10,2,1,15,12193,72
2023/10/2,2023,10,2,1,16,12713,72
2023/10/2,2023,10,2,1,17,13484,71
2023/10/2,2023,10,2,1,18,14239,71
2023/10/2,2023,10,2,1,19,14562,68
2023/10/2,2023,10,2,1,20,14433,62
2023/10/2,2023,10,2,1,21,13636,60
2023/10/2,2023,10,2,1,22,12629,59
2023/10/2,2023,10,2,1,23,11503,57
2023/10/2,2023,10,2,1,24,10512,57
2023/10/3,2023,10,3,2,1,9885,56
2023/10/3,2023,10,3,2,2,9526,55
2023/10/3,2023,10,3,2,3,9304,54
2023/10/3,2023,10,3,2,4,9201,53
2023/10/3,2023,10,3,2,5,9444,53
2023/10/3,2023,10,3,2,6,10205,53
2023/10/3,2023,10,3,2,7,11515,53
2023/10/3,2023,10,3,2,8,12277,52
2023/10/3,2023,10,3,2,9,12225,55
2023/10/3,2023,10,3,2,10,11977,60
2023/10/3,2023,10,3,2,11,11883,65
2023/10/3,2023,10,3,2,12,11998,70
2023/10/3,2023,10,3,2,13,12238,74
2023/10/3,2023,10,3,2,14,12714,76
2023/10/3,2023,10,3,2,15,13280,79
2023/10/3,2023,10,3,2,16,14071,81
2023/10/3,2023,10,3,2,17,14897,81
2023/10/3,2023,10,3,2,18,15491,80
2023/10/3,2023,10,3,2,19,15668,78
2023/10/3,2023,10,3,2,20,15519,74
2023/10/3,2023,10,3,2,21,14839,72
2023/10/3,2023,10,3,2,22,13829,71
2023/10/3,2023,10,3,2,23,12635,69
2023/10/3,2023,10,3,2,24,11524,67
2023/10/4,2023,10,4,3,1,10756,66
2023/10/4,2023,10,4,3,2,10259,65
2023/10/4,2023,10,4,3,3,9940,64
2023/10/4,2023,10,4,3,4,9837,63
2023/10/4,2023,10,4,3,5,9991,61
2023/10/4,2023,10,4,3,6,10713,61
2023/10/4,2023,10,4,3,7,12044,63
2023/10/4,2023,10,4,3,8,12826,62
2023/10/4,2023,10,4,3,9,12991,65
2023/10/4,2023,10,4,3,10,12984,68
2023/10/4,2023,10,4,3,11,13060,71
2023/10/4,2023,10,4,3,12,13344,75
2023/10/4,2023,10,4,3,13,13736,76
2023/10/4,2023,10,4,3,14,14276,77
2023/10/4,2023,10,4,3,15,14828,78
2023/10/4,2023,10,4,3,16,15503,78
2023/10/4,2023,10,4,3,17,16215,79
2023/10/4,2023,10,4,3,18,16511,77
2023/10/4,2023,10,4,3,19,16475,75
2023/10/4,2023,10,4,3,20,16177,72
2023/10/4,2023,10,4,3,21,15355,70
2023/10/4,2023,10,4,3,22,14306,67
2023/10/4,2023,10,4,3,23,13027,67
2023/10/4,2023,10,4,3,24,11870,65
2023/10/5,2023,10,5,4,1,11046,64
2023/10/5,2023,10,5,4,2,10524,63
2023/10/5,2023,10,5,4,3,10175,62
2023/10/5,2023,10,5,4,4,10025,62
2023/10/5,2023,10,5,4,5,10171,62
2023/10/5,2023,10,5,4,6,10880,61
2023/10/5,2023,10,5,4,7,12201,61
2023/10/5,2023,10,5,4,8,13028,60
2023/10/5,2023,10,5,4,9,13268,61
2023/10/5,2023,10,5,4,10,13210,63
2023/10/5,2023,10,5,4,11,13000,64
2023/10/5,2023,10,5,4,12,12995,67
2023/10/5,2023,10,5,4,13,13099,71
2023/10/5,2023,10,5,4,14,13454,72
2023/10/5,2023,10,5,4,15,13834,74
2023/10/5,2023,10,5,4,16,14395,75
2023/10/5,2023,10,5,4,17,15018,75
2023/10/5,2023,10,5,4,18,15423,74
2023/10/5,2023,10,5,4,19,15522,70
2023/10/5,2023,10,5,4,20,15244,68
2023/10/5,2023,10,5,4,21,14534,66
2023/10/5,2023,10,5,4,22,13599,64
2023/10/5,2023,10,5,4,23,12506,63
2023/10/5,2023,10,5,4,24,11493,62
2023/10/6,2023,10,6,5,1,10761,62
2023/10/6,2023,10,6,5,2,10318,62
2023/10/6,2023,10,6,5,3,10032,62
2023/10/6,2023,10,6,5,4,9940,62
2023/10/6,2023,10,6,5,5,10119,62
2023/10/6,2023,10,6,5,6,10823,62
2023/10/6,2023,10,6,5,7,12081,62
2023/10/6,2023,10,6,5,8,13021,62
2023/10/6,2023,10,6,5,9,13539,62
2023/10/6,2023,10,6,5,10,13679,63
2023/10/6,2023,10,6,5,11,13849,64
2023/10/6,2023,10,6,5,12,13886,65
2023/10/6,2023,10,6,5,13,13910,66
2023/10/6,2023,10,6,5,14,14018,67
2023/10/6,2023,10,6,5,15,14010,67
2023/10/6,2023,10,6,5,16,14111,67
2023/10/6,2023,10,6,5,17,14346,66
2023/10/6,2023,10,6,5,18,14578,67
2023/10/6,2023,10,6,5,19,14737,67
2023/10/6,2023,10,6,5,20,14449,66
2023/10/6,2023,10,6,5,21,13903,66
2023/10/6,2023,10,6,5,22,13198,65
2023/10/6,2023,10,6,5,23,12374,66
2023/10/6,2023,10,6,5,24,11495,66
2023/10/7,2023,10,7,6,1,10823,65
2023/10/7,2023,10,7,6,2,10369,65
2023/10/7,2023,10,7,6,3,10056,65
2023/10/7,2023,10,7,6,4,9911,65
2023/10/7,2023,10,7,6,5,9922,65
2023/10/7,2023,10,7,6,6,10163,65
2023/10/7,2023,10,7,6,7,10701,65
2023/10/7,2023,10,7,6,8,11335,64
2023/10/7,2023,10,7,6,9,12128,65
2023/10/7,2023,10,7,6,10,12668,65
2023/10/7,2023,10,7,6,11,13016,66
2023/10/7,2023,10,7,6,12,13120,66
2023/10/7,2023,10,7,6,13,13147,67
2023/10/7,2023,10,7,6,14,13133,67
2023/10/7,2023,10,7,6,15,13171,68
2023/10/7,2023,10,7,6,16,13204,66
2023/10/7,2023,10,7,6,17,13386,66
2023/10/7,2023,10,7,6,18,13611,64
2023/10/7,2023,10,7,6,19,13705,61
2023/10/7,2023,10,7,6,20,13373,60
2023/10/7,2023,10,7,6,21,12787,59
2023/10/7,2023,10,7,6,22,12184,58
2023/10/7,2023,10,7,6,23,11413,57
2023/10/7,2023,10,7,6,24,10601,57
2023/10/8,2023,10,8,7,1,9911,56
2023/10/8,2023,10,8,7,2,9419,54
2023/10/8,2023,10,8,7,3,9099,54
2023/10/8,2023,10,8,7,4,8936,53
2023/10/8,2023,10,8,7,5,8899,52
2023/10/8,2023,10,8,7,6,9048,51
2023/10/8,2023,10,8,7,7,9454,50
2023/10/8,2023,10,8,7,8,9800,50
2023/10/8,2023,10,8,7,9,10203,51
2023/10/8,2023,10,8,7,10,10238,53
2023/10/8,2023,10,8,7,11,10110,55
2023/10/8,2023,10,8,7,12,10030,57
2023/10/8,2023,10,8,7,13,10050,59
2023/10/8,2023,10,8,7,14,10107,61
2023/10/8,2023,10,8,7,15,10415,61
2023/10/8,2023,10,8,7,16,10936,62
2023/10/8,2023,10,8,7,17,11464,61
2023/10/8,2023,10,8,7,18,12245,61
2023/10/8,2023,10,8,7,19,12805,59
2023/10/8,2023,10,8,7,20,12698,56
2023/10/8,2023,10,8,7,21,12139,54
2023/10/8,2023,10,8,7,22,11236,53
2023/10/8,2023,10,8,7,23,10754,52
2023/10/8,2023,10,8,7,24,9868,51
2023/10/9,2023,10,9,1,1,9412,50
2023/10/9,2023,10,9,1,2,9080,49
2023/10/9,2023,10,9,1,3,8917,48
2023/10/9,2023,10,9,1,4,8888,47
2023/10/9,2023,10,9,1,5,9154,46
2023/10/9,2023,10,9,1,6,9856,45
2023/10/9,2023,10,9,1,7,10716,45
2023/10/9,2023,10,9,1,8,11408,44
2023/10/9,2023,10,9,1,9,11545,47
2023/10/9,2023,10,9,1,10,11295,50
2023/10/9,2023,10,9,1,11,11256,52
2023/10/9,2023,10,9,1,12,11036,55
2023/10/9,2023,10,9,1,13,10962,58
2023/10/9,2023,10,9,1,14,11196,60
2023/10/9,2023,10,9,1,15,11681,60
2023/10/9,2023,10,9,1,16,11953,60
2023/10/9,2023,10,9,1,17,12634,60
2023/10/9,2023,10,9,1,18,13454,59
2023/10/9,2023,10,9,1,19,13948,57
2023/10/9,2023,10,9,1,20,13728,54
2023/10/9,2023,10,9,1,21,13063,53
2023/10/9,2023,10,9,1,22,12160,53
2023/10/9,2023,10,9,1,23,11073,52
2023/10/9,2023,10,9,1,24,9941,52
2023/10/10,2023,10,10,2,1,9662,50
2023/10/10,2023,10,10,2,2,9298,49
2023/10/10,2023,10,10,2,3,9123,47
2023/10/10,2023,10,10,2,4,9104,46
2023/10/10,2023,10,10,2,5,9386,46
2023/10/10,2023,10,10,2,6,10230,46
2023/10/10,2023,10,10,2,7,11653,47
2023/10/10,2023,10,10,2,8,12635,47
2023/10/10,2023,10,10,2,9,12737,48
2023/10/10,2023,10,10,2,10,12555,51
2023/10/10,2023,10,10,2,11,12307,54
2023/10/10,2023,10,10,2,12,12086,57
2023/10/10,2023,10,10,2,13,12019,60
2023/10/10,2023,10,10,2,14,12254,60
2023/10/10,2023,10,10,2,15,12337,61
2023/10/10,2023,10,10,2,16,12578,61
2023/10/10,2023,10,10,2,17,12990,61
2023/10/10,2023,10,10,2,18,13557,60
2023/10/10,2023,10,10,2,19,14110,59
2023/10/10,2023,10,10,2,20,13952,57
2023/10/10,2023,10,10,2,21,13259,54
2023/10/10,2023,10,10,2,22,12379,52
2023/10/10,2023,10,10,2,23,11304,52
2023/10/10,2023,10,10,2,24,10404,51
2023/10/11,2023,10,11,3,1,9813,50
2023/10/11,2023,10,11,3,2,9462,49
2023/10/11,2023,10,11,3,3,9267,48
2023/10/11,2023,10,11,3,4,9241,49
2023/10/11,2023,10,11,3,5,9496,49
2023/10/11,2023,10,11,3,6,10320,49
2023/10/11,2023,10,11,3,7,11759,49
2023/10/11,2023,10,11,3,8,12659,50
2023/10/11,2023,10,11,3,9,12834,51
2023/10/11,2023,10,11,3,10,12626,54
2023/10/11,2023,10,11,3,11,12320,57
2023/10/11,2023,10,11,3,12,12055,60
2023/10/11,2023,10,11,3,13,11977,63
2023/10/11,2023,10,11,3,14,12143,64
2023/10/11,2023,10,11,3,15,12264,65
2023/10/11,2023,10,11,3,16,12533,66
2023/10/11,2023,10,11,3,17,13003,65
2023/10/11,2023,10,11,3,18,13675,64
2023/10/11,2023,10,11,3,19,14147,62
2023/10/11,2023,10,11,3,20,13952,59
2023/10/11,2023,10,11,3,21,13320,58
2023/10/11,2023,10,11,3,22,12436,56
2023/10/11,2023,10,11,3,23,11351,55
2023/10/11,2023,10,11,3,24,10455,54
2023/10/12,2023,10,12,4,1,9818,53
2023/10/12,2023,10,12,4,2,9448,52
2023/10/12,2023,10,12,4,3,9253,53
2023/10/12,2023,10,12,4,4,9206,52
2023/10/12,2023,10,12,4,5,9460,52
2023/10/12,2023,10,12,4,6,10235,51
2023/10/12,2023,10,12,4,7,11695,51
2023/10/12,2023,10,12,4,8,12554,50
2023/10/12,2023,10,12,4,9,12552,51
2023/10/12,2023,10,12,4,10,12206,56
2023/10/12,2023,10,12,4,11,11880,59
2023/10/12,2023,10,12,4,12,11719,63
2023/10/12,2023,10,12,4,13,11750,64
2023/10/12,2023,10,12,4,14,11980,66
2023/10/12,2023,10,12,4,15,12198,67
2023/10/12,2023,10,12,4,16,12449,66
2023/10/12,2023,10,12,4,17,12962,66
2023/10/12,2023,10,12,4,18,13553,65
2023/10/12,2023,10,12,4,19,14036,62
2023/10/12,2023,10,12,4,20,13867,59
2023/10/12,2023,10,12,4,21,13209,58
2023/10/12,2023,10,12,4,22,12432,57
2023/10/12,2023,10,12,4,23,11390,56
2023/10/12,2023,10,12,4,24,10447,55
2023/10/13,2023,10,13,5,1,9821,54
2023/10/13,2023,10,13,5,2,9432,52
2023/10/13,2023,10,13,5,3,9235,51
2023/10/13,2023,10,13,5,4,9171,49
2023/10/13,2023,10,13,5,5,9412,47
2023/10/13,2023,10,13,5,6,10186,46
2023/10/13,2023,10,13,5,7,11591,46
2023/10/13,2023,10,13,5,8,12434,45
2023/10/13,2023,10,13,5,9,12351,47
2023/10/13,2023,10,13,5,10,11890,50
2023/10/13,2023,10,13,5,11,11494,53
2023/10/13,2023,10,13,5,12,11262,55
2023/10/13,2023,10,13,5,13,11143,58
2023/10/13,2023,10,13,5,14,11226,60
2023/10/13,2023,10,13,5,15,11487,61
2023/10/13,2023,10,13,5,16,11842,62
2023/10/13,2023,10,13,5,17,12385,61
2023/10/13,2023,10,13,5,18,13016,60
2023/10/13,2023,10,13,5,19,13405,57
2023/10/13,2023,10,13,5,20,13185,54
2023/10/13,2023,10,13,5,21,12684,52
2023/10/13,2023,10,13,5,22,12024,51
2023/10/13,2023,10,13,5,23,11208,51
2023/10/13,2023,10,13,5,24,10416,50
2023/10/14,2023,10,14,6,1,9830,49
2023/10/14,2023,10,14,6,2,9415,48
2023/10/14,2023,10,14,6,3,9197,47
2023/10/14,2023,10,14,6,4,9106,47
2023/10/14,2023,10,14,6,5,9190,46
2023/10/14,2023,10,14,6,6,9527,46
2023/10/14,2023,10,14,6,7,10136,47
2023/10/14,2023,10,14,6,8,10771,47
2023/10/14,2023,10,14,6,9,11166,48
2023/10/14,2023,10,14,6,10,11118,50
2023/10/14,2023,10,14,6,11,10976,53
2023/10/14,2023,10,14,6,12,10833,55
2023/10/14,2023,10,14,6,13,11131,57
2023/10/14,2023,10,14,6,14,11563,57
2023/10/14,2023,10,14,6,15,11594,57
2023/10/14,2023,10,14,6,16,11783,56
2023/10/14,2023,10,14,6,17,12156,56
2023/10/14,2023,10,14,6,18,12628,55
2023/10/14,2023,10,14,6,19,12960,54
2023/10/14,2023,10,14,6,20,12683,53
2023/10/14,2023,10,14,6,21,12236,52
2023/10/14,2023,10,14,6,22,11645,51
2023/10/14,2023,10,14,6,23,10916,51
2023/10/14,2023,10,14,6,24,10194,51
2023/10/15,2023,10,15,7,1,9673,50
2023/10/15,2023,10,15,7,2,9284,50
2023/10/15,2023,10,15,7,3,9072,49
2023/10/15,2023,10,15,7,4,8971,49
2023/10/15,2023,10,15,7,5,9009,48
2023/10/15,2023,10,15,7,6,9228,48
2023/10/15,2023,10,15,7,7,9688,48
2023/10/15,2023,10,15,7,8,10263,47
2023/10/15,2023,10,15,7,9,10742,47
2023/10/15,2023,10,15,7,10,10960,50
2023/10/15,2023,10,15,7,11,11043,52
2023/10/15,2023,10,15,7,12,10809,54
2023/10/15,2023,10,15,7,13,10784,56
2023/10/15,2023,10,15,7,14,10970,58
2023/10/15,2023,10,15,7,15,11064,58
2023/10/15,2023,10,15,7,16,11361,58
2023/10/15,2023,10,15,7,17,12056,58
2023/10/15,2023,10,15,7,18,12826,57
2023/10/15,2023,10,15,7,19,13355,55
2023/10/15,2023,10,15,7,20,13172,52
2023/10/15,2023,10,15,7,21,12617,50
2023/10/15,2023,10,15,7,22,11814,50
2023/10/15,2023,10,15,7,23,10881,50
2023/10/15,2023,10,15,7,24,10039,49
2023/10/16,2023,10,16,1,1,9489,49
2023/10/16,2023,10,16,1,2,9190,49
2023/10/16,2023,10,16,1,3,9027,49
2023/10/16,2023,10,16,1,4,9036,48
2023/10/16,2023,10,16,1,5,9322,48
2023/10/16,2023,10,16,1,6,10180,49
2023/10/16,2023,10,16,1,7,11654,49
2023/10/16,2023,10,16,1,8,12610,49
2023/10/16,2023,10,16,1,9,12693,49
2023/10/16,2023,10,16,1,10,12569,53
2023/10/16,2023,10,16,1,11,12531,54
2023/10/16,2023,10,16,1,12,12678,57
2023/10/16,2023,10,16,1,13,12797,57
2023/10/16,2023,10,16,1,14,12690,58
2023/10/16,2023,10,16,1,15,12390,57
2023/10/16,2023,10,16,1,16,12463,57
2023/10/16,2023,10,16,1,17,12999,57
2023/10/16,2023,10,16,1,18,13775,56
2023/10/16,2023,10,16,1,19,14327,54
2023/10/16,2023,10,16,1,20,13975,52
2023/10/16,2023,10,16,1,21,13326,52
2023/10/16,2023,10,16,1,22,12463,51
2023/10/16,2023,10,16,1,23,11384,50
2023/10/16,2023,10,16,1,24,10458,50
2023/10/17,2023,10,17,2,1,9852,49
2023/10/17,2023,10,17,2,2,9496,50
2023/10/17,2023,10,17,2,3,9322,49
2023/10/17,2023,10,17,2,4,9310,48
2023/10/17,2023,10,17,2,5,9578,47
2023/10/17,2023,10,17,2,6,10431,47
2023/10/17,2023,10,17,2,7,11912,48
2023/10/17,2023,10,17,2,8,12816,48
2023/10/17,2023,10,17,2,9,12726,49
2023/10/17,2023,10,17,2,10,12329,51
2023/10/17,2023,10,17,2,11,12083,55
2023/10/17,2023,10,17,2,12,12115,56
2023/10/17,2023,10,17,2,13,12328,58
2023/10/17,2023,10,17,2,14,12504,58
2023/10/17,2023,10,17,2,15,12608,59
2023/10/17,2023,10,17,2,16,12750,59
2023/10/17,2023,10,17,2,17,13079,58
2023/10/17,2023,10,17,2,18,13711,57
2023/10/17,2023,10,17,2,19,14125,56
2023/10/17,2023,10,17,2,20,13929,55
2023/10/17,2023,10,17,2,21,13273,54
2023/10/17,2023,10,17,2,22,12400,53
2023/10/17,2023,10,17,2,23,11344,52
2023/10/17,2023,10,17,2,24,10421,51
2023/10/18,2023,10,18,3,1,9833,52
2023/10/18,2023,10,18,3,2,9478,51
2023/10/18,2023,10,18,3,3,9282,51
2023/10/18,2023,10,18,3,4,9247,51
2023/10/18,2023,10,18,3,5,9524,51
2023/10/18,2023,10,18,3,6,10353,50
2023/10/18,2023,10,18,3,7,11853,51
2023/10/18,2023,10,18,3,8,12859,51
2023/10/18,2023,10,18,3,9,13066,52
2023/10/18,2023,10,18,3,10,12964,54
2023/10/18,2023,10,18,3,11,12819,56
2023/10/18,2023,10,18,3,12,12614,57
2023/10/18,2023,10,18,3,13,12416,59
2023/10/18,2023,10,18,3,14,12421,60
2023/10/18,2023,10,18,3,15,12477,61
2023/10/18,2023,10,18,3,16,12726,61
2023/10/18,2023,10,18,3,17,13113,61
2023/10/18,2023,10,18,3,18,13707,59
2023/10/18,2023,10,18,3,19,14187,58
2023/10/18,2023,10,18,3,20,13892,56
2023/10/18,2023,10,18,3,21,13261,56
2023/10/18,2023,10,18,3,22,12399,55
2023/10/18,2023,10,18,3,23,11366,54
2023/10/18,2023,10,18,3,24,10441,54
2023/10/19,2023,10,19,4,1,9838,53
2023/10/19,2023,10,19,4,2,9461,53
2023/10/19,2023,10,19,4,3,9268,53
2023/10/19,2023,10,19,4,4,9228,53
2023/10/19,2023,10,19,4,5,9487,52
2023/10/19,2023,10,19,4,6,10315,51
2023/10/19,2023,10,19,4,7,11790,50
2023/10/19,2023,10,19,4,8,12729,49
2023/10/19,2023,10,19,4,9,12692,49
2023/10/19,2023,10,19,4,10,12290,53
2023/10/19,2023,10,19,4,11,11956,57
2023/10/19,2023,10,19,4,12,11804,60
2023/10/19,2023,10,19,4,13,11815,62
2023/10/19,2023,10,19,4,14,11885,63
2023/10/19,2023,10,19,4,15,11937,63
2023/10/19,2023,10,19,4,16,12134,63
2023/10/19,2023,10,19,4,17,12716,63
2023/10/19,2023,10,19,4,18,13420,62
2023/10/19,2023,10,19,4,19,14005,59
2023/10/19,2023,10,19,4,20,13760,57
2023/10/19,2023,10,19,4,21,13168,55
2023/10/19,2023,10,19,4,22,12356,55
2023/10/19,2023,10,19,4,23,11327,53
2023/10/19,2023,10,19,4,24,10428,53
2023/10/20,2023,10,20,5,1,9845,53
2023/10/20,2023,10,20,5,2,9459,53
2023/10/20,2023,10,20,5,3,9239,53
2023/10/20,2023,10,20,5,4,9214,52
2023/10/20,2023,10,20,5,5,9441,51
2023/10/20,2023,10,20,5,6,10204,51
2023/10/20,2023,10,20,5,7,11615,51
2023/10/20,2023,10,20,5,8,12579,52
2023/10/20,2023,10,20,5,9,12928,53
2023/10/20,2023,10,20,5,10,13076,55
2023/10/20,2023,10,20,5,11,13236,56
2023/10/20,2023,10,20,5,12,13281,58
2023/10/20,2023,10,20,5,13,13254,59
2023/10/20,2023,10,20,5,14,13229,61
2023/10/20,2023,10,20,5,15,13153,62
2023/10/20,2023,10,20,5,16,13221,62
2023/10/20,2023,10,20,5,17,13431,60
2023/10/20,2023,10,20,5,18,13780,60
2023/10/20,2023,10,20,5,19,13904,59
2023/10/20,2023,10,20,5,20,13455,59
2023/10/20,2023,10,20,5,21,12916,60
2023/10/20,2023,10,20,5,22,12247,59
2023/10/20,2023,10,20,5,23,11358,59
2023/10/20,2023,10,20,5,24,10542,60
2023/10/21,2023,10,21,6,1,9939,60
2023/10/21,2023,10,21,6,2,9510,59
2023/10/21,2023,10,21,6,3,9281,59
2023/10/21,2023,10,21,6,4,9157,59
2023/10/21,2023,10,21,6,5,9178,59
2023/10/21,2023,10,21,6,6,9437,58
2023/10/21,2023,10,21,6,7,9982,58
2023/10/21,2023,10,21,6,8,10680,58
2023/10/21,2023,10,21,6,9,11413,59
2023/10/21,2023,10,21,6,10,12072,58
2023/10/21,2023,10,21,6,11,12533,57
2023/10/21,2023,10,21,6,12,12674,58
2023/10/21,2023,10,21,6,13,12752,58
2023/10/21,2023,10,21,6,14,12661,58
2023/10/21,2023,10,21,6,15,12535,58
2023/10/21,2023,10,21,6,16,12490,58
2023/10/21,2023,10,21,6,17,12668,57
2023/10/21,2023,10,21,6,18,12955,57
2023/10/21,2023,10,21,6,19,13107,56
2023/10/21,2023,10,21,6,20,12738,56
2023/10/21,2023,10,21,6,21,12224,56
2023/10/21,2023,10,21,6,22,11622,56
2023/10/21,2023,10,21,6,23,10902,56
2023/10/21,2023,10,21,6,24,10203,55
2023/10/22,2023,10,22,7,1,9633,55
2023/10/22,2023,10,22,7,2,9243,55
2023/10/22,2023,10,22,7,3,9000,54
2023/10/22,2023,10,22,7,4,8880,54
2023/10/22,2023,10,22,7,5,8896,53
2023/10/22,2023,10,22,7,6,9109,52
2023/10/22,2023,10,22,7,7,9584,51
2023/10/22,2023,10,22,7,8,10145,50
2023/10/22,2023,10,22,7,9,10593,50
2023/10/22,2023,10,22,7,10,10762,52
2023/10/22,2023,10,22,7,11,10821,53
2023/10/22,2023,10,22,7,12,10917,53
2023/10/22,2023,10,22,7,13,11002,54
2023/10/22,2023,10,22,7,14,11060,55
2023/10/22,2023,10,22,7,15,11287,55
2023/10/22,2023,10,22,7,16,11605,54
2023/10/22,2023,10,22,7,17,12268,53
2023/10/22,2023,10,22,7,18,13036,52
2023/10/22,2023,10,22,7,19,13512,51
2023/10/22,2023,10,22,7,20,13226,49
2023/10/22,2023,10,22,7,21,12638,49
2023/10/22,2023,10,22,7,22,11853,47
2023/10/22,2023,10,22,7,23,10931,47
2023/10/22,2023,10,22,7,24,10125,45
2023/10/23,2023,10,23,1,1,9586,45
2023/10/23,2023,10,23,1,2,9272,45
2023/10/23,2023,10,23,1,3,9127,45
2023/10/23,2023,10,23,1,4,9151,45
2023/10/23,2023,10,23,1,5,9444,45
2023/10/23,2023,10,23,1,6,10357,45
2023/10/23,2023,10,23,1,7,11873,45
2023/10/23,2023,10,23,1,8,12850,43
2023/10/23,2023,10,23,1,9,12869,45
2023/10/23,2023,10,23,1,10,12462,49
2023/10/23,2023,10,23,1,11,12126,52
2023/10/23,2023,10,23,1,12,11871,55
2023/10/23,2023,10,23,1,13,11691,56
2023/10/23,2023,10,23,1,14,11769,58
2023/10/23,2023,10,23,1,15,11960,59
2023/10/23,2023,10,23,1,16,12298,59
2023/10/23,2023,10,23,1,17,12981,59
2023/10/23,2023,10,23,1,18,13819,57
2023/10/23,2023,10,23,1,19,14329,55
2023/10/23,2023,10,23,1,20,13963,52
2023/10/23,2023,10,23,1,21,13283,51
2023/10/23,2023,10,23,1,22,12372,49
2023/10/23,2023,10,23,1,23,11398,47
2023/10/23,2023,10,23,1,24,10499,45
2023/10/24,2023,10,24,2,1,9930,43
2023/10/24,2023,10,24,2,2,9610,43
2023/10/24,2023,10,24,2,3,9451,42
2023/10/24,2023,10,24,2,4,9453,42
2023/10/24,2023,10,24,2,5,9764,40
2023/10/24,2023,10,24,2,6,10686,40
2023/10/24,2023,10,24,2,7,12246,40
2023/10/24,2023,10,24,2,8,13184,40
2023/10/24,2023,10,24,2,9,13155,42
2023/10/24,2023,10,24,2,10,12711,44
2023/10/24,2023,10,24,2,11,12287,48
2023/10/24,2023,10,24,2,12,12198,51
2023/10/24,2023,10,24,2,13,12204,54
2023/10/24,2023,10,24,2,14,12181,56
2023/10/24,2023,10,24,2,15,12178,58
2023/10/24,2023,10,24,2,16,12337,59
2023/10/24,2023,10,24,2,17,12964,59
2023/10/24,2023,10,24,2,18,13746,59
2023/10/24,2023,10,24,2,19,14302,56
2023/10/24,2023,10,24,2,20,14004,55
2023/10/24,2023,10,24,2,21,13370,54
2023/10/24,2023,10,24,2,22,12498,53
2023/10/24,2023,10,24,2,23,11440,52
2023/10/24,2023,10,24,2,24,10492,51
2023/10/25,2023,10,25,3,1,9904,52
2023/10/25,2023,10,25,3,2,9524,50
2023/10/25,2023,10,25,3,3,9331,49
2023/10/25,2023,10,25,3,4,9315,50
2023/10/25,2023,10,25,3,5,9601,48
2023/10/25,2023,10,25,3,6,10466,49
2023/10/25,2023,10,25,3,7,11953,49
2023/10/25,2023,10,25,3,8,12868,49
2023/10/25,2023,10,25,3,9,12785,49
2023/10/25,2023,10,25,3,10,12333,54
2023/10/25,2023,10,25,3,11,11935,58
2023/10/25,2023,10,25,3,12,11781,62
2023/10/25,2023,10,25,3,13,11847,66
2023/10/25,2023,10,25,3,14,12116,69
2023/10/25,2023,10,25,3,15,12495,72
2023/10/25,2023,10,25,3,16,12944,72
2023/10/25,2023,10,25,3,17,13345,71
2023/10/25,2023,10,25,3,18,13930,69
2023/10/25,2023,10,25,3,19,14296,67
2023/10/25,2023,10,25,3,20,13907,65
2023/10/25,2023,10,25,3,21,13264,64
2023/10/25,2023,10,25,3,22,12391,64
2023/10/25,2023,10,25,3,23,11356,62
2023/10/25,2023,10,25,3,24,10424,61
2023/10/26,2023,10,26,4,1,9824,61
2023/10/26,2023,10,26,4,2,9433,61
2023/10/26,2023,10,26,4,3,9225,60
2023/10/26,2023,10,26,4,4,9143,60
2023/10/26,2023,10,26,4,5,9357,57
2023/10/26,2023,10,26,4,6,10141,57
2023/10/26,2023,10,26,4,7,11540,59
2023/10/26,2023,10,26,4,8,12522,57
2023/10/26,2023,10,26,4,9,12665,58
2023/10/26,2023,10,26,4,10,12533,62
2023/10/26,2023,10,26,4,11,12404,65
2023/10/26,2023,10,26,4,12,12226,69
2023/10/26,2023,10,26,4,13,12213,72
2023/10/26,2023,10,26,4,14,12429,74
2023/10/26,2023,10,26,4,15,12731,75
2023/10/26,2023,10,26,4,16,13173,76
2023/10/26,2023,10,26,4,17,13681,75
2023/10/26,2023,10,26,4,18,14142,74
2023/10/26,2023,10,26,4,19,14450,69
2023/10/26,2023,10,26,4,20,14024,68
2023/10/26,2023,10,26,4,21,13377,66
2023/10/26,2023,10,26,4,22,12545,63
2023/10/26,2023,10,26,4,23,11503,63
2023/10/26,2023,10,26,4,24,10566,62
2023/10/27,2023,10,27,5,1,9974,62
2023/10/27,2023,10,27,5,2,9563,62
2023/10/27,2023,10,27,5,3,9298,60
2023/10/27,2023,10,27,5,4,9211,60
2023/10/27,2023,10,27,5,5,9422,60
2023/10/27,2023,10,27,5,6,10126,60
2023/10/27,2023,10,27,5,7,11410,61
2023/10/27,2023,10,27,5,8,12366,59
2023/10/27,2023,10,27,5,9,12698,60
2023/10/27,2023,10,27,5,10,12586,62
2023/10/27,2023,10,27,5,11,12492,65
2023/10/27,2023,10,27,5,12,12517,68
2023/10/27,2023,10,27,5,13,12676,72
2023/10/27,2023,10,27,5,14,12618,72
2023/10/27,2023,10,27,5,15,12576,74
2023/10/27,2023,10,27,5,16,12919,75
2023/10/27,2023,10,27,5,17,13378,76
2023/10/27,2023,10,27,5,18,13797,74
2023/10/27,2023,10,27,5,19,13953,71
2023/10/27,2023,10,27,5,20,13487,67
2023/10/27,2023,10,27,5,21,12921,66
2023/10/27,2023,10,27,5,22,12230,64
2023/10/27,2023,10,27,5,23,11404,63
2023/10/27,2023,10,27,5,24,10560,63
2023/10/28,2023,10,28,6,1,9926,63
2023/10/28,2023,10,28,6,2,9478,62
2023/10/28,2023,10,28,6,3,9210,61
2023/10/28,2023,10,28,6,4,9060,60
2023/10/28,2023,10,28,6,5,9092,59
2023/10/28,2023,10,28,6,6,9327,59
2023/10/28,2023,10,28,6,7,9868,58
2023/10/28,2023,10,28,6,8,10473,58
2023/10/28,2023,10,28,6,9,10955,58
2023/10/28,2023,10,28,6,10,11038,63
2023/10/28,2023,10,28,6,11,11068,68
2023/10/28,2023,10,28,6,12,11120,72
2023/10/28,2023,10,28,6,13,11327,75
2023/10/28,2023,10,28,6,14,11655,77
2023/10/28,2023,10,28,6,15,12135,78
2023/10/28,2023,10,28,6,16,12562,78
2023/10/28,2023,10,28,6,17,12976,77
2023/10/28,2023,10,28,6,18,13442,76
2023/10/28,2023,10,28,6,19,13681,73
2023/10/28,2023,10,28,6,20,13216,70
2023/10/28,2023,10,28,6,21,12540,67
2023/10/28,2023,10,28,6,22,11829,64
2023/10/28,2023,10,28,6,23,11014,62
2023/10/28,2023,10,28,6,24,10258,59
2023/10/29,2023,10,29,7,1,9618,57
2023/10/29,2023,10,29,7,2,9193,56
2023/10/29,2023,10,29,7,3,8860,55
2023/10/29,2023,10,29,7,4,8716,54
2023/10/29,2023,10,29,7,5,8688,53
2023/10/29,2023,10,29,7,6,8858,52
2023/10/29,2023,10,29,7,7,9280,51
2023/10/29,2023,10,29,7,8,9823,50
2023/10/29,2023,10,29,7,9,10561,51
2023/10/29,2023,10,29,7,10,11245,51
2023/10/29,2023,10,29,7,11,11774,50
2023/10/29,2023,10,29,7,12,12173,49
2023/10/29,2023,10,29,7,13,12399,48
2023/10/29,2023,10,29,7,14,12381,47
2023/10/29,2023,10,29,7,15,12449,47
2023/10/29,2023,10,29,7,16,12562,47
2023/10/29,2023,10,29,7,17,12941,47
2023/10/29,2023,10,29,7,18,13521,47
2023/10/29,2023,10,29,7,19,13625,46
2023/10/29,2023,10,29,7,20,13181,46
2023/10/29,2023,10,29,7,21,12587,46
2023/10/29,2023,10,29,7,22,11802,46
2023/10/29,2023,10,29,7,23,10896,45
2023/10/29,2023,10,29,7,24,10089,45
2023/10/30,2023,10,30,1,1,9559,46
2023/10/30,2023,10,30,1,2,9249,46
2023/10/30,2023,10,30,1,3,9090,46
2023/10/30,2023,10,30,1,4,9080,46
2023/10/30,2023,10,30,1,5,9386,46
2023/10/30,2023,10,30,1,6,10231,46
2023/10/30,2023,10,30,1,7,11698,47
2023/10/30,2023,10,30,1,8,12836,47
2023/10/30,2023,10,30,1,9,13344,47
2023/10/30,2023,10,30,1,10,13672,48
2023/10/30,2023,10,30,1,11,13826,48
2023/10/30,2023,10,30,1,12,13908,49
2023/10/30,2023,10,30,1,13,13951,50
2023/10/30,2023,10,30,1,14,13898,50
2023/10/30,2023,10,30,1,15,13787,50
2023/10/30,2023,10,30,1,16,13805,49
2023/10/30,2023,10,30,1,17,14067,49
2023/10/30,2023,10,30,1,18,14623,49
2023/10/30,2023,10,30,1,19,14701,48
2023/10/30,2023,10,30,1,20,14216,48
2023/10/30,2023,10,30,1,21,13533,47
2023/10/30,2023,10,30,1,22,12668,47
2023/10/30,2023,10,30,1,23,11633,46
2023/10/30,2023,10,30,1,24,10701,46
2023/10/31,2023,10,31,2,1,10140,45
2023/10/31,2023,10,31,2,2,9795,44
2023/10/31,2023,10,31,2,3,9634,43
2023/10/31,2023,10,31,2,4,9640,43
2023/10/31,2023,10,31,2,5,9950,41
2023/10/31,2023,10,31,2,6,10862,40
2023/10/31,2023,10,31,2,7,12455,38
2023/10/31,2023,10,31,2,8,13496,36
2023/10/31,2023,10,31,2,9,13420,36
2023/10/31,2023,10,31,2,10,12636,39
2023/10/31,2023,10,31,2,11,11981,42
2023/10/31,2023,10,31,2,12,11531,44
2023/10/31,2023,10,31,2,13,11272,46
2023/10/31,2023,10,31,2,14,11298,47
2023/10/31,2023,10,31,2,15,11517,48
2023/10/31,2023,10,31,2,16,12175,48
2023/10/31,2023,10,31,2,17,13087,48
2023/10/31,2023,10,31,2,18,13820,46
2023/10/31,2023,10,31,2,19,13972,44
2023/10/31,2023,10,31,2,20,13689,43
2023/10/31,2023,10,31,2,21,13439,43
2023/10/31,2023,10,31,2,22,12825,42
2023/10/31,2023,10,31,2,23,11867,41
2023/10/31,2023,10,31,2,24,10998,41
2023/11/1,2023,11,1,3,1,10437,41
2023/11/1,2023,11,1,3,2,10119,40
2023/11/1,2023,11,1,3,3,9959,40
2023/11/1,2023,11,1,3,4,9973,39
2023/11/1,2023,11,1,3,5,10264,39
2023/11/1,2023,11,1,3,6,11181,39
2023/11/1,2023,11,1,3,7,12695,38
2023/11/1,2023,11,1,3,8,13740,37
2023/11/1,2023,11,1,3,9,13854,37
2023/11/1,2023,11,1,3,10,13651,38
2023/11/1,2023,11,1,3,11,13499,39
2023/11/1,2023,11,1,3,12,13395,40
2023/11/1,2023,11,1,3,13,13365,41
2023/11/1,2023,11,1,3,14,13409,41
2023/11/1,2023,11,1,3,15,13336,41
2023/11/1,2023,11,1,3,16,13523,42
2023/11/1,2023,11,1,3,17,14036,43
2023/11/1,2023,11,1,3,18,14840,42
2023/11/1,2023,11,1,3,19,15353,40
2023/11/1,2023,11,1,3,20,15055,38
2023/11/1,2023,11,1,3,21,14503,37
2023/11/1,2023,11,1,3,22,13696,35
2023/11/1,2023,11,1,3,23,12626,35
2023/11/1,2023,11,1,3,24,11717,34
2023/11/2,2023,11,2,4,1,11133,33
2023/11/2,2023,11,2,4,2,10821,33
2023/11/2,2023,11,2,4,3,10698,32
2023/11/2,2023,11,2,4,4,10727,31
2023/11/2,2023,11,2,4,5,11086,31
2023/11/2,2023,11,2,4,6,12028,30
2023/11/2,2023,11,2,4,7,13648,30
2023/11/2,2023,11,2,4,8,14707,29
2023/11/2,2023,11,2,4,9,14565,29
2023/11/2,2023,11,2,4,10,13723,33
2023/11/2,2023,11,2,4,11,12919,37
2023/11/2,2023,11,2,4,12,12325,40
2023/11/2,2023,11,2,4,13,11973,41
2023/11/2,2023,11,2,4,14,11906,43
2023/11/2,2023,11,2,4,15,11999,45
2023/11/2,2023,11,2,4,16,12551,46
2023/11/2,2023,11,2,4,17,13490,46
2023/11/2,2023,11,2,4,18,14607,45
2023/11/2,2023,11,2,4,19,15227,42
2023/11/2,2023,11,2,4,20,14994,41
2023/11/2,2023,11,2,4,21,14495,38
2023/11/2,2023,11,2,4,22,13712,37
2023/11/2,2023,11,2,4,23,12706,36
2023/11/2,2023,11,2,4,24,11847,36
2023/11/3,2023,11,3,5,1,11206,35
2023/11/3,2023,11,3,5,2,10864,34
2023/11/3,2023,11,3,5,3,10668,34
2023/11/3,2023,11,3,5,4,10636,35
2023/11/3,2023,11,3,5,5,10916,36
2023/11/3,2023,11,3,5,6,11768,37
2023/11/3,2023,11,3,5,7,13261,37
2023/11/3,2023,11,3,5,8,14261,37
2023/11/3,2023,11,3,5,9,14198,36
2023/11/3,2023,11,3,5,10,13479,41
2023/11/3,2023,11,3,5,11,12720,45
2023/11/3,2023,11,3,5,12,12226,49
2023/11/3,2023,11,3,5,13,11695,51
2023/11/3,2023,11,3,5,14,11480,53
2023/11/3,2023,11,3,5,15,11597,55
2023/11/3,2023,11,3,5,16,12102,55
2023/11/3,2023,11,3,5,17,12988,54
2023/11/3,2023,11,3,5,18,13866,53
2023/11/3,2023,11,3,5,19,14253,51
2023/11/3,2023,11,3,5,20,13872,49
2023/11/3,2023,11,3,5,21,13373,48
2023/11/3,2023,11,3,5,22,12720,47
2023/11/3,2023,11,3,5,23,11873,47
2023/11/3,2023,11,3,5,24,11012,46
2023/11/4,2023,11,4,6,1,10392,46
2023/11/4,2023,11,4,6,2,9996,45
2023/11/4,2023,11,4,6,3,9778,46
2023/11/4,2023,11,4,6,4,9703,46
2023/11/4,2023,11,4,6,5,9791,45
2023/11/4,2023,11,4,6,6,10123,44
2023/11/4,2023,11,4,6,7,10743,44
2023/11/4,2023,11,4,6,8,11465,45
2023/11/4,2023,11,4,6,9,11954,45
2023/11/4,2023,11,4,6,10,12090,46
2023/11/4,2023,11,4,6,11,11890,49
2023/11/4,2023,11,4,6,12,11680,52
2023/11/4,2023,11,4,6,13,11601,53
2023/11/4,2023,11,4,6,14,11533,56
2023/11/4,2023,11,4,6,15,11596,57
2023/11/4,2023,11,4,6,16,11898,57
2023/11/4,2023,11,4,6,17,12368,56
2023/11/4,2023,11,4,6,18,13057,55
2023/11/4,2023,11,4,6,19,13301,53
2023/11/4,2023,11,4,6,20,12913,52
2023/11/4,2023,11,4,6,21,12466,52
2023/11/4,2023,11,4,6,22,11901,51
2023/11/4,2023,11,4,6,23,11232,51
2023/11/4,2023,11,4,6,24,10484,48
2023/11/5,2023,11,5,7,1,9932,48
2023/11/5,2023,11,5,7,2,9445,48
2023/11/5,2023,11,5,7,3,9206,48
2023/11/5,2023,11,5,7,4,9160,48
2023/11/5,2023,11,5,7,5,9285,47
2023/11/5,2023,11,5,7,6,9662,46
2023/11/5,2023,11,5,7,7,10246,46
2023/11/5,2023,11,5,7,8,10807,46
2023/11/5,2023,11,5,7,9,11085,48
2023/11/5,2023,11,5,7,10,11092,52
2023/11/5,2023,11,5,7,11,10929,54
2023/11/5,2023,11,5,7,12,10920,57
2023/11/5,2023,11,5,7,13,10910,58
2023/11/5,2023,11,5,7,14,11051,58
2023/11/5,2023,11,5,7,15,11392,58
2023/11/5,2023,11,5,7,16,12031,57
2023/11/5,2023,11,5,7,17,13014,56
2023/11/5,2023,11,5,7,18,13841,52
2023/11/5,2023,11,5,7,19,13588,50
2023/11/5,2023,11,5,7,20,13131,48
2023/11/5,2023,11,5,7,21,12556,48
2023/11/5,2023,11,5,7,22,11759,48
2023/11/5,2023,11,5,7,23,10938,46
2023/11/5,2023,11,5,7,24,10248,45
2023/11/6,2023,11,6,1,1,9813,43
2023/11/6,2023,11,6,1,2,9595,42
2023/11/6,2023,11,6,1,3,9532,41
2023/11/6,2023,11,6,1,4,9627,39
2023/11/6,2023,11,6,1,5,10065,39
2023/11/6,2023,11,6,1,6,11138,38
2023/11/6,2023,11,6,1,7,12670,37
2023/11/6,2023,11,6,1,8,13397,38
2023/11/6,2023,11,6,1,9,13207,40
2023/11/6,2023,11,6,1,10,12783,43
2023/11/6,2023,11,6,1,11,12435,46
2023/11/6,2023,11,6,1,12,12501,47
2023/11/6,2023,11,6,1,13,12880,48
2023/11/6,2023,11,6,1,14,13281,48
2023/11/6,2023,11,6,1,15,13459,49
2023/11/6,2023,11,6,1,16,13678,49
2023/11/6,2023,11,6,1,17,14465,49
2023/11/6,2023,11,6,1,18,15132,48
2023/11/6,2023,11,6,1,19,14837,47
2023/11/6,2023,11,6,1,20,14278,47
2023/11/6,2023,11,6,1,21,13580,46
2023/11/6,2023,11,6,1,22,12694,46
2023/11/6,2023,11,6,1,23,11693,47
2023/11/6,2023,11,6,1,24,10808,46
2023/11/7,2023,11,7,2,1,10200,47
2023/11/7,2023,11,7,2,2,9874,48
2023/11/7,2023,11,7,2,3,9709,48
2023/11/7,2023,11,7,2,4,9664,49
2023/11/7,2023,11,7,2,5,9947,50
2023/11/7,2023,11,7,2,6,10813,51
2023/11/7,2023,11,7,2,7,12223,52
2023/11/7,2023,11,7,2,8,13105,53
2023/11/7,2023,11,7,2,9,13350,54
2023/11/7,2023,11,7,2,10,13276,55
2023/11/7,2023,11,7,2,11,13073,56
2023/11/7,2023,11,7,2,12,12796,58
2023/11/7,2023,11,7,2,13,12582,60
2023/11/7,2023,11,7,2,14,12542,63
2023/11/7,2023,11,7,2,15,12791,64
2023/11/7,2023,11,7,2,16,13205,63
2023/11/7,2023,11,7,2,17,13940,63
2023/11/7,2023,11,7,2,18,14635,60
2023/11/7,2023,11,7,2,19,14382,57
2023/11/7,2023,11,7,2,20,13860,55
2023/11/7,2023,11,7,2,21,13188,53
2023/11/7,2023,11,7,2,22,12347,52
2023/11/7,2023,11,7,2,23,11374,50
2023/11/7,2023,11,7,2,24,10557,49
2023/11/8,2023,11,8,3,1,10056,48
2023/11/8,2023,11,8,3,2,9737,46
2023/11/8,2023,11,8,3,3,9641,45
2023/11/8,2023,11,8,3,4,9726,43
2023/11/8,2023,11,8,3,5,10171,41
2023/11/8,2023,11,8,3,6,11194,39
2023/11/8,2023,11,8,3,7,12765,37
2023/11/8,2023,11,8,3,8,13443,36
2023/11/8,2023,11,8,3,9,13127,36
2023/11/8,2023,11,8,3,10,12546,37
2023/11/8,2023,11,8,3,11,12133,39
2023/11/8,2023,11,8,3,12,11962,41
2023/11/8,2023,11,8,3,13,11953,42
2023/11/8,2023,11,8,3,14,12354,43
2023/11/8,2023,11,8,3,15,13058,43
2023/11/8,2023,11,8,3,16,13745,42
2023/11/8,2023,11,8,3,17,14752,42
2023/11/8,2023,11,8,3,18,15577,40
2023/11/8,2023,11,8,3,19,15395,39
2023/11/8,2023,11,8,3,20,14976,38
2023/11/8,2023,11,8,3,21,14369,37
2023/11/8,2023,11,8,3,22,13512,37
2023/11/8,2023,11,8,3,23,12448,36
2023/11/8,2023,11,8,3,24,11532,36
2023/11/9,2023,11,9,4,1,10970,36
2023/11/9,2023,11,9,4,2,10635,36
2023/11/9,2023,11,9,4,3,10384,36
2023/11/9,2023,11,9,4,4,10348,36
2023/11/9,2023,11,9,4,5,10602,37
2023/11/9,2023,11,9,4,6,11527,37
2023/11/9,2023,11,9,4,7,13016,37
2023/11/9,2023,11,9,4,8,14013,37
2023/11/9,2023,11,9,4,9,14434,37
2023/11/9,2023,11,9,4,10,14681,37
2023/11/9,2023,11,9,4,11,14854,37
2023/11/9,2023,11,9,4,12,15106,38
2023/11/9,2023,11,9,4,13,15059,38
2023/11/9,2023,11,9,4,14,14937,39
2023/11/9,2023,11,9,4,15,14694,40
2023/11/9,2023,11,9,4,16,14733,40
2023/11/9,2023,11,9,4,17,15201,40
2023/11/9,2023,11,9,4,18,15572,40
2023/11/9,2023,11,9,4,19,15297,39
2023/11/9,2023,11,9,4,20,14826,40
2023/11/9,2023,11,9,4,21,14217,39
2023/11/9,2023,11,9,4,22,13392,39
2023/11/9,2023,11,9,4,23,12402,39
2023/11/9,2023,11,9,4,24,11576,38
2023/11/10,2023,11,10,5,1,10991,37
2023/11/10,2023,11,10,5,2,10654,36
2023/11/10,2023,11,10,5,3,10473,36
2023/11/10,2023,11,10,5,4,10456,37
2023/11/10,2023,11,10,5,5,10735,37
2023/11/10,2023,11,10,5,6,11476,37
2023/11/10,2023,11,10,5,7,12570,38
2023/11/10,2023,11,10,5,8,13311,39
2023/11/10,2023,11,10,5,9,13518,42
2023/11/10,2023,11,10,5,10,13587,45
2023/11/10,2023,11,10,5,11,13696,46
2023/11/10,2023,11,10,5,12,13772,48
2023/11/10,2023,11,10,5,13,13764,49
2023/11/10,2023,11,10,5,14,13759,49
2023/11/10,2023,11,10,5,15,13737,50
2023/11/10,2023,11,10,5,16,13839,49
2023/11/10,2023,11,10,5,17,14394,49
2023/11/10,2023,11,10,5,18,14953,47
2023/11/10,2023,11,10,5,19,14612,44
2023/11/10,2023,11,10,5,20,14136,43
2023/11/10,2023,11,10,5,21,13625,42
2023/11/10,2023,11,10,5,22,12974,42
2023/11/10,2023,11,10,5,23,12143,41
2023/11/10,2023,11,10,5,24,11350,41
2023/11/11,2023,11,11,6,1,10755,41
2023/11/11,2023,11,11,6,2,10392,40
2023/11/11,2023,11,11,6,3,10220,39
2023/11/11,2023,11,11,6,4,10196,39
2023/11/11,2023,11,11,6,5,10350,38
2023/11/11,2023,11,11,6,6,10762,39
2023/11/11,2023,11,11,6,7,11403,39
2023/11/11,2023,11,11,6,8,11800,38
2023/11/11,2023,11,11,6,9,11741,41
2023/11/11,2023,11,11,6,10,11505,44
2023/11/11,2023,11,11,6,11,11362,46
2023/11/11,2023,11,11,6,12,11278,46
2023/11/11,2023,11,11,6,13,11208,47
2023/11/11,2023,11,11,6,14,11263,48
2023/11/11,2023,11,11,6,15,11720,48
2023/11/11,2023,11,11,6,16,12510,47
2023/11/11,2023,11,11,6,17,13550,45
2023/11/11,2023,11,11,6,18,14273,42
2023/11/11,2023,11,11,6,19,14089,40
2023/11/11,2023,11,11,6,20,13725,38
2023/11/11,2023,11,11,6,21,13357,37
2023/11/11,2023,11,11,6,22,12840,36
2023/11/11,2023,11,11,6,23,12186,34
2023/11/11,2023,11,11,6,24,11554,32
2023/11/12,2023,11,12,7,1,11092,32
2023/11/12,2023,11,12,7,2,10819,31
2023/11/12,2023,11,12,7,3,10693,30
2023/11/12,2023,11,12,7,4,10668,29
2023/11/12,2023,11,12,7,5,10804,29
2023/11/12,2023,11,12,7,6,11165,28
2023/11/12,2023,11,12,7,7,11700,27
2023/11/12,2023,11,12,7,8,12098,28
2023/11/12,2023,11,12,7,9,12213,31
2023/11/12,2023,11,12,7,10,12219,34
2023/11/12,2023,11,12,7,11,12057,36
2023/11/12,2023,11,12,7,12,12001,38
2023/11/12,2023,11,12,7,13,11884,39
2023/11/12,2023,11,12,7,14,11896,40
2023/11/12,2023,11,12,7,15,12320,41
2023/11/12,2023,11,12,7,16,13240,41
2023/11/12,2023,11,12,7,17,14530,40
2023/11/12,2023,11,12,7,18,15411,37
2023/11/12,2023,11,12,7,19,15266,35
2023/11/12,2023,11,12,7,20,14887,33
2023/11/12,2023,11,12,7,21,14363,32
2023/11/12,2023,11,12,7,22,13599,31
2023/11/12,2023,11,12,7,23,12675,30
2023/11/12,2023,11,12,7,24,11906,29
2023/11/13,2023,11,13,1,1,11463,28
2023/11/13,2023,11,13,1,2,11222,27
2023/11/13,2023,11,13,1,3,11172,26
2023/11/13,2023,11,13,1,4,11268,26
2023/11/13,2023,11,13,1,5,11709,25
2023/11/13,2023,11,13,1,6,12753,25
2023/11/13,2023,11,13,1,7,14284,24
2023/11/13,2023,11,13,1,8,14907,25
2023/11/13,2023,11,13,1,9,14334,28
2023/11/13,2023,11,13,1,10,13546,32
2023/11/13,2023,11,13,1,11,13057,35
2023/11/13,2023,11,13,1,12,12872,38
2023/11/13,2023,11,13,1,13,12941,40
2023/11/13,2023,11,13,1,14,13348,41
2023/11/13,2023,11,13,1,15,13871,42
2023/11/13,2023,11,13,1,16,14506,42
2023/11/13,2023,11,13,1,17,15437,41
2023/11/13,2023,11,13,1,18,16042,40
2023/11/13,2023,11,13,1,19,15790,39
2023/11/13,2023,11,13,1,20,15351,39
2023/11/13,2023,11,13,1,21,14698,37
2023/11/13,2023,11,13,1,22,13816,36
2023/11/13,2023,11,13,1,23,12742,35
2023/11/13,2023,11,13,1,24,11864,34
2023/11/14,2023,11,14,2,1,11310,34
2023/11/14,2023,11,14,2,2,10973,33
2023/11/14,2023,11,14,2,3,10853,34
2023/11/14,2023,11,14,2,4,10888,34
2023/11/14,2023,11,14,2,5,11242,34
2023/11/14,2023,11,14,2,6,12205,34
2023/11/14,2023,11,14,2,7,13710,34
2023/11/14,2023,11,14,2,8,14400,34
2023/11/14,2023,11,14,2,9,14149,36
2023/11/14,2023,11,14,2,10,13732,39
2023/11/14,2023,11,14,2,11,13413,41
2023/11/14,2023,11,14,2,12,13288,44
2023/11/14,2023,11,14,2,13,13319,46
2023/11/14,2023,11,14,2,14,13476,46
2023/11/14,2023,11,14,2,15,13629,47
2023/11/14,2023,11,14,2,16,14086,46
2023/11/14,2023,11,14,2,17,15001,46
2023/11/14,2023,11,14,2,18,15706,44
2023/11/14,2023,11,14,2,19,15530,42
2023/11/14,2023,11,14,2,20,15188,40
2023/11/14,2023,11,14,2,21,14571,39
2023/11/14,2023,11,14,2,22,13702,36
2023/11/14,2023,11,14,2,23,12671,36
2023/11/14,2023,11,14,2,24,11831,35
2023/11/15,2023,11,15,3,1,11300,34
2023/11/15,2023,11,15,3,2,11025,33
2023/11/15,2023,11,15,3,3,10938,33
2023/11/15,2023,11,15,3,4,10993,31
2023/11/15,2023,11,15,3,5,11420,31
2023/11/15,2023,11,15,3,6,12450,31
2023/11/15,2023,11,15,3,7,14002,29
2023/11/15,2023,11,15,3,8,14561,29
2023/11/15,2023,11,15,3,9,13903,35
2023/11/15,2023,11,15,3,10,13117,38
2023/11/15,2023,11,15,3,11,12611,42
2023/11/15,2023,11,15,3,12,12327,44
2023/11/15,2023,11,15,3,13,12390,46
2023/11/15,2023,11,15,3,14,12718,48
2023/11/15,2023,11,15,3,15,13163,49
2023/11/15,2023,11,15,3,16,13812,49
2023/11/15,2023,11,15,3,17,14820,48
2023/11/15,2023,11,15,3,18,15517,45
2023/11/15,2023,11,15,3,19,15317,44
2023/11/15,2023,11,15,3,20,14874,44
2023/11/15,2023,11,15,3,21,14229,44
2023/11/15,2023,11,15,3,22,13355,44
2023/11/15,2023,11,15,3,23,12275,44
2023/11/15,2023,11,15,3,24,11392,44
2023/11/16,2023,11,16,4,1,10824,43
2023/11/16,2023,11,16,4,2,10499,43
2023/11/16,2023,11,16,4,3,10362,42
2023/11/16,2023,11,16,4,4,10427,41
2023/11/16,2023,11,16,4,5,10775,40
2023/11/16,2023,11,16,4,6,11735,40
2023/11/16,2023,11,16,4,7,13260,38
2023/11/16,2023,11,16,4,8,13852,38
2023/11/16,2023,11,16,4,9,13329,42
2023/11/16,2023,11,16,4,10,12524,47
2023/11/16,2023,11,16,4,11,12019,51
2023/11/16,2023,11,16,4,12,11744,55
2023/11/16,2023,11,16,4,13,11744,58
2023/11/16,2023,11,16,4,14,12023,59
2023/11/16,2023,11,16,4,15,12517,61
2023/11/16,2023,11,16,4,16,13182,60
2023/11/16,2023,11,16,4,17,14127,58
2023/11/16,2023,11,16,4,18,14793,53
2023/11/16,2023,11,16,4,19,14620,51
2023/11/16,2023,11,16,4,20,14242,50
2023/11/16,2023,11,16,4,21,13712,47
2023/11/16,2023,11,16,4,22,12980,44
2023/11/16,2023,11,16,4,23,12041,42
2023/11/16,2023,11,16,4,24,11188,41
2023/11/17,2023,11,17,5,1,10680,40
2023/11/17,2023,11,17,5,2,10357,39
2023/11/17,2023,11,17,5,3,10239,39
2023/11/17,2023,11,17,5,4,10258,38
2023/11/17,2023,11,17,5,5,10594,39
2023/11/17,2023,11,17,5,6,11483,40
2023/11/17,2023,11,17,5,7,12874,40
2023/11/17,2023,11,17,5,8,13489,40
2023/11/17,2023,11,17,5,9,13240,45
2023/11/17,2023,11,17,5,10,12885,50
2023/11/17,2023,11,17,5,11,12541,55
2023/11/17,2023,11,17,5,12,12320,59
2023/11/17,2023,11,17,5,13,12358,61
2023/11/17,2023,11,17,5,14,12560,62
2023/11/17,2023,11,17,5,15,12862,62
2023/11/17,2023,11,17,5,16,13244,62
2023/11/17,2023,11,17,5,17,14048,61
2023/11/17,2023,11,17,5,18,14444,60
2023/11/17,2023,11,17,5,19,14079,58
2023/11/17,2023,11,17,5,20,13522,58
2023/11/17,2023,11,17,5,21,12940,57
2023/11/17,2023,11,17,5,22,12254,56
2023/11/17,2023,11,17,5,23,11428,55
2023/11/17,2023,11,17,5,24,10622,54
2023/11/18,2023,11,18,6,1,10022,54
2023/11/18,2023,11,18,6,2,9613,53
2023/11/18,2023,11,18,6,3,9398,53
2023/11/18,2023,11,18,6,4,9311,53
2023/11/18,2023,11,18,6,5,9391,54
2023/11/18,2023,11,18,6,6,9736,53
2023/11/18,2023,11,18,6,7,10356,53
2023/11/18,2023,11,18,6,8,11087,53
2023/11/18,2023,11,18,6,9,11885,53
2023/11/18,2023,11,18,6,10,12359,52
2023/11/18,2023,11,18,6,11,12435,50
2023/11/18,2023,11,18,6,12,12360,48
2023/11/18,2023,11,18,6,13,12097,49
2023/11/18,2023,11,18,6,14,11906,48
2023/11/18,2023,11,18,6,15,11979,48
2023/11/18,2023,11,18,6,16,12600,46
2023/11/18,2023,11,18,6,17,13559,44
2023/11/18,2023,11,18,6,18,14201,41
2023/11/18,2023,11,18,6,19,14015,40
2023/11/18,2023,11,18,6,20,13647,38
2023/11/18,2023,11,18,6,21,13252,37
2023/11/18,2023,11,18,6,22,12740,36
2023/11/18,2023,11,18,6,23,12111,35
2023/11/18,2023,11,18,6,24,11448,34
2023/11/19,2023,11,19,7,1,10949,34
2023/11/19,2023,11,19,7,2,10634,33
2023/11/19,2023,11,19,7,3,10500,32
2023/11/19,2023,11,19,7,4,10474,32
2023/11/19,2023,11,19,7,5,10588,32
2023/11/19,2023,11,19,7,6,10917,32
2023/11/19,2023,11,19,7,7,11466,32
2023/11/19,2023,11,19,7,8,11892,32
2023/11/19,2023,11,19,7,9,11861,35
2023/11/19,2023,11,19,7,10,11507,39
2023/11/19,2023,11,19,7,11,11141,44
2023/11/19,2023,11,19,7,12,11059,47
2023/11/19,2023,11,19,7,13,11260,49
2023/11/19,2023,11,19,7,14,11683,50
2023/11/19,2023,11,19,7,15,12369,50
2023/11/19,2023,11,19,7,16,13043,49
2023/11/19,2023,11,19,7,17,14125,48
2023/11/19,2023,11,19,7,18,14809,46
2023/11/19,2023,11,19,7,19,14584,45
2023/11/19,2023,11,19,7,20,14155,43
2023/11/19,2023,11,19,7,21,13606,42
2023/11/19,2023,11,19,7,22,12868,41
2023/11/19,2023,11,19,7,23,12024,39
2023/11/19,2023,11,19,7,24,11255,38
2023/11/20,2023,11,20,1,1,10792,36
2023/11/20,2023,11,20,1,2,10559,35
2023/11/20,2023,11,20,1,3,10518,33
2023/11/20,2023,11,20,1,4,10644,32
2023/11/20,2023,11,20,1,5,11103,32
2023/11/20,2023,11,20,1,6,12123,31
2023/11/20,2023,11,20,1,7,13637,31
2023/11/20,2023,11,20,1,8,14413,31
2023/11/20,2023,11,20,1,9,14081,33
2023/11/20,2023,11,20,1,10,13445,34
2023/11/20,2023,11,20,1,11,12986,36
2023/11/20,2023,11,20,1,12,12748,38
2023/11/20,2023,11,20,1,13,12717,39
2023/11/20,2023,11,20,1,14,12974,39
2023/11/20,2023,11,20,1,15,13517,40
2023/11/20,2023,11,20,1,16,14401,39
2023/11/20,2023,11,20,1,17,15569,37
2023/11/20,2023,11,20,1,18,16341,34
2023/11/20,2023,11,20,1,19,16246,33
2023/11/20,2023,11,20,1,20,15961,32
2023/11/20,2023,11,20,1,21,15404,31
2023/11/20,2023,11,20,1,22,14566,30
2023/11/20,2023,11,20,1,23,13550,29
2023/11/20,2023,11,20,1,24,12652,28
2023/11/21,2023,11,21,2,1,12079,28
2023/11/21,2023,11,21,2,2,11770,27
2023/11/21,2023,11,21,2,3,11669,26
2023/11/21,2023,11,21,2,4,11735,26
2023/11/21,2023,11,21,2,5,12151,25
2023/11/21,2023,11,21,2,6,13167,24
2023/11/21,2023,11,21,2,7,14714,24
2023/11/21,2023,11,21,2,8,15337,24
2023/11/21,2023,11,21,2,9,14762,27
2023/11/21,2023,11,21,2,10,14087,31
2023/11/21,2023,11,21,2,11,13717,33
2023/11/21,2023,11,21,2,12,13884,36
2023/11/21,2023,11,21,2,13,14182,38
2023/11/21,2023,11,21,2,14,14591,38
2023/11/21,2023,11,21,2,15,14825,39
2023/11/21,2023,11,21,2,16,15154,39
2023/11/21,2023,11,21,2,17,15911,39
2023/11/21,2023,11,21,2,18,16292,38
2023/11/21,2023,11,21,2,19,16047,38
2023/11/21,2023,11,21,2,20,15614,38
2023/11/21,2023,11,21,2,21,14993,38
2023/11/21,2023,11,21,2,22,14149,38
2023/11/21,2023,11,21,2,23,13130,38
2023/11/21,2023,11,21,2,24,12181,37
2023/11/22,2023,11,22,3,1,11548,37
2023/11/22,2023,11,22,3,2,11175,37
2023/11/22,2023,11,22,3,3,10931,37
2023/11/22,2023,11,22,3,4,10884,37
2023/11/22,2023,11,22,3,5,11114,38
2023/11/22,2023,11,22,3,6,11854,39
2023/11/22,2023,11,22,3,7,13032,40
2023/11/22,2023,11,22,3,8,14050,41
2023/11/22,2023,11,22,3,9,14616,42
2023/11/22,2023,11,22,3,10,14873,43
2023/11/22,2023,11,22,3,11,14958,44
2023/11/22,2023,11,22,3,12,14896,45
2023/11/22,2023,11,22,3,13,14730,46
2023/11/22,2023,11,22,3,14,14614,46
2023/11/22,2023,11,22,3,15,14521,47
2023/11/22,2023,11,22,3,16,14571,47
2023/11/22,2023,11,22,3,17,15149,46
2023/11/22,2023,11,22,3,18,15457,45
2023/11/22,2023,11,22,3,19,15080,44
2023/11/22,2023,11,22,3,20,14579,43
2023/11/22,2023,11,22,3,21,13983,42
2023/11/22,2023,11,22,3,22,13247,42
2023/11/22,2023,11,22,3,23,12359,41
2023/11/22,2023,11,22,3,24,11433,40
2023/11/23,2023,11,23,4,1,10772,41
2023/11/23,2023,11,23,4,2,10347,40
2023/11/23,2023,11,23,4,3,10119,39
2023/11/23,2023,11,23,4,4,10040,38
2023/11/23,2023,11,23,4,5,10161,39
2023/11/23,2023,11,23,4,6,10554,40
2023/11/23,2023,11,23,4,7,11202,42
2023/11/23,2023,11,23,4,8,11893,42
2023/11/23,2023,11,23,4,9,12247,43
2023/11/23,2023,11,23,4,10,12347,44
2023/11/23,2023,11,23,4,11,12328,46
2023/11/23,2023,11,23,4,12,12267,47
2023/11/23,2023,11,23,4,13,12068,48
2023/11/23,2023,11,23,4,14,11799,49
2023/11/23,2023,11,23,4,15,11825,49
2023/11/23,2023,11,23,4,16,12066,49
2023/11/23,2023,11,23,4,17,12462,47
2023/11/23,2023,11,23,4,18,12587,45
2023/11/23,2023,11,23,4,19,12422,44
2023/11/23,2023,11,23,4,20,12292,44
2023/11/23,2023,11,23,4,21,12139,43
2023/11/23,2023,11,23,4,22,11822,44
2023/11/23,2023,11,23,4,23,11275,44
2023/11/23,2023,11,23,4,24,10632,44
2023/11/24,2023,11,24,5,1,10159,44
2023/11/24,2023,11,24,5,2,9884,44
2023/11/24,2023,11,24,5,3,9769,43
2023/11/24,2023,11,24,5,4,9797,42
2023/11/24,2023,11,24,5,5,10054,42
2023/11/24,2023,11,24,5,6,10618,41
2023/11/24,2023,11,24,5,7,11365,40
2023/11/24,2023,11,24,5,8,11844,39
2023/11/24,2023,11,24,5,9,11839,41
2023/11/24,2023,11,24,5,10,11559,44
2023/11/24,2023,11,24,5,11,11283,46
2023/11/24,2023,11,24,5,12,11182,46
2023/11/24,2023,11,24,5,13,11209,46
2023/11/24,2023,11,24,5,14,11537,46
2023/11/24,2023,11,24,5,15,12169,45
2023/11/24,2023,11,24,5,16,13016,44
2023/11/24,2023,11,24,5,17,14064,41
2023/11/24,2023,11,24,5,18,14725,38
2023/11/24,2023,11,24,5,19,14621,35
2023/11/24,2023,11,24,5,20,14383,33
2023/11/24,2023,11,24,5,21,14095,32
2023/11/24,2023,11,24,5,22,13630,30
2023/11/24,2023,11,24,5,23,12922,29
2023/11/24,2023,11,24,5,24,12252,28
2023/11/25,2023,11,25,6,1,11721,27
2023/11/25,2023,11,25,6,2,11418,26
2023/11/25,2023,11,25,6,3,11287,26
2023/11/25,2023,11,25,6,4,11302,25
2023/11/25,2023,11,25,6,5,11487,24
2023/11/25,2023,11,25,6,6,11881,24
2023/11/25,2023,11,25,6,7,12566,24
2023/11/25,2023,11,25,6,8,13074,23
2023/11/25,2023,11,25,6,9,12999,26
2023/11/25,2023,11,25,6,10,12586,28
2023/11/25,2023,11,25,6,11,12287,30
2023/11/25,2023,11,25,6,12,12173,32
2023/11/25,2023,11,25,6,13,12262,34
2023/11/25,2023,11,25,6,14,12487,35
2023/11/25,2023,11,25,6,15,13009,36
2023/11/25,2023,11,25,6,16,13747,37
2023/11/25,2023,11,25,6,17,14869,35
2023/11/25,2023,11,25,6,18,15501,33
2023/11/25,2023,11,25,6,19,15350,32
2023/11/25,2023,11,25,6,20,15036,30
2023/11/25,2023,11,25,6,21,14656,29
2023/11/25,2023,11,25,6,22,14137,29
2023/11/25,2023,11,25,6,23,13390,29
2023/11/25,2023,11,25,6,24,12651,28
2023/11/26,2023,11,26,7,1,12095,27
2023/11/26,2023,11,26,7,2,11739,27
2023/11/26,2023,11,26,7,3,11547,27
2023/11/26,2023,11,26,7,4,11483,27
2023/11/26,2023,11,26,7,5,11583,26
2023/11/26,2023,11,26,7,6,11871,26
2023/11/26,2023,11,26,7,7,12382,26
2023/11/26,2023,11,26,7,8,12825,27
2023/11/26,2023,11,26,7,9,12883,29
2023/11/26,2023,11,26,7,10,12682,33
2023/11/26,2023,11,26,7,11,12545,36
2023/11/26,2023,11,26,7,12,12546,39
2023/11/26,2023,11,26,7,13,12794,41
2023/11/26,2023,11,26,7,14,13184,42
2023/11/26,2023,11,26,7,15,13591,43
2023/11/26,2023,11,26,7,16,14068,43
2023/11/26,2023,11,26,7,17,15050,43
2023/11/26,2023,11,26,7,18,15514,42
2023/11/26,2023,11,26,7,19,15232,41
2023/11/26,2023,11,26,7,20,14699,41
2023/11/26,2023,11,26,7,21,14081,43
2023/11/26,2023,11,26,7,22,13171,43
2023/11/26,2023,11,26,7,23,12133,43
2023/11/26,2023,11,26,7,24,11271,44
2023/11/27,2023,11,27,1,1,10639,45
2023/11/27,2023,11,27,1,2,10266,47
2023/11/27,2023,11,27,1,3,10078,49
2023/11/27,2023,11,27,1,4,10048,48
2023/11/27,2023,11,27,1,5,10344,47
2023/11/27,2023,11,27,1,6,11246,46
2023/11/27,2023,11,27,1,7,12710,44
2023/11/27,2023,11,27,1,8,13536,43
2023/11/27,2023,11,27,1,9,13428,43
2023/11/27,2023,11,27,1,10,12954,45
2023/11/27,2023,11,27,1,11,12652,47
2023/11/27,2023,11,27,1,12,12673,48
2023/11/27,2023,11,27,1,13,12928,49
2023/11/27,2023,11,27,1,14,13249,47
2023/11/27,2023,11,27,1,15,13559,47
2023/11/27,2023,11,27,1,16,14084,46
2023/11/27,2023,11,27,1,17,15122,44
2023/11/27,2023,11,27,1,18,15882,43
2023/11/27,2023,11,27,1,19,15724,43
2023/11/27,2023,11,27,1,20,15273,41
2023/11/27,2023,11,27,1,21,14663,40
2023/11/27,2023,11,27,1,22,13800,39
2023/11/27,2023,11,27,1,23,12729,38
2023/11/27,2023,11,27,1,24,11826,37
2023/11/28,2023,11,28,2,1,11281,37
2023/11/28,2023,11,28,2,2,10996,35
2023/11/28,2023,11,28,2,3,10876,35
2023/11/28,2023,11,28,2,4,10932,35
2023/11/28,2023,11,28,2,5,11303,34
2023/11/28,2023,11,28,2,6,12299,34
2023/11/28,2023,11,28,2,7,13852,33
2023/11/28,2023,11,28,2,8,14724,33
2023/11/28,2023,11,28,2,9,14592,33
2023/11/28,2023,11,28,2,10,13996,34
2023/11/28,2023,11,28,2,11,13579,36
2023/11/28,2023,11,28,2,12,13649,37
2023/11/28,2023,11,28,2,13,13956,37
2023/11/28,2023,11,28,2,14,14255,36
2023/11/28,2023,11,28,2,15,14575,36
2023/11/28,2023,11,28,2,16,15203,35
2023/11/28,2023,11,28,2,17,16333,34
2023/11/28,2023,11,28,2,18,17084,33
2023/11/28,2023,11,28,2,19,16979,32
2023/11/28,2023,11,28,2,20,16675,31
2023/11/28,2023,11,28,2,21,16100,31
2023/11/28,2023,11,28,2,22,15204,30
2023/11/28,2023,11,28,2,23,14085,30
2023/11/28,2023,11,28,2,24,13130,29
2023/11/29,2023,11,29,3,1,12512,29
2023/11/29,2023,11,29,3,2,12211,29
2023/11/29,2023,11,29,3,3,12052,28
2023/11/29,2023,11,29,3,4,12088,28
2023/11/29,2023,11,29,3,5,12467,27
2023/11/29,2023,11,29,3,6,13445,26
2023/11/29,2023,11,29,3,7,14975,26
2023/11/29,2023,11,29,3,8,15760,25
2023/11/29,2023,11,29,3,9,15394,27
2023/11/29,2023,11,29,3,10,14752,29
2023/11/29,2023,11,29,3,11,14524,31
2023/11/29,2023,11,29,3,12,14284,33
2023/11/29,2023,11,29,3,13,14188,34
2023/11/29,2023,11,29,3,14,14423,34
2023/11/29,2023,11,29,3,15,14852,34
2023/11/29,2023,11,29,3,16,15571,35
2023/11/29,2023,11,29,3,17,16662,34
2023/11/29,2023,11,29,3,18,17277,32
2023/11/29,2023,11,29,3,19,17182,30
2023/11/29,2023,11,29,3,20,16865,30
2023/11/29,2023,11,29,3,21,16331,29
2023/11/29,2023,11,29,3,22,15414,29
2023/11/29,2023,11,29,3,23,14266,29
2023/11/29,2023,11,29,3,24,13274,29
2023/11/30,2023,11,30,4,1,12622,29
2023/11/30,2023,11,30,4,2,12245,30
2023/11/30,2023,11,30,4,3,12064,29
2023/11/30,2023,11,30,4,4,12083,30
2023/11/30,2023,11,30,4,5,12389,30
2023/11/30,2023,11,30,4,6,13344,29
2023/11/30,2023,11,30,4,7,14893,28
2023/11/30,2023,11,30,4,8,15642,28
2023/11/30,2023,11,30,4,9,15258,30
2023/11/30,2023,11,30,4,10,14430,34
2023/11/30,2023,11,30,4,11,13696,37
2023/11/30,2023,11,30,4,12,13192,41
2023/11/30,2023,11,30,4,13,13018,43
2023/11/30,2023,11,30,4,14,13280,45
2023/11/30,2023,11,30,4,15,13755,46
2023/11/30,2023,11,30,4,16,14527,46
2023/11/30,2023,11,30,4,17,15676,44
2023/11/30,2023,11,30,4,18,16368,42
2023/11/30,2023,11,30,4,19,16194,42
2023/11/30,2023,11,30,4,20,15792,41
2023/11/30,2023,11,30,4,21,15188,41
2023/11/30,2023,11,30,4,22,14271,41
2023/11/30,2023,11,30,4,23,13158,41
2023/11/30,2023,11,30,4,24,12150,40
2023/12/1,2023,12,1,5,1,11478,42
2023/12/1,2023,12,1,5,2,11075,41
2023/12/1,2023,12,1,5,3,10913,41
2023/12/1,2023,12,1,5,4,10896,40
2023/12/1,2023,12,1,5,5,11209,39
2023/12/1,2023,12,1,5,6,12109,39
2023/12/1,2023,12,1,5,7,13561,37
2023/12/1,2023,12,1,5,8,14297,37
2023/12/1,2023,12,1,5,9,14006,39
2023/12/1,2023,12,1,5,10,13501,43
2023/12/1,2023,12,1,5,11,13302,47
2023/12/1,2023,12,1,5,12,13416,49
2023/12/1,2023,12,1,5,13,13641,51
2023/12/1,2023,12,1,5,14,13949,51
2023/12/1,2023,12,1,5,15,14094,51
2023/12/1,2023,12,1,5,16,14436,50
2023/12/1,2023,12,1,5,17,15182,48
2023/12/1,2023,12,1,5,18,15430,47
2023/12/1,2023,12,1,5,19,15084,47
2023/12/1,2023,12,1,5,20,14596,46
2023/12/1,2023,12,1,5,21,14038,45
2023/12/1,2023,12,1,5,22,13276,44
2023/12/1,2023,12,1,5,23,12376,44
2023/12/1,2023,12,1,5,24,11532,44
2023/12/2,2023,12,2,6,1,10819,45
2023/12/2,2023,12,2,6,2,10376,45
2023/12/2,2023,12,2,6,3,10135,44
2023/12/2,2023,12,2,6,4,10023,44
2023/12/2,2023,12,2,6,5,10115,45
2023/12/2,2023,12,2,6,6,10481,45
2023/12/2,2023,12,2,6,7,11123,45
2023/12/2,2023,12,2,6,8,11836,45
2023/12/2,2023,12,2,6,9,12546,45
2023/12/2,2023,12,2,6,10,13025,45
2023/12/2,2023,12,2,6,11,13276,46
2023/12/2,2023,12,2,6,12,13293,46
2023/12/2,2023,12,2,6,13,13058,47
2023/12/2,2023,12,2,6,14,12832,48
2023/12/2,2023,12,2,6,15,12844,49
2023/12/2,2023,12,2,6,16,13165,49
2023/12/2,2023,12,2,6,17,14021,48
2023/12/2,2023,12,2,6,18,14491,46
2023/12/2,2023,12,2,6,19,14237,45
2023/12/2,2023,12,2,6,20,13849,44
2023/12/2,2023,12,2,6,21,13418,44
2023/12/2,2023,12,2,6,22,12824,42
2023/12/2,2023,12,2,6,23,12055,42
2023/12/2,2023,12,2,6,24,11287,43
2023/12/3,2023,12,3,7,1,10679,42
2023/12/3,2023,12,3,7,2,10292,42
2023/12/3,2023,12,3,7,3,10070,42
2023/12/3,2023,12,3,7,4,9994,42
2023/12/3,2023,12,3,7,5,10039,42
2023/12/3,2023,12,3,7,6,10307,43
2023/12/3,2023,12,3,7,7,10839,43
2023/12/3,2023,12,3,7,8,11535,43
2023/12/3,2023,12,3,7,9,12397,43
2023/12/3,2023,12,3,7,10,13184,43
2023/12/3,2023,12,3,7,11,13713,43
2023/12/3,2023,12,3,7,12,14058,43
2023/12/3,2023,12,3,7,13,14285,43
2023/12/3,2023,12,3,7,14,14365,43
2023/12/3,2023,12,3,7,15,14442,43
2023/12/3,2023,12,3,7,16,14626,42
2023/12/3,2023,12,3,7,17,15355,41
2023/12/3,2023,12,3,7,18,15734,41
2023/12/3,2023,12,3,7,19,15408,40
2023/12/3,2023,12,3,7,20,14903,40
2023/12/3,2023,12,3,7,21,14265,40
2023/12/3,2023,12,3,7,22,13384,40
2023/12/3,2023,12,3,7,23,12315,40
2023/12/3,2023,12,3,7,24,11446,40
2023/12/4,2023,12,4,1,1,10878,40
2023/12/4,2023,12,4,1,2,10509,39
2023/12/4,2023,12,4,1,3,10389,39
2023/12/4,2023,12,4,1,4,10402,39
2023/12/4,2023,12,4,1,5,10750,38
2023/12/4,2023,12,4,1,6,11694,38
2023/12/4,2023,12,4,1,7,13190,38
2023/12/4,2023,12,4,1,8,14159,37
2023/12/4,2023,12,4,1,9,14222,37
2023/12/4,2023,12,4,1,10,13976,39
2023/12/4,2023,12,4,1,11,13636,41
2023/12/4,2023,12,4,1,12,13419,43
2023/12/4,2023,12,4,1,13,13636,46
2023/12/4,2023,12,4,1,14,13951,47
2023/12/4,2023,12,4,1,15,14149,46
2023/12/4,2023,12,4,1,16,14549,46
2023/12/4,2023,12,4,1,17,15550,45
2023/12/4,2023,12,4,1,18,16206,43
2023/12/4,2023,12,4,1,19,16005,43
2023/12/4,2023,12,4,1,20,15498,42
2023/12/4,2023,12,4,1,21,14830,41
2023/12/4,2023,12,4,1,22,13945,40
2023/12/4,2023,12,4,1,23,12790,40
2023/12/4,2023,12,4,1,24,11882,40
2023/12/5,2023,12,5,2,1,11262,39
2023/12/5,2023,12,5,2,2,10932,38
2023/12/5,2023,12,5,2,3,10785,37
2023/12/5,2023,12,5,2,4,10826,36
2023/12/5,2023,12,5,2,5,11183,36
2023/12/5,2023,12,5,2,6,12159,35
2023/12/5,2023,12,5,2,7,13719,35
2023/12/5,2023,12,5,2,8,14642,34
2023/12/5,2023,12,5,2,9,14681,34
2023/12/5,2023,12,5,2,10,14510,35
2023/12/5,2023,12,5,2,11,14562,36
2023/12/5,2023,12,5,2,12,14761,36
2023/12/5,2023,12,5,2,13,14897,37
2023/12/5,2023,12,5,2,14,15108,36
2023/12/5,2023,12,5,2,15,15216,36
2023/12/5,2023,12,5,2,16,15523,36
2023/12/5,2023,12,5,2,17,16417,35
2023/12/5,2023,12,5,2,18,17006,35
2023/12/5,2023,12,5,2,19,16853,34
2023/12/5,2023,12,5,2,20,16436,34
2023/12/5,2023,12,5,2,21,15817,33
2023/12/5,2023,12,5,2,22,14898,33
2023/12/5,2023,12,5,2,23,13751,32
2023/12/5,2023,12,5,2,24,12778,31
2023/12/6,2023,12,6,3,1,12152,31
2023/12/6,2023,12,6,3,2,11786,30
2023/12/6,2023,12,6,3,3,11671,30
2023/12/6,2023,12,6,3,4,11711,29
2023/12/6,2023,12,6,3,5,12062,28
2023/12/6,2023,12,6,3,6,13007,28
2023/12/6,2023,12,6,3,7,14576,28
2023/12/6,2023,12,6,3,8,15516,29
2023/12/6,2023,12,6,3,9,15680,29
2023/12/6,2023,12,6,3,10,15470,30
2023/12/6,2023,12,6,3,11,15184,31
2023/12/6,2023,12,6,3,12,14958,33
2023/12/6,2023,12,6,3,13,14920,34
2023/12/6,2023,12,6,3,14,15153,34
2023/12/6,2023,12,6,3,15,15291,34
2023/12/6,2023,12,6,3,16,15717,33
2023/12/6,2023,12,6,3,17,16727,32
2023/12/6,2023,12,6,3,18,17338,31
2023/12/6,2023,12,6,3,19,17194,30
2023/12/6,2023,12,6,3,20,16894,29
2023/12/6,2023,12,6,3,21,16347,29
2023/12/6,2023,12,6,3,22,15512,28
2023/12/6,2023,12,6,3,23,14402,28
2023/12/6,2023,12,6,3,24,13451,26
2023/12/7,2023,12,7,4,1,12846,25
2023/12/7,2023,12,7,4,2,12535,25
2023/12/7,2023,12,7,4,3,12419,23
2023/12/7,2023,12,7,4,4,12497,23
2023/12/7,2023,12,7,4,5,12907,22
2023/12/7,2023,12,7,4,6,13854,21
2023/12/7,2023,12,7,4,7,15432,21
2023/12/7,2023,12,7,4,8,16293,21
2023/12/7,2023,12,7,4,9,16282,22
2023/12/7,2023,12,7,4,10,15937,24
2023/12/7,2023,12,7,4,11,15670,26
2023/12/7,2023,12,7,4,12,15650,28
2023/12/7,2023,12,7,4,13,15768,30
2023/12/7,2023,12,7,4,14,15953,30
2023/12/7,2023,12,7,4,15,16086,31
2023/12/7,2023,12,7,4,16,16365,31
2023/12/7,2023,12,7,4,17,17219,31
2023/12/7,2023,12,7,4,18,17697,31
2023/12/7,2023,12,7,4,19,17501,30
2023/12/7,2023,12,7,4,20,17198,30
2023/12/7,2023,12,7,4,21,16706,29
2023/12/7,2023,12,7,4,22,15869,28
2023/12/7,2023,12,7,4,23,14783,28
2023/12/7,2023,12,7,4,24,13760,28
2023/12/8,2023,12,8,5,1,13041,28
2023/12/8,2023,12,8,5,2,12634,27
2023/12/8,2023,12,8,5,3,12411,28
2023/12/8,2023,12,8,5,4,12405,28
2023/12/8,2023,12,8,5,5,12699,27
2023/12/8,2023,12,8,5,6,13576,28
2023/12/8,2023,12,8,5,7,15008,27
2023/12/8,2023,12,8,5,8,15833,27
2023/12/8,2023,12,8,5,9,15648,29
2023/12/8,2023,12,8,5,10,14984,32
2023/12/8,2023,12,8,5,11,14394,36
2023/12/8,2023,12,8,5,12,13916,38
2023/12/8,2023,12,8,5,13,13666,40
2023/12/8,2023,12,8,5,14,13787,41
2023/12/8,2023,12,8,5,15,14170,42
2023/12/8,2023,12,8,5,16,14773,42
2023/12/8,2023,12,8,5,17,15901,41
2023/12/8,2023,12,8,5,18,16504,38
2023/12/8,2023,12,8,5,19,16249,37
2023/12/8,2023,12,8,5,20,15812,37
2023/12/8,2023,12,8,5,21,15313,36
2023/12/8,2023,12,8,5,22,14638,34
2023/12/8,2023,12,8,5,23,13699,35
2023/12/8,2023,12,8,5,24,12793,34
2023/12/9,2023,12,9,6,1,12112,35
2023/12/9,2023,12,9,6,2,11658,35
2023/12/9,2023,12,9,6,3,11389,36
2023/12/9,2023,12,9,6,4,11289,36
2023/12/9,2023,12,9,6,5,11378,36
2023/12/9,2023,12,9,6,6,11758,35
2023/12/9,2023,12,9,6,7,12412,36
2023/12/9,2023,12,9,6,8,13095,36
2023/12/9,2023,12,9,6,9,13434,36
2023/12/9,2023,12,9,6,10,13233,40
2023/12/9,2023,12,9,6,11,13016,44
2023/12/9,2023,12,9,6,12,13051,46
2023/12/9,2023,12,9,6,13,13181,48
2023/12/9,2023,12,9,6,14,13205,49
2023/12/9,2023,12,9,6,15,13337,49
2023/12/9,2023,12,9,6,16,13632,50
2023/12/9,2023,12,9,6,17,14490,48
2023/12/9,2023,12,9,6,18,14894,47
2023/12/9,2023,12,9,6,19,14569,45
2023/12/9,2023,12,9,6,20,14179,45
2023/12/9,2023,12,9,6,21,13690,45
2023/12/9,2023,12,9,6,22,13084,45
2023/12/9,2023,12,9,6,23,12260,45
2023/12/9,2023,12,9,6,24,11447,44
2023/12/10,2023,12,10,7,1,10824,45
2023/12/10,2023,12,10,7,2,10385,45
2023/12/10,2023,12,10,7,3,10130,45
2023/12/10,2023,12,10,7,4,10029,44
2023/12/10,2023,12,10,7,5,10075,45
2023/12/10,2023,12,10,7,6,10322,44
2023/12/10,2023,12,10,7,7,10815,44
2023/12/10,2023,12,10,7,8,11400,45
2023/12/10,2023,12,10,7,9,12102,46
2023/12/10,2023,12,10,7,10,12596,48
2023/12/10,2023,12,10,7,11,12870,49
2023/12/10,2023,12,10,7,12,12992,52
2023/12/10,2023,12,10,7,13,13296,53
2023/12/10,2023,12,10,7,14,13572,55
2023/12/10,2023,12,10,7,15,13803,55
2023/12/10,2023,12,10,7,16,14118,55
2023/12/10,2023,12,10,7,17,14857,56
2023/12/10,2023,12,10,7,18,15222,56
2023/12/10,2023,12,10,7,19,14861,56
2023/12/10,2023,12,10,7,20,14288,56
2023/12/10,2023,12,10,7,21,13665,57
2023/12/10,2023,12,10,7,22,12781,57
2023/12/10,2023,12,10,7,23,11774,57
2023/12/10,2023,12,10,7,24,10883,54
2023/12/11,2023,12,11,1,1,10323,54
2023/12/11,2023,12,11,1,2,10013,51
2023/12/11,2023,12,11,1,3,9840,50
2023/12/11,2023,12,11,1,4,9846,49
2023/12/11,2023,12,11,1,5,10214,45
2023/12/11,2023,12,11,1,6,11105,43
2023/12/11,2023,12,11,1,7,12598,43
2023/12/11,2023,12,11,1,8,13768,42
2023/12/11,2023,12,11,1,9,14352,42
2023/12/11,2023,12,11,1,10,14650,41
2023/12/11,2023,12,11,1,11,14792,41
2023/12/11,2023,12,11,1,12,14614,41
2023/12/11,2023,12,11,1,13,14402,42
2023/12/11,2023,12,11,1,14,14262,43
2023/12/11,2023,12,11,1,15,14397,43
2023/12/11,2023,12,11,1,16,14872,42
2023/12/11,2023,12,11,1,17,15983,42
2023/12/11,2023,12,11,1,18,16731,41
2023/12/11,2023,12,11,1,19,16537,39
2023/12/11,2023,12,11,1,20,16111,39
2023/12/11,2023,12,11,1,21,15509,37
2023/12/11,2023,12,11,1,22,14601,37
2023/12/11,2023,12,11,1,23,13451,36
2023/12/11,2023,12,11,1,24,12498,35
2023/12/12,2023,12,12,2,1,11911,35
2023/12/12,2023,12,12,2,2,11530,35
2023/12/12,2023,12,12,2,3,11402,34
2023/12/12,2023,12,12,2,4,11458,34
2023/12/12,2023,12,12,2,5,11836,34
2023/12/12,2023,12,12,2,6,12794,33
2023/12/12,2023,12,12,2,7,14368,32
2023/12/12,2023,12,12,2,8,15257,32
2023/12/12,2023,12,12,2,9,14949,33
2023/12/12,2023,12,12,2,10,14224,35
2023/12/12,2023,12,12,2,11,13685,38
2023/12/12,2023,12,12,2,12,13302,39
2023/12/12,2023,12,12,2,13,13145,41
2023/12/12,2023,12,12,2,14,13337,41
2023/12/12,2023,12,12,2,15,13893,42
2023/12/12,2023,12,12,2,16,14732,42
2023/12/12,2023,12,12,2,17,15998,40
2023/12/12,2023,12,12,2,18,16857,38
2023/12/12,2023,12,12,2,19,16795,38
2023/12/12,2023,12,12,2,20,16410,37
2023/12/12,2023,12,12,2,21,15811,36
2023/12/12,2023,12,12,2,22,14915,36
2023/12/12,2023,12,12,2,23,13711,35
2023/12/12,2023,12,12,2,24,12654,36
2023/12/13,2023,12,13,3,1,12030,36
2023/12/13,2023,12,13,3,2,11621,35
2023/12/13,2023,12,13,3,3,11471,35
2023/12/13,2023,12,13,3,4,11506,35
2023/12/13,2023,12,13,3,5,11879,34
2023/12/13,2023,12,13,3,6,12851,34
2023/12/13,2023,12,13,3,7,14410,32
2023/12/13,2023,12,13,3,8,15274,33
2023/12/13,2023,12,13,3,9,15023,34
2023/12/13,2023,12,13,3,10,14258,37
2023/12/13,2023,12,13,3,11,13731,40
2023/12/13,2023,12,13,3,12,13537,41
2023/12/13,2023,12,13,3,13,13511,42
2023/12/13,2023,12,13,3,14,13863,42
2023/12/13,2023,12,13,3,15,14339,42
2023/12/13,2023,12,13,3,16,15076,41
2023/12/13,2023,12,13,3,17,16288,39
2023/12/13,2023,12,13,3,18,17088,37
2023/12/13,2023,12,13,3,19,16983,35
2023/12/13,2023,12,13,3,20,16673,35
2023/12/13,2023,12,13,3,21,16164,34
2023/12/13,2023,12,13,3,22,15336,33
2023/12/13,2023,12,13,3,23,14220,32
2023/12/13,2023,12,13,3,24,13221,31
2023/12/14,2023,12,14,4,1,12597,30
2023/12/14,2023,12,14,4,2,12253,30
2023/12/14,2023,12,14,4,3,12147,29
2023/12/14,2023,12,14,4,4,12209,28
2023/12/14,2023,12,14,4,5,12592,27
2023/12/14,2023,12,14,4,6,13582,26
2023/12/14,2023,12,14,4,7,15153,25
2023/12/14,2023,12,14,4,8,16050,24
2023/12/14,2023,12,14,4,9,15803,25
2023/12/14,2023,12,14,4,10,15122,28
2023/12/14,2023,12,14,4,11,14674,30
2023/12/14,2023,12,14,4,12,14483,31
2023/12/14,2023,12,14,4,13,14198,33
2023/12/14,2023,12,14,4,14,14275,34
2023/12/14,2023,12,14,4,15,14801,35
2023/12/14,2023,12,14,4,16,15619,35
2023/12/14,2023,12,14,4,17,16803,34
2023/12/14,2023,12,14,4,18,17465,33
2023/12/14,2023,12,14,4,19,17329,31
2023/12/14,2023,12,14,4,20,17028,30
2023/12/14,2023,12,14,4,21,16490,31
2023/12/14,2023,12,14,4,22,15628,31
2023/12/14,2023,12,14,4,23,14465,31
2023/12/14,2023,12,14,4,24,13382,30
2023/12/15,2023,12,15,5,1,12668,31
2023/12/15,2023,12,15,5,2,12245,30
2023/12/15,2023,12,15,5,3,12028,31
2023/12/15,2023,12,15,5,4,11988,32
2023/12/15,2023,12,15,5,5,12282,32
2023/12/15,2023,12,15,5,6,13145,32
2023/12/15,2023,12,15,5,7,14581,32
2023/12/15,2023,12,15,5,8,15379,32
2023/12/15,2023,12,15,5,9,15110,33
2023/12/15,2023,12,15,5,10,14332,37
2023/12/15,2023,12,15,5,11,13775,42
2023/12/15,2023,12,15,5,12,13258,45
2023/12/15,2023,12,15,5,13,12898,49
2023/12/15,2023,12,15,5,14,13052,52
2023/12/15,2023,12,15,5,15,13479,54
2023/12/15,2023,12,15,5,16,14127,54
2023/12/15,2023,12,15,5,17,15185,52
2023/12/15,2023,12,15,5,18,15810,49
2023/12/15,2023,12,15,5,19,15574,48
2023/12/15,2023,12,15,5,20,15141,46
2023/12/15,2023,12,15,5,21,14655,44
2023/12/15,2023,12,15,5,22,14022,42
2023/12/15,2023,12,15,5,23,13127,42
2023/12/15,2023,12,15,5,24,12251,41
2023/12/16,2023,12,16,6,1,11541,42
2023/12/16,2023,12,16,6,2,11138,41
2023/12/16,2023,12,16,6,3,10957,40
2023/12/16,2023,12,16,6,4,10900,40
2023/12/16,2023,12,16,6,5,11043,40
2023/12/16,2023,12,16,6,6,11439,39
2023/12/16,2023,12,16,6,7,12118,39
2023/12/16,2023,12,16,6,8,12772,40
2023/12/16,2023,12,16,6,9,12972,42
2023/12/16,2023,12,16,6,10,12574,45
2023/12/16,2023,12,16,6,11,12084,47
2023/12/16,2023,12,16,6,12,11784,49
2023/12/16,2023,12,16,6,13,11661,50
2023/12/16,2023,12,16,6,14,11837,50
2023/12/16,2023,12,16,6,15,12372,50
2023/12/16,2023,12,16,6,16,13118,49
2023/12/16,2023,12,16,6,17,14311,47
2023/12/16,2023,12,16,6,18,14958,43
2023/12/16,2023,12,16,6,19,14788,41
2023/12/16,2023,12,16,6,20,14471,39
2023/12/16,2023,12,16,6,21,14123,39
2023/12/16,2023,12,16,6,22,13640,38
2023/12/16,2023,12,16,6,23,12878,36
2023/12/16,2023,12,16,6,24,12075,35
2023/12/17,2023,12,17,7,1,11449,35
2023/12/17,2023,12,17,7,2,11004,36
2023/12/17,2023,12,17,7,3,10745,36
2023/12/17,2023,12,17,7,4,10620,37
2023/12/17,2023,12,17,7,5,10664,37
2023/12/17,2023,12,17,7,6,10948,38
2023/12/17,2023,12,17,7,7,11497,38
2023/12/17,2023,12,17,7,8,12086,38
2023/12/17,2023,12,17,7,9,12691,39
2023/12/17,2023,12,17,7,10,13146,41
2023/12/17,2023,12,17,7,11,13423,43
2023/12/17,2023,12,17,7,12,13655,44
2023/12/17,2023,12,17,7,13,13924,44
2023/12/17,2023,12,17,7,14,14068,45
2023/12/17,2023,12,17,7,15,14134,45
2023/12/17,2023,12,17,7,16,14364,45
2023/12/17,2023,12,17,7,17,15155,45
2023/12/17,2023,12,17,7,18,15537,45
2023/12/17,2023,12,17,7,19,15261,46
2023/12/17,2023,12,17,7,20,14780,46
2023/12/17,2023,12,17,7,21,14153,47
2023/12/17,2023,12,17,7,22,13299,48
2023/12/17,2023,12,17,7,23,12220,48
2023/12/17,2023,12,17,7,24,11270,49
2023/12/18,2023,12,18,1,1,10593,52
2023/12/18,2023,12,18,1,2,10195,51
2023/12/18,2023,12,18,1,3,10008,52
2023/12/18,2023,12,18,1,4,10017,55
2023/12/18,2023,12,18,1,5,10354,56
2023/12/18,2023,12,18,1,6,11155,55
2023/12/18,2023,12,18,1,7,12447,57
2023/12/18,2023,12,18,1,8,13397,58
2023/12/18,2023,12,18,1,9,13852,59
2023/12/18,2023,12,18,1,10,14126,60
2023/12/18,2023,12,18,1,11,14165,59
2023/12/18,2023,12,18,1,12,13900,60
2023/12/18,2023,12,18,1,13,13734,60
2023/12/18,2023,12,18,1,14,13627,60
2023/12/18,2023,12,18,1,15,13619,59
2023/12/18,2023,12,18,1,16,13677,56
2023/12/18,2023,12,18,1,17,14261,54
2023/12/18,2023,12,18,1,18,14727,53
2023/12/18,2023,12,18,1,19,14486,50
2023/12/18,2023,12,18,1,20,14057,49
2023/12/18,2023,12,18,1,21,13535,48
2023/12/18,2023,12,18,1,22,12808,47
2023/12/18,2023,12,18,1,23,11825,46
2023/12/18,2023,12,18,1,24,10917,45
2023/12/19,2023,12,19,2,1,10337,44
2023/12/19,2023,12,19,2,2,10000,43
2023/12/19,2023,12,19,2,3,9879,41
2023/12/19,2023,12,19,2,4,9923,40
2023/12/19,2023,12,19,2,5,10280,38
2023/12/19,2023,12,19,2,6,11158,38
2023/12/19,2023,12,19,2,7,12604,37
2023/12/19,2023,12,19,2,8,13581,37
2023/12/19,2023,12,19,2,9,13692,37
2023/12/19,2023,12,19,2,10,13194,38
2023/12/19,2023,12,19,2,11,12806,41
2023/12/19,2023,12,19,2,12,12719,43
2023/12/19,2023,12,19,2,13,12886,44
2023/12/19,2023,12,19,2,14,13359,44
2023/12/19,2023,12,19,2,15,13760,43
2023/12/19,2023,12,19,2,16,14338,42
2023/12/19,2023,12,19,2,17,15385,40
2023/12/19,2023,12,19,2,18,16131,39
2023/12/19,2023,12,19,2,19,16069,38
2023/12/19,2023,12,19,2,20,15801,36
2023/12/19,2023,12,19,2,21,15321,35
2023/12/19,2023,12,19,2,22,14562,34
2023/12/19,2023,12,19,2,23,13519,33
2023/12/19,2023,12,19,2,24,12570,32
2023/12/20,2023,12,20,3,1,11963,31
2023/12/20,2023,12,20,3,2,11613,31
2023/12/20,2023,12,20,3,3,11495,30
2023/12/20,2023,12,20,3,4,11534,29
2023/12/20,2023,12,20,3,5,11886,29
2023/12/20,2023,12,20,3,6,12834,29
2023/12/20,2023,12,20,3,7,14317,29
2023/12/20,2023,12,20,3,8,15288,28
2023/12/20,2023,12,20,3,9,15120,29
2023/12/20,2023,12,20,3,10,14465,32
2023/12/20,2023,12,20,3,11,13862,34
2023/12/20,2023,12,20,3,12,13447,37
2023/12/20,2023,12,20,3,13,13283,39
2023/12/20,2023,12,20,3,14,13505,41
2023/12/20,2023,12,20,3,15,13944,42
2023/12/20,2023,12,20,3,16,14758,42
2023/12/20,2023,12,20,3,17,15913,41
2023/12/20,2023,12,20,3,18,16741,38
2023/12/20,2023,12,20,3,19,16679,37
2023/12/20,2023,12,20,3,20,16378,37
2023/12/20,2023,12,20,3,21,15924,35
2023/12/20,2023,12,20,3,22,15120,34
2023/12/20,2023,12,20,3,23,13960,34
2023/12/20,2023,12,20,3,24,12936,35
2023/12/21,2023,12,21,4,1,12245,35
2023/12/21,2023,12,21,4,2,11864,34
2023/12/21,2023,12,21,4,3,11697,32
2023/12/21,2023,12,21,4,4,11722,32
2023/12/21,2023,12,21,4,5,12080,31
2023/12/21,2023,12,21,4,6,13008,30
2023/12/21,2023,12,21,4,7,14547,30
2023/12/21,2023,12,21,4,8,15506,29
2023/12/21,2023,12,21,4,9,15372,30
2023/12/21,2023,12,21,4,10,14749,31
2023/12/21,2023,12,21,4,11,14156,32
2023/12/21,2023,12,21,4,12,13807,33
2023/12/21,2023,12,21,4,13,13715,35
2023/12/21,2023,12,21,4,14,14005,35
2023/12/21,2023,12,21,4,15,14585,34
2023/12/21,2023,12,21,4,16,15447,34
2023/12/21,2023,12,21,4,17,16706,32
2023/12/21,2023,12,21,4,18,17440,29
2023/12/21,2023,12,21,4,19,17389,29
2023/12/21,2023,12,21,4,20,17157,28
2023/12/21,2023,12,21,4,21,16746,27
2023/12/21,2023,12,21,4,22,16021,25
2023/12/21,2023,12,21,4,23,14960,24
2023/12/21,2023,12,21,4,24,13933,24
2023/12/22,2023,12,22,5,1,13289,23
2023/12/22,2023,12,22,5,2,12920,22
2023/12/22,2023,12,22,5,3,12760,21
2023/12/22,2023,12,22,5,4,12798,20
2023/12/22,2023,12,22,5,5,13105,20
2023/12/22,2023,12,22,5,6,13949,19
2023/12/22,2023,12,22,5,7,15264,19
2023/12/22,2023,12,22,5,8,16193,19
2023/12/22,2023,12,22,5,9,16080,19
2023/12/22,2023,12,22,5,10,15371,23
2023/12/22,2023,12,22,5,11,14704,26
2023/12/22,2023,12,22,5,12,14182,29
2023/12/22,2023,12,22,5,13,13872,31
2023/12/22,2023,12,22,5,14,14025,32
2023/12/22,2023,12,22,5,15,14559,34
2023/12/22,2023,12,22,5,16,15399,34
2023/12/22,2023,12,22,5,17,16603,32
2023/12/22,2023,12,22,5,18,17262,30
2023/12/22,2023,12,22,5,19,17062,29
2023/12/22,2023,12,22,5,20,16727,27
2023/12/22,2023,12,22,5,21,16308,26
2023/12/22,2023,12,22,5,22,15685,25
2023/12/22,2023,12,22,5,23,14795,25
2023/12/22,2023,12,22,5,24,13922,24
2023/12/23,2023,12,23,6,1,13264,24
2023/12/23,2023,12,23,6,2,12838,23
2023/12/23,2023,12,23,6,3,12625,23
2023/12/23,2023,12,23,6,4,12569,23
2023/12/23,2023,12,23,6,5,12702,23
2023/12/23,2023,12,23,6,6,13087,21
2023/12/23,2023,12,23,6,7,13694,22
2023/12/23,2023,12,23,6,8,14337,23
2023/12/23,2023,12,23,6,9,14611,24
2023/12/23,2023,12,23,6,10,14434,28
2023/12/23,2023,12,23,6,11,14196,31
2023/12/23,2023,12,23,6,12,14123,34
2023/12/23,2023,12,23,6,13,14087,36
2023/12/23,2023,12,23,6,14,14236,38
2023/12/23,2023,12,23,6,15,14522,38
2023/12/23,2023,12,23,6,16,14930,38
2023/12/23,2023,12,23,6,17,15773,37
2023/12/23,2023,12,23,6,18,16168,36
2023/12/23,2023,12,23,6,19,15918,36
2023/12/23,2023,12,23,6,20,15531,35
2023/12/23,2023,12,23,6,21,15084,35
2023/12/23,2023,12,23,6,22,14447,35
2023/12/23,2023,12,23,6,23,13559,35
2023/12/23,2023,12,23,6,24,12665,35
2023/12/24,2023,12,24,7,1,11964,35
2023/12/24,2023,12,24,7,2,11465,35
2023/12/24,2023,12,24,7,3,11173,35
2023/12/24,2023,12,24,7,4,11044,35
2023/12/24,2023,12,24,7,5,11090,35
2023/12/24,2023,12,24,7,6,11349,35
2023/12/24,2023,12,24,7,7,11887,35
2023/12/24,2023,12,24,7,8,12605,35
2023/12/24,2023,12,24,7,9,13342,36
2023/12/24,2023,12,24,7,10,13875,37
2023/12/24,2023,12,24,7,11,14102,39
2023/12/24,2023,12,24,7,12,14199,41
2023/12/24,2023,12,24,7,13,14253,42
2023/12/24,2023,12,24,7,14,14329,43
2023/12/24,2023,12,24,7,15,14369,43
2023/12/24,2023,12,24,7,16,14474,43
2023/12/24,2023,12,24,7,17,14845,42
2023/12/24,2023,12,24,7,18,14827,41
2023/12/24,2023,12,24,7,19,14313,41
2023/12/24,2023,12,24,7,20,13805,41
2023/12/24,2023,12,24,7,21,13419,41
2023/12/24,2023,12,24,7,22,13053,41
2023/12/24,2023,12,24,7,23,12478,40
2023/12/24,2023,12,24,7,24,11787,41
2023/12/25,2023,12,25,1,1,11131,40
2023/12/25,2023,12,25,1,2,10648,41
2023/12/25,2023,12,25,1,3,10393,40
2023/12/25,2023,12,25,1,4,10278,40
2023/12/25,2023,12,25,1,5,10368,40
2023/12/25,2023,12,25,1,6,10690,40
2023/12/25,2023,12,25,1,7,11225,40
2023/12/25,2023,12,25,1,8,11897,40
2023/12/25,2023,12,25,1,9,12522,41
2023/12/25,2023,12,25,1,10,12743,41
2023/12/25,2023,12,25,1,11,12608,43
2023/12/25,2023,12,25,1,12,12487,44
2023/12/25,2023,12,25,1,13,12386,46
2023/12/25,2023,12,25,1,14,12227,47
2023/12/25,2023,12,25,1,15,12266,48
2023/12/25,2023,12,25,1,16,12563,48
2023/12/25,2023,12,25,1,17,13251,46
2023/12/25,2023,12,25,1,18,13617,44
2023/12/25,2023,12,25,1,19,13432,42
2023/12/25,2023,12,25,1,20,13240,42
2023/12/25,2023,12,25,1,21,13068,40
2023/12/25,2023,12,25,1,22,12655,40
2023/12/25,2023,12,25,1,23,11990,39
2023/12/25,2023,12,25,1,24,11263,37
2023/12/26,2023,12,26,2,1,10746,38
2023/12/26,2023,12,26,2,2,10429,38
2023/12/26,2023,12,26,2,3,10282,38
2023/12/26,2023,12,26,2,4,10308,37
2023/12/26,2023,12,26,2,5,10566,37
2023/12/26,2023,12,26,2,6,11219,37
2023/12/26,2023,12,26,2,7,12162,37
2023/12/26,2023,12,26,2,8,12932,37
2023/12/26,2023,12,26,2,9,13457,38
2023/12/26,2023,12,26,2,10,13652,39
2023/12/26,2023,12,26,2,11,13711,40
2023/12/26,2023,12,26,2,12,13666,41
2023/12/26,2023,12,26,2,13,13545,43
2023/12/26,2023,12,26,2,14,13472,45
2023/12/26,2023,12,26,2,15,13646,46
2023/12/26,2023,12,26,2,16,14073,45
2023/12/26,2023,12,26,2,17,15030,43
2023/12/26,2023,12,26,2,18,15630,42
2023/12/26,2023,12,26,2,19,15353,41
2023/12/26,2023,12,26,2,20,14882,41
2023/12/26,2023,12,26,2,21,14297,42
2023/12/26,2023,12,26,2,22,13521,42
2023/12/26,2023,12,26,2,23,12517,42
2023/12/26,2023,12,26,2,24,11626,42
2023/12/27,2023,12,27,3,1,10995,42
2023/12/27,2023,12,27,3,2,10610,42
2023/12/27,2023,12,27,3,3,10408,42
2023/12/27,2023,12,27,3,4,10374,42
2023/12/27,2023,12,27,3,5,10627,41
2023/12/27,2023,12,27,3,6,11300,42
2023/12/27,2023,12,27,3,7,12302,42
2023/12/27,2023,12,27,3,8,13157,42
2023/12/27,2023,12,27,3,9,13704,42
2023/12/27,2023,12,27,3,10,13990,43
2023/12/27,2023,12,27,3,11,14207,44
2023/12/27,2023,12,27,3,12,14331,46
2023/12/27,2023,12,27,3,13,14258,47
2023/12/27,2023,12,27,3,14,14240,48
2023/12/27,2023,12,27,3,15,14216,48
2023/12/27,2023,12,27,3,16,14382,47
2023/12/27,2023,12,27,3,17,15099,47
2023/12/27,2023,12,27,3,18,15564,46
2023/12/27,2023,12,27,3,19,15242,46
2023/12/27,2023,12,27,3,20,14722,45
2023/12/27,2023,12,27,3,21,14099,45
2023/12/27,2023,12,27,3,22,13318,46
2023/12/27,2023,12,27,3,23,12323,45
2023/12/27,2023,12,27,3,24,11423,45
2023/12/28,2023,12,28,4,1,10781,45
2023/12/28,2023,12,28,4,2,10382,45
2023/12/28,2023,12,28,4,3,10161,45
2023/12/28,2023,12,28,4,4,10131,45
2023/12/28,2023,12,28,4,5,10373,44
2023/12/28,2023,12,28,4,6,11019,44
2023/12/28,2023,12,28,4,7,11999,44
2023/12/28,2023,12,28,4,8,12954,44
2023/12/28,2023,12,28,4,9,13653,44
2023/12/28,2023,12,28,4,10,14148,44
2023/12/28,2023,12,28,4,11,14492,44
2023/12/28,2023,12,28,4,12,14661,45
2023/12/28,2023,12,28,4,13,14608,45
2023/12/28,2023,12,28,4,14,14576,45
2023/12/28,2023,12,28,4,15,14556,45
2023/12/28,2023,12,28,4,16,14650,45
2023/12/28,2023,12,28,4,17,15313,44
2023/12/28,2023,12,28,4,18,15706,44
2023/12/28,2023,12,28,4,19,15376,43
2023/12/28,2023,12,28,4,20,14873,43
2023/12/28,2023,12,28,4,21,14314,43
2023/12/28,2023,12,28,4,22,13541,42
2023/12/28,2023,12,28,4,23,12604,42
2023/12/28,2023,12,28,4,24,11677,42
2023/12/29,2023,12,29,5,1,11059,42
2023/12/29,2023,12,29,5,2,10618,42
2023/12/29,2023,12,29,5,3,10386,41
2023/12/29,2023,12,29,5,4,10348,41
2023/12/29,2023,12,29,5,5,10558,41
2023/12/29,2023,12,29,5,6,11163,41
2023/12/29,2023,12,29,5,7,12104,41
2023/12/29,2023,12,29,5,8,12945,41
2023/12/29,2023,12,29,5,9,13511,41
2023/12/29,2023,12,29,5,10,13902,41
2023/12/29,2023,12,29,5,11,14178,42
2023/12/29,2023,12,29,5,12,14244,43
2023/12/29,2023,12,29,5,13,14256,43
2023/12/29,2023,12,29,5,14,14220,44
2023/12/29,2023,12,29,5,15,14176,44
2023/12/29,2023,12,29,5,16,14325,45
2023/12/29,2023,12,29,5,17,14975,45
2023/12/29,2023,12,29,5,18,15367,44
2023/12/29,2023,12,29,5,19,15008,45
2023/12/29,2023,12,29,5,20,14498,44
2023/12/29,2023,12,29,5,21,13949,44
2023/12/29,2023,12,29,5,22,13261,45
2023/12/29,2023,12,29,5,23,12380,44
2023/12/29,2023,12,29,5,24,11547,44
2023/12/30,2023,12,30,6,1,10854,44
2023/12/30,2023,12,30,6,2,10414,43
2023/12/30,2023,12,30,6,3,10183,42
2023/12/30,2023,12,30,6,4,10101,42
2023/12/30,2023,12,30,6,5,10189,42
2023/12/30,2023,12,30,6,6,10484,42
2023/12/30,2023,12,30,6,7,11036,41
2023/12/30,2023,12,30,6,8,11658,41
2023/12/30,2023,12,30,6,9,12299,41
2023/12/30,2023,12,30,6,10,12827,41
2023/12/30,2023,12,30,6,11,13116,42
2023/12/30,2023,12,30,6,12,13304,42
2023/12/30,2023,12,30,6,13,13327,42
2023/12/30,2023,12,30,6,14,13375,41
2023/12/30,2023,12,30,6,15,13507,41
2023/12/30,2023,12,30,6,16,13777,41
2023/12/30,2023,12,30,6,17,14541,40
2023/12/30,2023,12,30,6,18,15127,40
2023/12/30,2023,12,30,6,19,14953,38
2023/12/30,2023,12,30,6,20,14603,38
2023/12/30,2023,12,30,6,21,14182,37
2023/12/30,2023,12,30,6,22,13654,36
2023/12/30,2023,12,30,6,23,12898,36
2023/12/30,2023,12,30,6,24,12149,35
2023/12/31,2023,12,31,7,1,11535,35
2023/12/31,2023,12,31,7,2,11119,35
2023/12/31,2023,12,31,7,3,10889,34
2023/12/31,2023,12,31,7,4,10801,34
2023/12/31,2023,12,31,7,5,10862,34
2023/12/31,2023,12,31,7,6,11129,34
2023/12/31,2023,12,31,7,7,11586,33
2023/12/31,2023,12,31,7,8,12133,33
2023/12/31,2023,12,31,7,9,12678,33
2023/12/31,2023,12,31,7,10,13096,34
2023/12/31,2023,12,31,7,11,13424,35
2023/12/31,2023,12,31,7,12,13602,35
2023/12/31,2023,12,31,7,13,13655,36
2023/12/31,2023,12,31,7,14,13716,37
2023/12/31,2023,12,31,7,15,13918,36
2023/12/31,2023,12,31,7,16,14415,36
2023/12/31,2023,12,31,7,17,15348,36
2023/12/31,2023,12,31,7,18,15834,36
2023/12/31,2023,12,31,7,19,15432,35
2023/12/31,2023,12,31,7,20,14799,35
2023/12/31,2023,12,31,7,21,14206,34
2023/12/31,2023,12,31,7,22,13630,33
2023/12/31,2023,12,31,7,23,13025,33
2023/12/31,2023,12,31,7,24,12453,33
2024/1/1,2024,1,1,1,1,11908,33
2024/1/1,2024,1,1,1,2,11529,33
2024/1/1,2024,1,1,1,3,11244,33
2024/1/1,2024,1,1,1,4,11086,33
2024/1/1,2024,1,1,1,5,11152,32
2024/1/1,2024,1,1,1,6,11473,32
2024/1/1,2024,1,1,1,7,11896,32
2024/1/1,2024,1,1,1,8,12273,32
2024/1/1,2024,1,1,1,9,12596,32
2024/1/1,2024,1,1,1,10,12802,33
2024/1/1,2024,1,1,1,11,12919,35
2024/1/1,2024,1,1,1,12,12964,36
2024/1/1,2024,1,1,1,13,12920,37
2024/1/1,2024,1,1,1,14,13019,38
2024/1/1,2024,1,1,1,15,13407,38
2024/1/1,2024,1,1,1,16,14120,37
2024/1/1,2024,1,1,1,17,15308,37
2024/1/1,2024,1,1,1,18,16196,34
2024/1/1,2024,1,1,1,19,15981,33
2024/1/1,2024,1,1,1,20,15579,32
2024/1/1,2024,1,1,1,21,15041,30
2024/1/1,2024,1,1,1,22,14302,29
2024/1/1,2024,1,1,1,23,13378,29
2024/1/1,2024,1,1,1,24,12606,27
2024/1/2,2024,1,2,2,1,12140,26
2024/1/2,2024,1,2,2,2,11867,25
2024/1/2,2024,1,2,2,3,11784,24
2024/1/2,2024,1,2,2,4,11905,23
2024/1/2,2024,1,2,2,5,12293,23
2024/1/2,2024,1,2,2,6,13296,22
2024/1/2,2024,1,2,2,7,14799,22
2024/1/2,2024,1,2,2,8,15772,22
2024/1/2,2024,1,2,2,9,15613,23
2024/1/2,2024,1,2,2,10,14873,27
2024/1/2,2024,1,2,2,11,14255,29
2024/1/2,2024,1,2,2,12,13804,32
2024/1/2,2024,1,2,2,13,13631,34
2024/1/2,2024,1,2,2,14,13727,37
2024/1/2,2024,1,2,2,15,14120,39
2024/1/2,2024,1,2,2,16,14912,40
2024/1/2,2024,1,2,2,17,16105,38
2024/1/2,2024,1,2,2,18,17067,35
2024/1/2,2024,1,2,2,19,16957,34
2024/1/2,2024,1,2,2,20,16534,34
2024/1/2,2024,1,2,2,21,15939,32
2024/1/2,2024,1,2,2,22,15043,31
2024/1/2,2024,1,2,2,23,13969,30
2024/1/2,2024,1,2,2,24,13036,29
2024/1/3,2024,1,3,3,1,12454,29
2024/1/3,2024,1,3,3,2,12109,28
2024/1/3,2024,1,3,3,3,11969,28
2024/1/3,2024,1,3,3,4,11984,27
2024/1/3,2024,1,3,3,5,12324,27
2024/1/3,2024,1,3,3,6,13249,27
2024/1/3,2024,1,3,3,7,14695,27
2024/1/3,2024,1,3,3,8,15570,27
2024/1/3,2024,1,3,3,9,15567,28
2024/1/3,2024,1,3,3,10,15007,31
2024/1/3,2024,1,3,3,11,14470,35
2024/1/3,2024,1,3,3,12,14237,38
2024/1/3,2024,1,3,3,13,14272,39
2024/1/3,2024,1,3,3,14,14594,40
2024/1/3,2024,1,3,3,15,14911,40
2024/1/3,2024,1,3,3,16,15272,40
2024/1/3,2024,1,3,3,17,16137,39
2024/1/3,2024,1,3,3,18,16775,38
2024/1/3,2024,1,3,3,19,16566,37
2024/1/3,2024,1,3,3,20,16058,37
2024/1/3,2024,1,3,3,21,15378,37
2024/1/3,2024,1,3,3,22,14444,37
2024/1/3,2024,1,3,3,23,13301,36
2024/1/3,2024,1,3,3,24,12360,36
2024/1/4,2024,1,4,4,1,11778,36
2024/1/4,2024,1,4,4,2,11400,36
2024/1/4,2024,1,4,4,3,11217,35
2024/1/4,2024,1,4,4,4,11216,35
2024/1/4,2024,1,4,4,5,11553,35
2024/1/4,2024,1,4,4,6,12443,35
2024/1/4,2024,1,4,4,7,13879,35
2024/1/4,2024,1,4,4,8,14879,34
2024/1/4,2024,1,4,4,9,15104,34
2024/1/4,2024,1,4,4,10,15040,35
2024/1/4,2024,1,4,4,11,14777,36
2024/1/4,2024,1,4,4,12,14389,38
2024/1/4,2024,1,4,4,13,14061,40
2024/1/4,2024,1,4,4,14,14000,42
2024/1/4,2024,1,4,4,15,14314,41
2024/1/4,2024,1,4,4,16,14900,40
2024/1/4,2024,1,4,4,17,15980,37
2024/1/4,2024,1,4,4,18,16941,35
2024/1/4,2024,1,4,4,19,16972,33
2024/1/4,2024,1,4,4,20,16716,30
2024/1/4,2024,1,4,4,21,16238,28
2024/1/4,2024,1,4,4,22,15479,26
2024/1/4,2024,1,4,4,23,14519,25
2024/1/4,2024,1,4,4,24,13639,23
2024/1/5,2024,1,5,5,1,13119,22
2024/1/5,2024,1,5,5,2,12810,21
2024/1/5,2024,1,5,5,3,12703,21
2024/1/5,2024,1,5,5,4,12764,20
2024/1/5,2024,1,5,5,5,13126,20
2024/1/5,2024,1,5,5,6,14058,20
2024/1/5,2024,1,5,5,7,15522,20
2024/1/5,2024,1,5,5,8,16492,20
2024/1/5,2024,1,5,5,9,16366,20
2024/1/5,2024,1,5,5,10,15690,23
2024/1/5,2024,1,5,5,11,15132,26
2024/1/5,2024,1,5,5,12,14693,29
2024/1/5,2024,1,5,5,13,14526,31
2024/1/5,2024,1,5,5,14,14691,32
2024/1/5,2024,1,5,5,15,15039,33
2024/1/5,2024,1,5,5,16,15645,32
2024/1/5,2024,1,5,5,17,16639,31
2024/1/5,2024,1,5,5,18,17283,30
2024/1/5,2024,1,5,5,19,17033,30
2024/1/5,2024,1,5,5,20,16623,29
2024/1/5,2024,1,5,5,21,16075,29
2024/1/5,2024,1,5,5,22,15363,29
2024/1/5,2024,1,5,5,23,14423,28
2024/1/5,2024,1,5,5,24,13539,27
2024/1/6,2024,1,6,6,1,12893,28
2024/1/6,2024,1,6,6,2,12486,26
2024/1/6,2024,1,6,6,3,12265,26
2024/1/6,2024,1,6,6,4,12179,26
2024/1/6,2024,1,6,6,5,12296,26
2024/1/6,2024,1,6,6,6,12636,26
2024/1/6,2024,1,6,6,7,13242,27
2024/1/6,2024,1,6,6,8,13902,27
2024/1/6,2024,1,6,6,9,14375,27
2024/1/6,2024,1,6,6,10,14462,29
2024/1/6,2024,1,6,6,11,14519,31
2024/1/6,2024,1,6,6,12,14856,32
2024/1/6,2024,1,6,6,13,15087,32
2024/1/6,2024,1,6,6,14,15067,32
2024/1/6,2024,1,6,6,15,14983,32
2024/1/6,2024,1,6,6,16,15346,33
2024/1/6,2024,1,6,6,17,16080,32
2024/1/6,2024,1,6,6,18,16590,32
2024/1/6,2024,1,6,6,19,16357,32
2024/1/6,2024,1,6,6,20,15889,32
2024/1/6,2024,1,6,6,21,15361,32
2024/1/6,2024,1,6,6,22,14700,30
2024/1/6,2024,1,6,6,23,13874,31
2024/1/6,2024,1,6,6,24,13144,31
2024/1/7,2024,1,7,7,1,12537,31
2024/1/7,2024,1,7,7,2,12106,31
2024/1/7,2024,1,7,7,3,11859,31
2024/1/7,2024,1,7,7,4,11761,31
2024/1/7,2024,1,7,7,5,11824,31
2024/1/7,2024,1,7,7,6,12092,31
2024/1/7,2024,1,7,7,7,12551,30
2024/1/7,2024,1,7,7,8,13135,29
2024/1/7,2024,1,7,7,9,13895,28
2024/1/7,2024,1,7,7,10,14696,28
2024/1/7,2024,1,7,7,11,15313,28
2024/1/7,2024,1,7,7,12,15860,29
2024/1/7,2024,1,7,7,13,16279,28
2024/1/7,2024,1,7,7,14,16375,28
2024/1/7,2024,1,7,7,15,16364,27
2024/1/7,2024,1,7,7,16,16344,26
2024/1/7,2024,1,7,7,17,16903,26
2024/1/7,2024,1,7,7,18,17614,26
2024/1/7,2024,1,7,7,19,17333,26
2024/1/7,2024,1,7,7,20,16735,26
2024/1/7,2024,1,7,7,21,16024,25
2024/1/7,2024,1,7,7,22,15109,25
2024/1/7,2024,1,7,7,23,14052,25
2024/1/7,2024,1,7,7,24,13131,26
2024/1/8,2024,1,8,1,1,12564,25
2024/1/8,2024,1,8,1,2,12222,27
2024/1/8,2024,1,8,1,3,12095,27
2024/1/8,2024,1,8,1,4,12133,27
2024/1/8,2024,1,8,1,5,12546,27
2024/1/8,2024,1,8,1,6,13421,27
2024/1/8,2024,1,8,1,7,14840,27
2024/1/8,2024,1,8,1,8,15877,27
2024/1/8,2024,1,8,1,9,16348,27
2024/1/8,2024,1,8,1,10,16309,28
2024/1/8,2024,1,8,1,11,16127,29
2024/1/8,2024,1,8,1,12,15870,31
2024/1/8,2024,1,8,1,13,15567,33
2024/1/8,2024,1,8,1,14,15370,35
2024/1/8,2024,1,8,1,15,15298,36
2024/1/8,2024,1,8,1,16,15590,37
2024/1/8,2024,1,8,1,17,16481,36
2024/1/8,2024,1,8,1,18,17401,33
2024/1/8,2024,1,8,1,19,17381,32
2024/1/8,2024,1,8,1,20,16967,29
2024/1/8,2024,1,8,1,21,16373,28
2024/1/8,2024,1,8,1,22,15535,27
2024/1/8,2024,1,8,1,23,14440,26
2024/1/8,2024,1,8,1,24,13556,25
2024/1/9,2024,1,9,2,1,13004,24
2024/1/9,2024,1,9,2,2,12689,24
2024/1/9,2024,1,9,2,3,12608,24
2024/1/9,2024,1,9,2,4,12695,23
2024/1/9,2024,1,9,2,5,13058,20
2024/1/9,2024,1,9,2,6,13988,22
2024/1/9,2024,1,9,2,7,15505,22
2024/1/9,2024,1,9,2,8,16471,23
2024/1/9,2024,1,9,2,9,16704,24
2024/1/9,2024,1,9,2,10,16690,25
2024/1/9,2024,1,9,2,11,16553,27
2024/1/9,2024,1,9,2,12,16450,29
2024/1/9,2024,1,9,2,13,16337,30
2024/1/9,2024,1,9,2,14,16278,31
2024/1/9,2024,1,9,2,15,16186,33
2024/1/9,2024,1,9,2,16,16381,33
2024/1/9,2024,1,9,2,17,17018,33
2024/1/9,2024,1,9,2,18,17506,34
2024/1/9,2024,1,9,2,19,17252,35
2024/1/9,2024,1,9,2,20,16713,36
2024/1/9,2024,1,9,2,21,15924,38
2024/1/9,2024,1,9,2,22,14920,39
2024/1/9,2024,1,9,2,23,13719,40
2024/1/9,2024,1,9,2,24,12729,43
2024/1/10,2024,1,10,3,1,12025,44
2024/1/10,2024,1,10,3,2,11562,44
2024/1/10,2024,1,10,3,3,11267,44
2024/1/10,2024,1,10,3,4,11151,46
2024/1/10,2024,1,10,3,5,11311,46
2024/1/10,2024,1,10,3,6,12035,46
2024/1/10,2024,1,10,3,7,13265,49
2024/1/10,2024,1,10,3,8,14163,50
2024/1/10,2024,1,10,3,9,14319,49
2024/1/10,2024,1,10,3,10,14218,48
2024/1/10,2024,1,10,3,11,14059,48
2024/1/10,2024,1,10,3,12,13892,48
2024/1/10,2024,1,10,3,13,13854,49
2024/1/10,2024,1,10,3,14,13904,48
2024/1/10,2024,1,10,3,15,13938,48
2024/1/10,2024,1,10,3,16,14484,47
2024/1/10,2024,1,10,3,17,15389,46
2024/1/10,2024,1,10,3,18,16156,45
2024/1/10,2024,1,10,3,19,15970,44
2024/1/10,2024,1,10,3,20,15500,43
2024/1/10,2024,1,10,3,21,14867,43
2024/1/10,2024,1,10,3,22,14006,43
2024/1/10,2024,1,10,3,23,12980,42
2024/1/10,2024,1,10,3,24,12087,42
2024/1/11,2024,1,11,4,1,11500,41
2024/1/11,2024,1,11,4,2,11150,41
2024/1/11,2024,1,11,4,3,11005,40
2024/1/11,2024,1,11,4,4,11013,39
2024/1/11,2024,1,11,4,5,11352,39
2024/1/11,2024,1,11,4,6,12264,38
2024/1/11,2024,1,11,4,7,13783,38
2024/1/11,2024,1,11,4,8,14777,38
2024/1/11,2024,1,11,4,9,14938,37
2024/1/11,2024,1,11,4,10,14691,38
2024/1/11,2024,1,11,4,11,14318,40
2024/1/11,2024,1,11,4,12,14081,41
2024/1/11,2024,1,11,4,13,14317,41
2024/1/11,2024,1,11,4,14,14606,42
2024/1/11,2024,1,11,4,15,14580,42
2024/1/11,2024,1,11,4,16,14780,42
2024/1/11,2024,1,11,4,17,15535,41
2024/1/11,2024,1,11,4,18,16351,40
2024/1/11,2024,1,11,4,19,16233,39
2024/1/11,2024,1,11,4,20,15784,39
2024/1/11,2024,1,11,4,21,15190,38
2024/1/11,2024,1,11,4,22,14341,37
2024/1/11,2024,1,11,4,23,13264,37
2024/1/11,2024,1,11,4,24,12382,37
2024/1/12,2024,1,12,5,1,11792,36
2024/1/12,2024,1,12,5,2,11477,35
2024/1/12,2024,1,12,5,3,11344,33
2024/1/12,2024,1,12,5,4,11359,33
2024/1/12,2024,1,12,5,5,11704,35
2024/1/12,2024,1,12,5,6,12606,33
2024/1/12,2024,1,12,5,7,14096,34
2024/1/12,2024,1,12,5,8,15015,33
2024/1/12,2024,1,12,5,9,14833,33
2024/1/12,2024,1,12,5,10,14139,38
2024/1/12,2024,1,12,5,11,13483,41
2024/1/12,2024,1,12,5,12,13085,43
2024/1/12,2024,1,12,5,13,12848,44
2024/1/12,2024,1,12,5,14,12902,45
2024/1/12,2024,1,12,5,15,13184,44
2024/1/12,2024,1,12,5,16,13921,44
2024/1/12,2024,1,12,5,17,14954,42
2024/1/12,2024,1,12,5,18,15752,40
2024/1/12,2024,1,12,5,19,15550,38
2024/1/12,2024,1,12,5,20,15113,38
2024/1/12,2024,1,12,5,21,14588,38
2024/1/12,2024,1,12,5,22,13891,38
2024/1/12,2024,1,12,5,23,13010,38
2024/1/12,2024,1,12,5,24,12178,39
2024/1/13,2024,1,13,6,1,11599,40
2024/1/13,2024,1,13,6,2,11183,40
2024/1/13,2024,1,13,6,3,10987,40
2024/1/13,2024,1,13,6,4,10905,40
2024/1/13,2024,1,13,6,5,10996,41
2024/1/13,2024,1,13,6,6,11308,42
2024/1/13,2024,1,13,6,7,11864,43
2024/1/13,2024,1,13,6,8,12493,44
2024/1/13,2024,1,13,6,9,13175,45
2024/1/13,2024,1,13,6,10,13743,45
2024/1/13,2024,1,13,6,11,13977,46
2024/1/13,2024,1,13,6,12,13832,47
2024/1/13,2024,1,13,6,13,13440,48
2024/1/13,2024,1,13,6,14,13063,53
2024/1/13,2024,1,13,6,15,13054,54
2024/1/13,2024,1,13,6,16,13388,52
2024/1/13,2024,1,13,6,17,14108,50
2024/1/13,2024,1,13,6,18,14771,47
2024/1/13,2024,1,13,6,19,14630,43
2024/1/13,2024,1,13,6,20,14286,42
2024/1/13,2024,1,13,6,21,13861,40
2024/1/13,2024,1,13,6,22,13372,40
2024/1/13,2024,1,13,6,23,12703,38
2024/1/13,2024,1,13,6,24,12055,37
2024/1/14,2024,1,14,7,1,11599,37
2024/1/14,2024,1,14,7,2,11271,35
2024/1/14,2024,1,14,7,3,11089,35
2024/1/14,2024,1,14,7,4,11059,34
2024/1/14,2024,1,14,7,5,11180,33
2024/1/14,2024,1,14,7,6,11523,32
2024/1/14,2024,1,14,7,7,12092,32
2024/1/14,2024,1,14,7,8,12685,32
2024/1/14,2024,1,14,7,9,12971,32
2024/1/14,2024,1,14,7,10,12838,33
2024/1/14,2024,1,14,7,11,12864,35
2024/1/14,2024,1,14,7,12,13168,36
2024/1/14,2024,1,14,7,13,13676,37
2024/1/14,2024,1,14,7,14,14182,38
2024/1/14,2024,1,14,7,15,14491,37
2024/1/14,2024,1,14,7,16,14797,37
2024/1/14,2024,1,14,7,17,15597,35
2024/1/14,2024,1,14,7,18,16420,34
2024/1/14,2024,1,14,7,19,16358,30
2024/1/14,2024,1,14,7,20,15969,28
2024/1/14,2024,1,14,7,21,15505,28
2024/1/14,2024,1,14,7,22,14855,26
2024/1/14,2024,1,14,7,23,14081,26
2024/1/14,2024,1,14,7,24,13328,25
2024/1/15,2024,1,15,1,1,12816,24
2024/1/15,2024,1,15,1,2,12499,24
2024/1/15,2024,1,15,1,3,12400,23
2024/1/15,2024,1,15,1,4,12440,22
2024/1/15,2024,1,15,1,5,12760,22
2024/1/15,2024,1,15,1,6,13490,21
2024/1/15,2024,1,15,1,7,14534,20
2024/1/15,2024,1,15,1,8,15421,20
2024/1/15,2024,1,15,1,9,15659,20
2024/1/15,2024,1,15,1,10,15328,22
2024/1/15,2024,1,15,1,11,14888,24
2024/1/15,2024,1,15,1,12,14545,26
2024/1/15,2024,1,15,1,13,14451,28
2024/1/15,2024,1,15,1,14,14733,29
2024/1/15,2024,1,15,1,15,15206,30
2024/1/15,2024,1,15,1,16,16026,30
2024/1/15,2024,1,15,1,17,17028,29
2024/1/15,2024,1,15,1,18,17814,28
2024/1/15,2024,1,15,1,19,17594,28
2024/1/15,2024,1,15,1,20,17090,27
2024/1/15,2024,1,15,1,21,16456,27
2024/1/15,2024,1,15,1,22,15563,26
2024/1/15,2024,1,15,1,23,14480,26
2024/1/15,2024,1,15,1,24,13543,26
2024/1/16,2024,1,16,2,1,12994,26
2024/1/16,2024,1,16,2,2,12677,24
2024/1/16,2024,1,16,2,3,12551,24
2024/1/16,2024,1,16,2,4,12609,23
2024/1/16,2024,1,16,2,5,12981,23
2024/1/16,2024,1,16,2,6,13882,23
2024/1/16,2024,1,16,2,7,15213,24
2024/1/16,2024,1,16,2,8,16163,24
2024/1/16,2024,1,16,2,9,16752,24
2024/1/16,2024,1,16,2,10,17070,24
2024/1/16,2024,1,16,2,11,17290,25
2024/1/16,2024,1,16,2,12,17474,26
2024/1/16,2024,1,16,2,13,17577,27
2024/1/16,2024,1,16,2,14,17479,27
2024/1/16,2024,1,16,2,15,17267,28
2024/1/16,2024,1,16,2,16,17240,28
2024/1/16,2024,1,16,2,17,17709,28
2024/1/16,2024,1,16,2,18,18220,27
2024/1/16,2024,1,16,2,19,17987,26
2024/1/16,2024,1,16,2,20,17502,25
2024/1/16,2024,1,16,2,21,16816,25
2024/1/16,2024,1,16,2,22,15902,24
2024/1/16,2024,1,16,2,23,14895,24
2024/1/16,2024,1,16,2,24,14059,22
2024/1/17,2024,1,17,3,1,13582,21
2024/1/17,2024,1,17,3,2,13299,20
2024/1/17,2024,1,17,3,3,13214,19
2024/1/17,2024,1,17,3,4,13296,19
2024/1/17,2024,1,17,3,5,13669,19
2024/1/17,2024,1,17,3,6,14597,18
2024/1/17,2024,1,17,3,7,16082,18
2024/1/17,2024,1,17,3,8,17080,17
2024/1/17,2024,1,17,3,9,17348,17
2024/1/17,2024,1,17,3,10,17189,19
2024/1/17,2024,1,17,3,11,16920,20
2024/1/17,2024,1,17,3,12,16724,22
2024/1/17,2024,1,17,3,13,16549,23
2024/1/17,2024,1,17,3,14,16487,24
2024/1/17,2024,1,17,3,15,16501,24
2024/1/17,2024,1,17,3,16,16802,25
2024/1/17,2024,1,17,3,17,17553,24
2024/1/17,2024,1,17,3,18,18433,22
2024/1/17,2024,1,17,3,19,18422,21
2024/1/17,2024,1,17,3,20,18123,20
2024/1/17,2024,1,17,3,21,17573,19
2024/1/17,2024,1,17,3,22,16742,17
2024/1/17,2024,1,17,3,23,15704,17
2024/1/17,2024,1,17,3,24,14804,17
2024/1/18,2024,1,18,4,1,14269,16
2024/1/18,2024,1,18,4,2,13946,16
2024/1/18,2024,1,18,4,3,13812,16
2024/1/18,2024,1,18,4,4,13872,17
2024/1/18,2024,1,18,4,5,14227,17
2024/1/18,2024,1,18,4,6,15155,17
2024/1/18,2024,1,18,4,7,16671,16
2024/1/18,2024,1,18,4,8,17585,17
2024/1/18,2024,1,18,4,9,17709,17
2024/1/18,2024,1,18,4,10,17635,19
2024/1/18,2024,1,18,4,11,17521,21
2024/1/18,2024,1,18,4,12,17261,23
2024/1/18,2024,1,18,4,13,17013,25
2024/1/18,2024,1,18,4,14,16900,27
2024/1/18,2024,1,18,4,15,16836,28
2024/1/18,2024,1,18,4,16,16993,28
2024/1/18,2024,1,18,4,17,17543,27
2024/1/18,2024,1,18,4,18,18187,26
2024/1/18,2024,1,18,4,19,18067,25
2024/1/18,2024,1,18,4,20,17692,25
2024/1/18,2024,1,18,4,21,17078,24
2024/1/18,2024,1,18,4,22,16151,24
2024/1/18,2024,1,18,4,23,15093,24
2024/1/18,2024,1,18,4,24,14145,24
2024/1/19,2024,1,19,5,1,13583,23
2024/1/19,2024,1,19,5,2,13260,23
2024/1/19,2024,1,19,5,3,13122,22
2024/1/19,2024,1,19,5,4,13151,22
2024/1/19,2024,1,19,5,5,13482,21
2024/1/19,2024,1,19,5,6,14355,21
2024/1/19,2024,1,19,5,7,15762,21
2024/1/19,2024,1,19,5,8,16770,21
2024/1/19,2024,1,19,5,9,17107,21
2024/1/19,2024,1,19,5,10,17183,21
2024/1/19,2024,1,19,5,11,17237,22
2024/1/19,2024,1,19,5,12,17064,24
2024/1/19,2024,1,19,5,13,16974,24
2024/1/19,2024,1,19,5,14,16924,25
2024/1/19,2024,1,19,5,15,16882,25
2024/1/19,2024,1,19,5,16,16915,25
2024/1/19,2024,1,19,5,17,17384,25
2024/1/19,2024,1,19,5,18,17943,24
2024/1/19,2024,1,19,5,19,17787,23
2024/1/19,2024,1,19,5,20,17404,22
2024/1/19,2024,1,19,5,21,16903,22
2024/1/19,2024,1,19,5,22,16248,20
2024/1/19,2024,1,19,5,23,15417,19
2024/1/19,2024,1,19,5,24,14627,19
2024/1/20,2024,1,20,6,1,14132,18
2024/1/20,2024,1,20,6,2,13779,16
2024/1/20,2024,1,20,6,3,13649,15
2024/1/20,2024,1,20,6,4,13667,14
2024/1/20,2024,1,20,6,5,13830,13
2024/1/20,2024,1,20,6,6,14255,13
2024/1/20,2024,1,20,6,7,14947,12
2024/1/20,2024,1,20,6,8,15708,11
2024/1/20,2024,1,20,6,9,16433,12
2024/1/20,2024,1,20,6,10,16855,13
2024/1/20,2024,1,20,6,11,16914,16
2024/1/20,2024,1,20,6,12,16843,16
2024/1/20,2024,1,20,6,13,16737,17
2024/1/20,2024,1,20,6,14,16739,18
2024/1/20,2024,1,20,6,15,16781,18
2024/1/20,2024,1,20,6,16,17071,18
2024/1/20,2024,1,20,6,17,17679,17
2024/1/20,2024,1,20,6,18,18259,16
2024/1/20,2024,1,20,6,19,18127,15
2024/1/20,2024,1,20,6,20,17782,15
2024/1/20,2024,1,20,6,21,17349,15
2024/1/20,2024,1,20,6,22,16729,14
2024/1/20,2024,1,20,6,23,15960,14
2024/1/20,2024,1,20,6,24,15209,14
2024/1/21,2024,1,21,7,1,14626,14
2024/1/21,2024,1,21,7,2,14244,14
2024/1/21,2024,1,21,7,3,14043,14
2024/1/21,2024,1,21,7,4,13991,14
2024/1/21,2024,1,21,7,5,14077,13
2024/1/21,2024,1,21,7,6,14365,13
2024/1/21,2024,1,21,7,7,14913,12
2024/1/21,2024,1,21,7,8,15542,13
2024/1/21,2024,1,21,7,9,16145,13
2024/1/21,2024,1,21,7,10,16311,14
2024/1/21,2024,1,21,7,11,16273,16
2024/1/21,2024,1,21,7,12,16179,18
2024/1/21,2024,1,21,7,13,16030,20
2024/1/21,2024,1,21,7,14,15854,22
2024/1/21,2024,1,21,7,15,15907,24
2024/1/21,2024,1,21,7,16,16341,25
2024/1/21,2024,1,21,7,17,17287,25
2024/1/21,2024,1,21,7,18,18278,23
2024/1/21,2024,1,21,7,19,18240,22
2024/1/21,2024,1,21,7,20,17838,21
2024/1/21,2024,1,21,7,21,17282,19
2024/1/21,2024,1,21,7,22,16405,19
2024/1/21,2024,1,21,7,23,15401,17
2024/1/21,2024,1,21,7,24,14549,17
2024/1/22,2024,1,22,1,1,14047,17
2024/1/22,2024,1,22,1,2,13754,15
2024/1/22,2024,1,22,1,3,13658,15
2024/1/22,2024,1,22,1,4,13741,15
2024/1/22,2024,1,22,1,5,14124,15
2024/1/22,2024,1,22,1,6,15092,14
2024/1/22,2024,1,22,1,7,16672,15
2024/1/22,2024,1,22,1,8,17621,14
2024/1/22,2024,1,22,1,9,17549,16
2024/1/22,2024,1,22,1,10,17065,20
2024/1/22,2024,1,22,1,11,16501,25
2024/1/22,2024,1,22,1,12,15968,28
2024/1/22,2024,1,22,1,13,15553,31
2024/1/22,2024,1,22,1,14,15417,34
2024/1/22,2024,1,22,1,15,15643,35
2024/1/22,2024,1,22,1,16,16234,36
2024/1/22,2024,1,22,1,17,17015,36
2024/1/22,2024,1,22,1,18,17853,35
2024/1/22,2024,1,22,1,19,17644,34
2024/1/22,2024,1,22,1,20,17065,34
2024/1/22,2024,1,22,1,21,16333,34
2024/1/22,2024,1,22,1,22,15408,34
2024/1/22,2024,1,22,1,23,14274,34
2024/1/22,2024,1,22,1,24,13307,34
2024/1/23,2024,1,23,2,1,12655,35
2024/1/23,2024,1,23,2,2,12267,34
2024/1/23,2024,1,23,2,3,12068,34
2024/1/23,2024,1,23,2,4,12053,34
2024/1/23,2024,1,23,2,5,12403,34
2024/1/23,2024,1,23,2,6,13292,33
2024/1/23,2024,1,23,2,7,14803,34
2024/1/23,2024,1,23,2,8,15718,34
2024/1/23,2024,1,23,2,9,15893,35
2024/1/23,2024,1,23,2,10,15809,36
2024/1/23,2024,1,23,2,11,15799,37
2024/1/23,2024,1,23,2,12,15771,37
2024/1/23,2024,1,23,2,13,15629,38
2024/1/23,2024,1,23,2,14,15572,38
2024/1/23,2024,1,23,2,15,15564,37
2024/1/23,2024,1,23,2,16,15740,37
2024/1/23,2024,1,23,2,17,16361,36
2024/1/23,2024,1,23,2,18,17154,35
2024/1/23,2024,1,23,2,19,17023,35
2024/1/23,2024,1,23,2,20,16498,34
2024/1/23,2024,1,23,2,21,15849,34
2024/1/23,2024,1,23,2,22,14970,33
2024/1/23,2024,1,23,2,23,13907,33
2024/1/23,2024,1,23,2,24,12997,32
2024/1/24,2024,1,24,3,1,12486,31
2024/1/24,2024,1,24,3,2,12134,31
2024/1/24,2024,1,24,3,3,11983,31
2024/1/24,2024,1,24,3,4,11988,31
2024/1/24,2024,1,24,3,5,12345,31
2024/1/24,2024,1,24,3,6,13233,31
2024/1/24,2024,1,24,3,7,14650,32
2024/1/24,2024,1,24,3,8,15661,32
2024/1/24,2024,1,24,3,9,16099,31
2024/1/24,2024,1,24,3,10,16310,32
2024/1/24,2024,1,24,3,11,16366,32
2024/1/24,2024,1,24,3,12,16376,33
2024/1/24,2024,1,24,3,13,16294,33
2024/1/24,2024,1,24,3,14,16234,34
2024/1/24,2024,1,24,3,15,16126,34
2024/1/24,2024,1,24,3,16,16172,35
2024/1/24,2024,1,24,3,17,16615,35
2024/1/24,2024,1,24,3,18,17183,34
2024/1/24,2024,1,24,3,19,16917,34
2024/1/24,2024,1,24,3,20,16390,35
2024/1/24,2024,1,24,3,21,15714,36
2024/1/24,2024,1,24,3,22,14750,35
2024/1/24,2024,1,24,3,23,13606,36
2024/1/24,2024,1,24,3,24,12638,36
2024/1/25,2024,1,25,4,1,12023,37
2024/1/25,2024,1,25,4,2,11583,38
2024/1/25,2024,1,25,4,3,11333,39
2024/1/25,2024,1,25,4,4,11239,41
2024/1/25,2024,1,25,4,5,11481,43
2024/1/25,2024,1,25,4,6,12295,43
2024/1/25,2024,1,25,4,7,13671,44
2024/1/25,2024,1,25,4,8,14619,44
2024/1/25,2024,1,25,4,9,14902,45
2024/1/25,2024,1,25,4,10,14811,45
2024/1/25,2024,1,25,4,11,14517,45
2024/1/25,2024,1,25,4,12,14146,47
2024/1/25,2024,1,25,4,13,13910,47
2024/1/25,2024,1,25,4,14,14008,49
2024/1/25,2024,1,25,4,15,14037,48
2024/1/25,2024,1,25,4,16,14289,48
2024/1/25,2024,1,25,4,17,14952,46
2024/1/25,2024,1,25,4,18,15809,44
2024/1/25,2024,1,25,4,19,15733,43
2024/1/25,2024,1,25,4,20,15301,42
2024/1/25,2024,1,25,4,21,14721,42
2024/1/25,2024,1,25,4,22,13930,41
2024/1/25,2024,1,25,4,23,12909,41
2024/1/25,2024,1,25,4,24,12043,40
2024/1/26,2024,1,26,5,1,11461,40
2024/1/26,2024,1,26,5,2,11089,39
2024/1/26,2024,1,26,5,3,10913,39
2024/1/26,2024,1,26,5,4,10933,38
2024/1/26,2024,1,26,5,5,11285,38
2024/1/26,2024,1,26,5,6,12161,37
2024/1/26,2024,1,26,5,7,13593,37
2024/1/26,2024,1,26,5,8,14694,37
2024/1/26,2024,1,26,5,9,15175,37
2024/1/26,2024,1,26,5,10,15403,37
2024/1/26,2024,1,26,5,11,15507,37
2024/1/26,2024,1,26,5,12,15424,38
2024/1/26,2024,1,26,5,13,15293,38
2024/1/26,2024,1,26,5,14,15206,38
2024/1/26,2024,1,26,5,15,15097,39
2024/1/26,2024,1,26,5,16,15162,39
2024/1/26,2024,1,26,5,17,15575,39
2024/1/26,2024,1,26,5,18,16061,38
2024/1/26,2024,1,26,5,19,15768,38
2024/1/26,2024,1,26,5,20,15235,38
2024/1/26,2024,1,26,5,21,14678,38
2024/1/26,2024,1,26,5,22,13985,37
2024/1/26,2024,1,26,5,23,13121,37
2024/1/26,2024,1,26,5,24,12322,37
2024/1/27,2024,1,27,6,1,11680,36
2024/1/27,2024,1,27,6,2,11290,36
2024/1/27,2024,1,27,6,3,11067,36
2024/1/27,2024,1,27,6,4,10995,36
2024/1/27,2024,1,27,6,5,11105,36
2024/1/27,2024,1,27,6,6,11487,35
2024/1/27,2024,1,27,6,7,12126,35
2024/1/27,2024,1,27,6,8,12830,35
2024/1/27,2024,1,27,6,9,13464,35
2024/1/27,2024,1,27,6,10,13788,36
2024/1/27,2024,1,27,6,11,13947,37
2024/1/27,2024,1,27,6,12,13982,37
2024/1/27,2024,1,27,6,13,13929,38
2024/1/27,2024,1,27,6,14,13890,38
2024/1/27,2024,1,27,6,15,13850,39
2024/1/27,2024,1,27,6,16,14065,40
2024/1/27,2024,1,27,6,17,14696,39
2024/1/27,2024,1,27,6,18,15321,38
2024/1/27,2024,1,27,6,19,15153,38
2024/1/27,2024,1,27,6,20,14695,38
2024/1/27,2024,1,27,6,21,14200,37
2024/1/27,2024,1,27,6,22,13603,37
2024/1/27,2024,1,27,6,23,12859,37
2024/1/27,2024,1,27,6,24,12169,37
2024/1/28,2024,1,28,7,1,11594,36
2024/1/28,2024,1,28,7,2,11192,36
2024/1/28,2024,1,28,7,3,10960,36
2024/1/28,2024,1,28,7,4,10868,36
2024/1/28,2024,1,28,7,5,10945,36
2024/1/28,2024,1,28,7,6,11229,36
2024/1/28,2024,1,28,7,7,11687,35
2024/1/28,2024,1,28,7,8,12392,36
2024/1/28,2024,1,28,7,9,13195,35
2024/1/28,2024,1,28,7,10,13913,35
2024/1/28,2024,1,28,7,11,14476,35
2024/1/28,2024,1,28,7,12,14855,34
2024/1/28,2024,1,28,7,13,14995,34
2024/1/28,2024,1,28,7,14,15065,35
2024/1/28,2024,1,28,7,15,15167,35
2024/1/28,2024,1,28,7,16,15349,35
2024/1/28,2024,1,28,7,17,15837,35
2024/1/28,2024,1,28,7,18,16369,35
2024/1/28,2024,1,28,7,19,16222,35
2024/1/28,2024,1,28,7,20,15724,34
2024/1/28,2024,1,28,7,21,15126,34
2024/1/28,2024,1,28,7,22,14263,34
2024/1/28,2024,1,28,7,23,13332,33
2024/1/28,2024,1,28,7,24,12458,33
2024/1/29,2024,1,29,1,1,11901,34
2024/1/29,2024,1,29,1,2,11570,33
2024/1/29,2024,1,29,1,3,11430,34
2024/1/29,2024,1,29,1,4,11473,34
2024/1/29,2024,1,29,1,5,11851,34
2024/1/29,2024,1,29,1,6,12750,33
2024/1/29,2024,1,29,1,7,14124,33
2024/1/29,2024,1,29,1,8,15115,33
2024/1/29,2024,1,29,1,9,15651,33
2024/1/29,2024,1,29,1,10,15820,33
2024/1/29,2024,1,29,1,11,15899,34
2024/1/29,2024,1,29,1,12,15993,34
2024/1/29,2024,1,29,1,13,16042,35
2024/1/29,2024,1,29,1,14,16042,35
2024/1/29,2024,1,29,1,15,15958,34
2024/1/29,2024,1,29,1,16,16087,34
2024/1/29,2024,1,29,1,17,16611,34
2024/1/29,2024,1,29,1,18,17412,33
2024/1/29,2024,1,29,1,19,17250,33
2024/1/29,2024,1,29,1,20,16694,33
2024/1/29,2024,1,29,1,21,15974,33
2024/1/29,2024,1,29,1,22,15093,33
2024/1/29,2024,1,29,1,23,13983,32
2024/1/29,2024,1,29,1,24,13030,32
2024/1/30,2024,1,30,2,1,12438,32
2024/1/30,2024,1,30,2,2,12099,31
2024/1/30,2024,1,30,2,3,11934,31
2024/1/30,2024,1,30,2,4,11967,31
2024/1/30,2024,1,30,2,5,12349,30
2024/1/30,2024,1,30,2,6,13301,30
2024/1/30,2024,1,30,2,7,14821,29
2024/1/30,2024,1,30,2,8,15866,29
2024/1/30,2024,1,30,2,9,16198,29
2024/1/30,2024,1,30,2,10,16261,29
2024/1/30,2024,1,30,2,11,16252,29
2024/1/30,2024,1,30,2,12,16227,29
2024/1/30,2024,1,30,2,13,16125,29
2024/1/30,2024,1,30,2,14,16080,29
2024/1/30,2024,1,30,2,15,16104,29
2024/1/30,2024,1,30,2,16,16327,29
2024/1/30,2024,1,30,2,17,16942,29
2024/1/30,2024,1,30,2,18,17749,28
2024/1/30,2024,1,30,2,19,17634,27
2024/1/30,2024,1,30,2,20,17180,27
2024/1/30,2024,1,30,2,21,16564,26
2024/1/30,2024,1,30,2,22,15653,26
2024/1/30,2024,1,30,2,23,14531,26
2024/1/30,2024,1,30,2,24,13621,26
2024/1/31,2024,1,31,3,1,12977,26
2024/1/31,2024,1,31,3,2,12600,26
2024/1/31,2024,1,31,3,3,12423,26
2024/1/31,2024,1,31,3,4,12461,26
2024/1/31,2024,1,31,3,5,12763,26
2024/1/31,2024,1,31,3,6,13708,26
2024/1/31,2024,1,31,3,7,15190,26
2024/1/31,2024,1,31,3,8,16143,26
2024/1/31,2024,1,31,3,9,16392,27
2024/1/31,2024,1,31,3,10,16346,28
2024/1/31,2024,1,31,3,11,16315,29
2024/1/31,2024,1,31,3,12,16196,30
2024/1/31,2024,1,31,3,13,16089,31
2024/1/31,2024,1,31,3,14,16040,32
2024/1/31,2024,1,31,3,15,15937,33
2024/1/31,2024,1,31,3,16,16047,33
2024/1/31,2024,1,31,3,17,16519,33
2024/1/31,2024,1,31,3,18,17253,33
2024/1/31,2024,1,31,3,19,17108,33
2024/1/31,2024,1,31,3,20,16608,33
2024/1/31,2024,1,31,3,21,15933,33
2024/1/31,2024,1,31,3,22,15018,33
2024/1/31,2024,1,31,3,23,13899,33
2024/1/31,2024,1,31,3,24,12920,32
2024/2/1,2024,2,1,4,1,12357,32
2024/2/1,2024,2,1,4,2,11987,32
2024/2/1,2024,2,1,4,3,11812,32
2024/2/1,2024,2,1,4,4,11803,32
2024/2/1,2024,2,1,4,5,12151,32
2024/2/1,2024,2,1,4,6,13043,32
2024/2/1,2024,2,1,4,7,14512,32
2024/2/1,2024,2,1,4,8,15436,32
2024/2/1,2024,2,1,4,9,15650,33
2024/2/1,2024,2,1,4,10,15522,33
2024/2/1,2024,2,1,4,11,15361,35
2024/2/1,2024,2,1,4,12,15258,37
2024/2/1,2024,2,1,4,13,15184,38
2024/2/1,2024,2,1,4,14,15298,39
2024/2/1,2024,2,1,4,15,15297,39
2024/2/1,2024,2,1,4,16,15401,39
2024/2/1,2024,2,1,4,17,15839,39
2024/2/1,2024,2,1,4,18,16501,39
2024/2/1,2024,2,1,4,19,16363,39
2024/2/1,2024,2,1,4,20,15907,38
2024/2/1,2024,2,1,4,21,15195,38
2024/2/1,2024,2,1,4,22,14406,38
2024/2/1,2024,2,1,4,23,13326,38
2024/2/1,2024,2,1,4,24,12404,38
2024/2/2,2024,2,2,5,1,11785,38
2024/2/2,2024,2,2,5,2,11437,37
2024/2/2,2024,2,2,5,3,11258,37
2024/2/2,2024,2,2,5,4,11255,37
2024/2/2,2024,2,2,5,5,11568,36
2024/2/2,2024,2,2,5,6,12389,36
2024/2/2,2024,2,2,5,7,13806,36
2024/2/2,2024,2,2,5,8,14813,36
2024/2/2,2024,2,2,5,9,15155,37
2024/2/2,2024,2,2,5,10,15265,37
2024/2/2,2024,2,2,5,11,15189,38
2024/2/2,2024,2,2,5,12,14998,39
2024/2/2,2024,2,2,5,13,14856,39
2024/2/2,2024,2,2,5,14,14781,40
2024/2/2,2024,2,2,5,15,14686,40
2024/2/2,2024,2,2,5,16,14797,40
2024/2/2,2024,2,2,5,17,15327,40
2024/2/2,2024,2,2,5,18,15944,40
2024/2/2,2024,2,2,5,19,15787,39
2024/2/2,2024,2,2,5,20,15347,38
2024/2/2,2024,2,2,5,21,14861,37
2024/2/2,2024,2,2,5,22,14231,36
2024/2/2,2024,2,2,5,23,13415,36
2024/2/2,2024,2,2,5,24,12631,35
2024/2/3,2024,2,3,6,1,12069,34
2024/2/3,2024,2,3,6,2,11750,33
2024/2/3,2024,2,3,6,3,11571,32
2024/2/3,2024,2,3,6,4,11559,31
2024/2/3,2024,2,3,6,5,11711,31
2024/2/3,2024,2,3,6,6,12139,30
2024/2/3,2024,2,3,6,7,12835,30
2024/2/3,2024,2,3,6,8,13529,29
2024/2/3,2024,2,3,6,9,13824,28
2024/2/3,2024,2,3,6,10,13634,30
2024/2/3,2024,2,3,6,11,13151,31
2024/2/3,2024,2,3,6,12,12786,33
2024/2/3,2024,2,3,6,13,12459,35
2024/2/3,2024,2,3,6,14,12414,36
2024/2/3,2024,2,3,6,15,12736,37
2024/2/3,2024,2,3,6,16,13487,37
2024/2/3,2024,2,3,6,17,14558,37
2024/2/3,2024,2,3,6,18,15585,35
2024/2/3,2024,2,3,6,19,15652,33
2024/2/3,2024,2,3,6,20,15280,32
2024/2/3,2024,2,3,6,21,14873,32
2024/2/3,2024,2,3,6,22,14326,31
2024/2/3,2024,2,3,6,23,13637,29
2024/2/3,2024,2,3,6,24,12980,28
2024/2/4,2024,2,4,7,1,12488,28
2024/2/4,2024,2,4,7,2,12189,27
2024/2/4,2024,2,4,7,3,12023,26
2024/2/4,2024,2,4,7,4,12000,25
2024/2/4,2024,2,4,7,5,12132,24
2024/2/4,2024,2,4,7,6,12479,23
2024/2/4,2024,2,4,7,7,13050,23
2024/2/4,2024,2,4,7,8,13555,22
2024/2/4,2024,2,4,7,9,13442,24
2024/2/4,2024,2,4,7,10,12968,27
2024/2/4,2024,2,4,7,11,12493,30
2024/2/4,2024,2,4,7,12,12207,33
2024/2/4,2024,2,4,7,13,12059,36
2024/2/4,2024,2,4,7,14,12053,38
2024/2/4,2024,2,4,7,15,12402,39
2024/2/4,2024,2,4,7,16,13302,41
2024/2/4,2024,2,4,7,17,14657,41
2024/2/4,2024,2,4,7,18,15944,39
2024/2/4,2024,2,4,7,19,16132,37
2024/2/4,2024,2,4,7,20,15806,35
2024/2/4,2024,2,4,7,21,15232,34
2024/2/4,2024,2,4,7,22,14459,33
2024/2/4,2024,2,4,7,23,13535,32
2024/2/4,2024,2,4,7,24,12720,31
2024/2/5,2024,2,5,1,1,12228,30
2024/2/5,2024,2,5,1,2,11974,29
2024/2/5,2024,2,5,1,3,11924,28
2024/2/5,2024,2,5,1,4,12006,27
2024/2/5,2024,2,5,1,5,12421,27
2024/2/5,2024,2,5,1,6,13449,26
2024/2/5,2024,2,5,1,7,15042,25
2024/2/5,2024,2,5,1,8,15828,25
2024/2/5,2024,2,5,1,9,15278,27
2024/2/5,2024,2,5,1,10,14353,29
2024/2/5,2024,2,5,1,11,13666,32
2024/2/5,2024,2,5,1,12,13217,35
2024/2/5,2024,2,5,1,13,12949,37
2024/2/5,2024,2,5,1,14,12962,39
2024/2/5,2024,2,5,1,15,13259,40
2024/2/5,2024,2,5,1,16,14070,40
2024/2/5,2024,2,5,1,17,15376,39
2024/2/5,2024,2,5,1,18,16606,37
2024/2/5,2024,2,5,1,19,16752,35
2024/2/5,2024,2,5,1,20,16354,33
2024/2/5,2024,2,5,1,21,15742,32
2024/2/5,2024,2,5,1,22,14927,31
2024/2/5,2024,2,5,1,23,13854,31
2024/2/5,2024,2,5,1,24,12981,30
2024/2/6,2024,2,6,2,1,12455,29
2024/2/6,2024,2,6,2,2,12160,28
2024/2/6,2024,2,6,2,3,12060,28
2024/2/6,2024,2,6,2,4,12124,27
2024/2/6,2024,2,6,2,5,12521,27
2024/2/6,2024,2,6,2,6,13502,26
2024/2/6,2024,2,6,2,7,15061,26
2024/2/6,2024,2,6,2,8,15879,25
2024/2/6,2024,2,6,2,9,15510,27
2024/2/6,2024,2,6,2,10,14691,29
2024/2/6,2024,2,6,2,11,14083,31
2024/2/6,2024,2,6,2,12,13629,33
2024/2/6,2024,2,6,2,13,13318,35
2024/2/6,2024,2,6,2,14,13325,36
2024/2/6,2024,2,6,2,15,13520,38
2024/2/6,2024,2,6,2,16,14219,38
2024/2/6,2024,2,6,2,17,15387,37
2024/2/6,2024,2,6,2,18,16524,36
2024/2/6,2024,2,6,2,19,16681,34
2024/2/6,2024,2,6,2,20,16354,32
2024/2/6,2024,2,6,2,21,15782,32
2024/2/6,2024,2,6,2,22,14956,30
2024/2/6,2024,2,6,2,23,13884,30
2024/2/6,2024,2,6,2,24,13014,29
2024/2/7,2024,2,7,3,1,12459,29
2024/2/7,2024,2,7,3,2,12174,29
2024/2/7,2024,2,7,3,3,12049,28
2024/2/7,2024,2,7,3,4,12105,27
2024/2/7,2024,2,7,3,5,12511,27
2024/2/7,2024,2,7,3,6,13474,27
2024/2/7,2024,2,7,3,7,15040,26
2024/2/7,2024,2,7,3,8,15780,26
2024/2/7,2024,2,7,3,9,15161,29
2024/2/7,2024,2,7,3,10,14183,32
2024/2/7,2024,2,7,3,11,13519,35
2024/2/7,2024,2,7,3,12,13044,37
2024/2/7,2024,2,7,3,13,12791,39
2024/2/7,2024,2,7,3,14,12886,41
2024/2/7,2024,2,7,3,15,13409,41
2024/2/7,2024,2,7,3,16,14080,40
2024/2/7,2024,2,7,3,17,15070,40
2024/2/7,2024,2,7,3,18,16196,39
2024/2/7,2024,2,7,3,19,16308,37
2024/2/7,2024,2,7,3,20,15965,35
2024/2/7,2024,2,7,3,21,15393,35
2024/2/7,2024,2,7,3,22,14576,34
2024/2/7,2024,2,7,3,23,13563,32
2024/2/7,2024,2,7,3,24,12744,31
2024/2/8,2024,2,8,4,1,12211,31
2024/2/8,2024,2,8,4,2,11913,29
2024/2/8,2024,2,8,4,3,11815,29
2024/2/8,2024,2,8,4,4,11875,29
2024/2/8,2024,2,8,4,5,12260,29
2024/2/8,2024,2,8,4,6,13258,28
2024/2/8,2024,2,8,4,7,14769,27
2024/2/8,2024,2,8,4,8,15485,28
2024/2/8,2024,2,8,4,9,14921,31
2024/2/8,2024,2,8,4,10,14075,35
2024/2/8,2024,2,8,4,11,13309,37
2024/2/8,2024,2,8,4,12,12600,40
2024/2/8,2024,2,8,4,13,12216,42
2024/2/8,2024,2,8,4,14,12200,44
2024/2/8,2024,2,8,4,15,12451,45
2024/2/8,2024,2,8,4,16,13286,45
2024/2/8,2024,2,8,4,17,14485,44
2024/2/8,2024,2,8,4,18,15686,42
2024/2/8,2024,2,8,4,19,15903,41
2024/2/8,2024,2,8,4,20,15603,38
2024/2/8,2024,2,8,4,21,15083,38
2024/2/8,2024,2,8,4,22,14327,35
2024/2/8,2024,2,8,4,23,13328,34
2024/2/8,2024,2,8,4,24,12467,32
2024/2/9,2024,2,9,5,1,11991,33
2024/2/9,2024,2,9,5,2,11626,32
2024/2/9,2024,2,9,5,3,11508,32
2024/2/9,2024,2,9,5,4,11533,32
2024/2/9,2024,2,9,5,5,11860,32
2024/2/9,2024,2,9,5,6,12732,32
2024/2/9,2024,2,9,5,7,14186,33
2024/2/9,2024,2,9,5,8,15001,33
2024/2/9,2024,2,9,5,9,15206,35
2024/2/9,2024,2,9,5,10,15212,37
2024/2/9,2024,2,9,5,11,14886,39
2024/2/9,2024,2,9,5,12,14079,40
2024/2/9,2024,2,9,5,13,13229,43
2024/2/9,2024,2,9,5,14,12628,45
2024/2/9,2024,2,9,5,15,12688,47
2024/2/9,2024,2,9,5,16,13242,49
2024/2/9,2024,2,9,5,17,14246,48
2024/2/9,2024,2,9,5,18,15258,46
2024/2/9,2024,2,9,5,19,15273,44
2024/2/9,2024,2,9,5,20,14819,43
2024/2/9,2024,2,9,5,21,14308,41
2024/2/9,2024,2,9,5,22,13693,39
2024/2/9,2024,2,9,5,23,12849,39
2024/2/9,2024,2,9,5,24,12037,37
2024/2/10,2024,2,10,6,1,11452,37
2024/2/10,2024,2,10,6,2,11094,37
2024/2/10,2024,2,10,6,3,10893,37
2024/2/10,2024,2,10,6,4,10843,35
2024/2/10,2024,2,10,6,5,10974,36
2024/2/10,2024,2,10,6,6,11358,37
2024/2/10,2024,2,10,6,7,12036,37
2024/2/10,2024,2,10,6,8,12590,36
2024/2/10,2024,2,10,6,9,12692,37
2024/2/10,2024,2,10,6,10,12462,40
2024/2/10,2024,2,10,6,11,12155,42
2024/2/10,2024,2,10,6,12,11877,46
2024/2/10,2024,2,10,6,13,11892,50
2024/2/10,2024,2,10,6,14,11779,53
2024/2/10,2024,2,10,6,15,11742,55
2024/2/10,2024,2,10,6,16,12118,57
2024/2/10,2024,2,10,6,17,12950,57
2024/2/10,2024,2,10,6,18,13924,54
2024/2/10,2024,2,10,6,19,13973,52
2024/2/10,2024,2,10,6,20,13553,51
2024/2/10,2024,2,10,6,21,13065,49
2024/2/10,2024,2,10,6,22,12501,47
2024/2/10,2024,2,10,6,23,11818,44
2024/2/10,2024,2,10,6,24,11126,44
2024/2/11,2024,2,11,7,1,10626,45
2024/2/11,2024,2,11,7,2,10283,45
2024/2/11,2024,2,11,7,3,10085,45
2024/2/11,2024,2,11,7,4,10038,44
2024/2/11,2024,2,11,7,5,10140,43
2024/2/11,2024,2,11,7,6,10474,42
2024/2/11,2024,2,11,7,7,11009,40
2024/2/11,2024,2,11,7,8,11507,40
2024/2/11,2024,2,11,7,9,11926,40
2024/2/11,2024,2,11,7,10,12108,42
2024/2/11,2024,2,11,7,11,12192,43
2024/2/11,2024,2,11,7,12,12267,44
2024/2/11,2024,2,11,7,13,12558,45
2024/2/11,2024,2,11,7,14,12640,45
2024/2/11,2024,2,11,7,15,12590,46
2024/2/11,2024,2,11,7,16,12983,46
2024/2/11,2024,2,11,7,17,13882,46
2024/2/11,2024,2,11,7,18,15036,45
2024/2/11,2024,2,11,7,19,14833,43
2024/2/11,2024,2,11,7,20,14039,42
2024/2/11,2024,2,11,7,21,13507,40
2024/2/11,2024,2,11,7,22,13019,38
2024/2/11,2024,2,11,7,23,12354,37
2024/2/11,2024,2,11,7,24,11858,35
2024/2/12,2024,2,12,1,1,11269,34
2024/2/12,2024,2,12,1,2,10940,33
2024/2/12,2024,2,12,1,3,10840,31
2024/2/12,2024,2,12,1,4,10954,31
2024/2/12,2024,2,12,1,5,11397,30
2024/2/12,2024,2,12,1,6,12363,30
2024/2/12,2024,2,12,1,7,13936,30
2024/2/12,2024,2,12,1,8,14704,29
2024/2/12,2024,2,12,1,9,14355,31
2024/2/12,2024,2,12,1,10,13507,36
2024/2/12,2024,2,12,1,11,13011,38
2024/2/12,2024,2,12,1,12,12493,41
2024/2/12,2024,2,12,1,13,12356,41
2024/2/12,2024,2,12,1,14,12519,43
2024/2/12,2024,2,12,1,15,12971,43
2024/2/12,2024,2,12,1,16,13496,43
2024/2/12,2024,2,12,1,17,14392,41
2024/2/12,2024,2,12,1,18,15518,40
2024/2/12,2024,2,12,1,19,15730,38
2024/2/12,2024,2,12,1,20,15319,38
2024/2/12,2024,2,12,1,21,14693,36
2024/2/12,2024,2,12,1,22,13911,36
2024/2/12,2024,2,12,1,23,12944,36
2024/2/12,2024,2,12,1,24,12105,35
2024/2/13,2024,2,13,2,1,11591,35
2024/2/13,2024,2,13,2,2,11255,34
2024/2/13,2024,2,13,2,3,11099,34
2024/2/13,2024,2,13,2,4,11087,34
2024/2/13,2024,2,13,2,5,11409,33
2024/2/13,2024,2,13,2,6,12159,34
2024/2/13,2024,2,13,2,7,13228,33
2024/2/13,2024,2,13,2,8,14127,33
2024/2/13,2024,2,13,2,9,14859,33
2024/2/13,2024,2,13,2,10,15410,33
2024/2/13,2024,2,13,2,11,15813,33
2024/2/13,2024,2,13,2,12,16090,33
2024/2/13,2024,2,13,2,13,16139,33
2024/2/13,2024,2,13,2,14,15935,33
2024/2/13,2024,2,13,2,15,15632,34
2024/2/13,2024,2,13,2,16,15524,34
2024/2/13,2024,2,13,2,17,15811,34
2024/2/13,2024,2,13,2,18,16615,34
2024/2/13,2024,2,13,2,19,16668,33
2024/2/13,2024,2,13,2,20,16203,32
2024/2/13,2024,2,13,2,21,15541,31
2024/2/13,2024,2,13,2,22,14698,30
2024/2/13,2024,2,13,2,23,13664,29
2024/2/13,2024,2,13,2,24,12810,29
2024/2/14,2024,2,14,3,1,12300,30
2024/2/14,2024,2,14,3,2,12013,30
2024/2/14,2024,2,14,3,3,11892,30
2024/2/14,2024,2,14,3,4,11933,30
2024/2/14,2024,2,14,3,5,12330,30
2024/2/14,2024,2,14,3,6,13308,29
2024/2/14,2024,2,14,3,7,14896,29
2024/2/14,2024,2,14,3,8,15765,27
2024/2/14,2024,2,14,3,9,15705,27
2024/2/14,2024,2,14,3,10,15365,26
2024/2/14,2024,2,14,3,11,15016,27
2024/2/14,2024,2,14,3,12,14696,27
2024/2/14,2024,2,14,3,13,14403,29
2024/2/14,2024,2,14,3,14,14355,30
2024/2/14,2024,2,14,3,15,14433,30
2024/2/14,2024,2,14,3,16,14922,30
2024/2/14,2024,2,14,3,17,15911,30
2024/2/14,2024,2,14,3,18,16958,29
2024/2/14,2024,2,14,3,19,17207,28
2024/2/14,2024,2,14,3,20,16899,27
2024/2/14,2024,2,14,3,21,16387,26
2024/2/14,2024,2,14,3,22,15624,26
2024/2/14,2024,2,14,3,23,14639,25
2024/2/14,2024,2,14,3,24,13760,25
2024/2/15,2024,2,15,4,1,13247,24
2024/2/15,2024,2,15,4,2,12921,24
2024/2/15,2024,2,15,4,3,12786,24
2024/2/15,2024,2,15,4,4,12809,24
2024/2/15,2024,2,15,4,5,13187,23
2024/2/15,2024,2,15,4,6,14125,22
2024/2/15,2024,2,15,4,7,15631,21
2024/2/15,2024,2,15,4,8,16292,21
2024/2/15,2024,2,15,4,9,15753,23
2024/2/15,2024,2,15,4,10,14986,26
2024/2/15,2024,2,15,4,11,14458,29
2024/2/15,2024,2,15,4,12,14024,31
2024/2/15,2024,2,15,4,13,13802,33
2024/2/15,2024,2,15,4,14,13934,35
2024/2/15,2024,2,15,4,15,14046,35
2024/2/15,2024,2,15,4,16,14706,36
2024/2/15,2024,2,15,4,17,15635,35
2024/2/15,2024,2,15,4,18,16594,34
2024/2/15,2024,2,15,4,19,16687,33
2024/2/15,2024,2,15,4,20,16344,33
2024/2/15,2024,2,15,4,21,15770,33
2024/2/15,2024,2,15,4,22,14986,30
2024/2/15,2024,2,15,4,23,13973,28
2024/2/15,2024,2,15,4,24,13008,29
2024/2/16,2024,2,16,5,1,12441,29
2024/2/16,2024,2,16,5,2,12077,29
2024/2/16,2024,2,16,5,3,11876,30
2024/2/16,2024,2,16,5,4,11885,30
2024/2/16,2024,2,16,5,5,12228,31
2024/2/16,2024,2,16,5,6,13108,32
2024/2/16,2024,2,16,5,7,14506,32
2024/2/16,2024,2,16,5,8,15319,33
2024/2/16,2024,2,16,5,9,15440,33
2024/2/16,2024,2,16,5,10,15189,33
2024/2/16,2024,2,16,5,11,14738,33
2024/2/16,2024,2,16,5,12,14281,34
2024/2/16,2024,2,16,5,13,13931,34
2024/2/16,2024,2,16,5,14,13823,34
2024/2/16,2024,2,16,5,15,13863,36
2024/2/16,2024,2,16,5,16,14258,36
2024/2/16,2024,2,16,5,17,15174,35
2024/2/16,2024,2,16,5,18,16165,34
2024/2/16,2024,2,16,5,19,16317,33
2024/2/16,2024,2,16,5,20,15909,31
2024/2/16,2024,2,16,5,21,15389,30
2024/2/16,2024,2,16,5,22,14736,30
2024/2/16,2024,2,16,5,23,13878,29
2024/2/16,2024,2,16,5,24,13037,29
2024/2/17,2024,2,17,6,1,12459,29
2024/2/17,2024,2,17,6,2,12079,28
2024/2/17,2024,2,17,6,3,11884,28
2024/2/17,2024,2,17,6,4,11818,27
2024/2/17,2024,2,17,6,5,11966,27
2024/2/17,2024,2,17,6,6,12354,26
2024/2/17,2024,2,17,6,7,13041,26
2024/2/17,2024,2,17,6,8,13707,26
2024/2/17,2024,2,17,6,9,14397,27
2024/2/17,2024,2,17,6,10,14841,27
2024/2/17,2024,2,17,6,11,14727,28
2024/2/17,2024,2,17,6,12,14307,29
2024/2/17,2024,2,17,6,13,14091,31
2024/2/17,2024,2,17,6,14,14054,32
2024/2/17,2024,2,17,6,15,14135,32
2024/2/17,2024,2,17,6,16,14370,32
2024/2/17,2024,2,17,6,17,14837,31
2024/2/17,2024,2,17,6,18,15734,30
2024/2/17,2024,2,17,6,19,15998,28
2024/2/17,2024,2,17,6,20,15664,27
2024/2/17,2024,2,17,6,21,15271,26
2024/2/17,2024,2,17,6,22,14726,24
2024/2/17,2024,2,17,6,23,14049,24
2024/2/17,2024,2,17,6,24,13364,23
2024/2/18,2024,2,18,7,1,12893,22
2024/2/18,2024,2,18,7,2,12616,21
2024/2/18,2024,2,18,7,3,12514,21
2024/2/18,2024,2,18,7,4,12486,20
2024/2/18,2024,2,18,7,5,12596,19
2024/2/18,2024,2,18,7,6,12925,19
2024/2/18,2024,2,18,7,7,13458,19
2024/2/18,2024,2,18,7,8,13901,19
2024/2/18,2024,2,18,7,9,14112,22
2024/2/18,2024,2,18,7,10,14073,24
2024/2/18,2024,2,18,7,11,13612,27
2024/2/18,2024,2,18,7,12,13195,30
2024/2/18,2024,2,18,7,13,12957,31
2024/2/18,2024,2,18,7,14,12968,33
2024/2/18,2024,2,18,7,15,13318,34
2024/2/18,2024,2,18,7,16,14044,34
2024/2/18,2024,2,18,7,17,14934,34
2024/2/18,2024,2,18,7,18,15917,33
2024/2/18,2024,2,18,7,19,16103,33
2024/2/18,2024,2,18,7,20,15680,32
2024/2/18,2024,2,18,7,21,15114,31
2024/2/18,2024,2,18,7,22,14411,30
2024/2/18,2024,2,18,7,23,13603,29
2024/2/18,2024,2,18,7,24,12840,29
2024/2/19,2024,2,19,1,1,12343,29
2024/2/19,2024,2,19,1,2,12063,29
2024/2/19,2024,2,19,1,3,11946,29
2024/2/19,2024,2,19,1,4,11983,28
2024/2/19,2024,2,19,1,5,12312,28
2024/2/19,2024,2,19,1,6,13045,27
2024/2/19,2024,2,19,1,7,14033,28
2024/2/19,2024,2,19,1,8,14533,28
2024/2/19,2024,2,19,1,9,14241,29
2024/2/19,2024,2,19,1,10,13793,30
2024/2/19,2024,2,19,1,11,13429,30
2024/2/19,2024,2,19,1,12,13153,32
2024/2/19,2024,2,19,1,13,12973,32
2024/2/19,2024,2,19,1,14,12936,33
2024/2/19,2024,2,19,1,15,13137,34
2024/2/19,2024,2,19,1,16,13835,34
2024/2/19,2024,2,19,1,17,15123,34
2024/2/19,2024,2,19,1,18,16453,32
2024/2/19,2024,2,19,1,19,16753,30
2024/2/19,2024,2,19,1,20,16398,28
2024/2/19,2024,2,19,1,21,15885,27
2024/2/19,2024,2,19,1,22,15124,26
2024/2/19,2024,2,19,1,23,14187,25
2024/2/19,2024,2,19,1,24,13403,24
2024/2/20,2024,2,20,2,1,12939,23
2024/2/20,2024,2,20,2,2,12691,21
2024/2/20,2024,2,20,2,3,12622,20
2024/2/20,2024,2,20,2,4,12728,19
2024/2/20,2024,2,20,2,5,13171,18
2024/2/20,2024,2,20,2,6,14135,18
2024/2/20,2024,2,20,2,7,15472,16
2024/2/20,2024,2,20,2,8,16044,16
2024/2/20,2024,2,20,2,9,15522,20
2024/2/20,2024,2,20,2,10,14677,23
2024/2/20,2024,2,20,2,11,14124,25
2024/2/20,2024,2,20,2,12,13692,28
2024/2/20,2024,2,20,2,13,13393,30
2024/2/20,2024,2,20,2,14,13300,32
2024/2/20,2024,2,20,2,15,13440,34
2024/2/20,2024,2,20,2,16,14044,35
2024/2/20,2024,2,20,2,17,15135,35
2024/2/20,2024,2,20,2,18,16406,34
2024/2/20,2024,2,20,2,19,16661,31
2024/2/20,2024,2,20,2,20,16505,30
2024/2/20,2024,2,20,2,21,15981,28
2024/2/20,2024,2,20,2,22,15211,27
2024/2/20,2024,2,20,2,23,14249,26
2024/2/20,2024,2,20,2,24,13418,25
2024/2/21,2024,2,21,3,1,12948,24
2024/2/21,2024,2,21,3,2,12728,24
2024/2/21,2024,2,21,3,3,12643,21
2024/2/21,2024,2,21,3,4,12741,21
2024/2/21,2024,2,21,3,5,13141,20
2024/2/21,2024,2,21,3,6,14115,21
2024/2/21,2024,2,21,3,7,15461,21
2024/2/21,2024,2,21,3,8,15942,19
2024/2/21,2024,2,21,3,9,15272,24
2024/2/21,2024,2,21,3,10,14531,28
2024/2/21,2024,2,21,3,11,14036,31
2024/2/21,2024,2,21,3,12,13546,33
2024/2/21,2024,2,21,3,13,13091,35
2024/2/21,2024,2,21,3,14,12943,36
2024/2/21,2024,2,21,3,15,13075,37
2024/2/21,2024,2,21,3,16,13730,38
2024/2/21,2024,2,21,3,17,14938,37
2024/2/21,2024,2,21,3,18,16224,36
2024/2/21,2024,2,21,3,19,16576,34
2024/2/21,2024,2,21,3,20,16203,33
2024/2/21,2024,2,21,3,21,15611,32
2024/2/21,2024,2,21,3,22,14853,30
2024/2/21,2024,2,21,3,23,13868,30
2024/2/21,2024,2,21,3,24,13036,29
2024/2/22,2024,2,22,4,1,12485,28
2024/2/22,2024,2,22,4,2,12210,27
2024/2/22,2024,2,22,4,3,12105,27
2024/2/22,2024,2,22,4,4,12167,26
2024/2/22,2024,2,22,4,5,12539,25
2024/2/22,2024,2,22,4,6,13458,25
2024/2/22,2024,2,22,4,7,14794,25
2024/2/22,2024,2,22,4,8,15386,25
2024/2/22,2024,2,22,4,9,15111,29
2024/2/22,2024,2,22,4,10,14560,31
2024/2/22,2024,2,22,4,11,14023,33
2024/2/22,2024,2,22,4,12,13579,35
2024/2/22,2024,2,22,4,13,13288,36
2024/2/22,2024,2,22,4,14,13250,38
2024/2/22,2024,2,22,4,15,13405,38
2024/2/22,2024,2,22,4,16,14027,39
2024/2/22,2024,2,22,4,17,14931,40
2024/2/22,2024,2,22,4,18,15949,39
2024/2/22,2024,2,22,4,19,16131,37
2024/2/22,2024,2,22,4,20,15699,36
2024/2/22,2024,2,22,4,21,15106,35
2024/2/22,2024,2,22,4,22,14316,35
2024/2/22,2024,2,22,4,23,13328,35
2024/2/22,2024,2,22,4,24,12415,35
2024/2/23,2024,2,23,5,1,11820,36
2024/2/23,2024,2,23,5,2,11440,36
2024/2/23,2024,2,23,5,3,11252,36
2024/2/23,2024,2,23,5,4,11242,36
2024/2/23,2024,2,23,5,5,11518,36
2024/2/23,2024,2,23,5,6,12291,36
2024/2/23,2024,2,23,5,7,13511,36
2024/2/23,2024,2,23,5,8,14400,36
2024/2/23,2024,2,23,5,9,14874,36
2024/2/23,2024,2,23,5,10,15068,37
2024/2/23,2024,2,23,5,11,15076,38
2024/2/23,2024,2,23,5,12,14825,39
2024/2/23,2024,2,23,5,13,14382,40
2024/2/23,2024,2,23,5,14,14120,41
2024/2/23,2024,2,23,5,15,14055,43
2024/2/23,2024,2,23,5,16,14180,43
2024/2/23,2024,2,23,5,17,14683,42
2024/2/23,2024,2,23,5,18,15364,42
2024/2/23,2024,2,23,5,19,15371,41
2024/2/23,2024,2,23,5,20,14882,40
2024/2/23,2024,2,23,5,21,14326,39
2024/2/23,2024,2,23,5,22,13640,39
2024/2/23,2024,2,23,5,23,12810,39
2024/2/23,2024,2,23,5,24,12038,39
2024/2/24,2024,2,24,6,1,11477,38
2024/2/24,2024,2,24,6,2,11121,37
2024/2/24,2024,2,24,6,3,10926,37
2024/2/24,2024,2,24,6,4,10894,36
2024/2/24,2024,2,24,6,5,11042,35
2024/2/24,2024,2,24,6,6,11460,35
2024/2/24,2024,2,24,6,7,12103,35
2024/2/24,2024,2,24,6,8,12634,36
2024/2/24,2024,2,24,6,9,12962,36
2024/2/24,2024,2,24,6,10,12915,35
2024/2/24,2024,2,24,6,11,12716,35
2024/2/24,2024,2,24,6,12,12274,34
2024/2/24,2024,2,24,6,13,11791,34
2024/2/24,2024,2,24,6,14,11749,35
2024/2/24,2024,2,24,6,15,11831,35
2024/2/24,2024,2,24,6,16,12505,36
2024/2/24,2024,2,24,6,17,13734,34
2024/2/24,2024,2,24,6,18,15097,31
2024/2/24,2024,2,24,6,19,15622,29
2024/2/24,2024,2,24,6,20,15385,27
2024/2/24,2024,2,24,6,21,15090,25
2024/2/24,2024,2,24,6,22,14613,24
2024/2/24,2024,2,24,6,23,13963,22
2024/2/24,2024,2,24,6,24,13326,20
2024/2/25,2024,2,25,7,1,12864,20
2024/2/25,2024,2,25,7,2,12602,18
2024/2/25,2024,2,25,7,3,12491,18
2024/2/25,2024,2,25,7,4,12483,17
2024/2/25,2024,2,25,7,5,12625,16
2024/2/25,2024,2,25,7,6,12982,15
2024/2/25,2024,2,25,7,7,13511,15
2024/2/25,2024,2,25,7,8,13644,15
2024/2/25,2024,2,25,7,9,13162,19
2024/2/25,2024,2,25,7,10,12615,21
2024/2/25,2024,2,25,7,11,12185,24
2024/2/25,2024,2,25,7,12,11884,27
2024/2/25,2024,2,25,7,13,11723,30
2024/2/25,2024,2,25,7,14,11661,31
2024/2/25,2024,2,25,7,15,11953,34
2024/2/25,2024,2,25,7,16,12793,35
2024/2/25,2024,2,25,7,17,14121,34
2024/2/25,2024,2,25,7,18,15563,34
2024/2/25,2024,2,25,7,19,16081,32
2024/2/25,2024,2,25,7,20,15780,31
2024/2/25,2024,2,25,7,21,15223,30
2024/2/25,2024,2,25,7,22,14433,29
2024/2/25,2024,2,25,7,23,13479,29
2024/2/25,2024,2,25,7,24,12658,28
2024/2/26,2024,2,26,1,1,12118,29
2024/2/26,2024,2,26,1,2,11825,29
2024/2/26,2024,2,26,1,3,11674,30
2024/2/26,2024,2,26,1,4,11713,30
2024/2/26,2024,2,26,1,5,12018,31
2024/2/26,2024,2,26,1,6,12923,31
2024/2/26,2024,2,26,1,7,14367,32
2024/2/26,2024,2,26,1,8,15002,32
2024/2/26,2024,2,26,1,9,14901,34
2024/2/26,2024,2,26,1,10,14490,36
2024/2/26,2024,2,26,1,11,13316,39
2024/2/26,2024,2,26,1,12,12484,43
2024/2/26,2024,2,26,1,13,12079,47
2024/2/26,2024,2,26,1,14,11989,49
2024/2/26,2024,2,26,1,15,12179,51
2024/2/26,2024,2,26,1,16,12728,53
2024/2/26,2024,2,26,1,17,13797,53
2024/2/26,2024,2,26,1,18,15076,51
2024/2/26,2024,2,26,1,19,15545,47
2024/2/26,2024,2,26,1,20,15131,45
2024/2/26,2024,2,26,1,21,14516,42
2024/2/26,2024,2,26,1,22,13720,40
2024/2/26,2024,2,26,1,23,12776,38
2024/2/26,2024,2,26,1,24,11942,38
2024/2/27,2024,2,27,2,1,11447,34
2024/2/27,2024,2,27,2,2,11196,33
2024/2/27,2024,2,27,2,3,11114,33
2024/2/27,2024,2,27,2,4,11189,32
2024/2/27,2024,2,27,2,5,11593,33
2024/2/27,2024,2,27,2,6,12557,31
2024/2/27,2024,2,27,2,7,13977,32
2024/2/27,2024,2,27,2,8,14456,32
2024/2/27,2024,2,27,2,9,13830,36
2024/2/27,2024,2,27,2,10,12956,39
2024/2/27,2024,2,27,2,11,12144,42
2024/2/27,2024,2,27,2,12,11658,46
2024/2/27,2024,2,27,2,13,11371,50
2024/2/27,2024,2,27,2,14,11458,52
2024/2/27,2024,2,27,2,15,11822,53
2024/2/27,2024,2,27,2,16,12577,54
2024/2/27,2024,2,27,2,17,13601,53
2024/2/27,2024,2,27,2,18,14691,51
2024/2/27,2024,2,27,2,19,15042,49
2024/2/27,2024,2,27,2,20,14630,49
2024/2/27,2024,2,27,2,21,13980,48
2024/2/27,2024,2,27,2,22,13137,49
2024/2/27,2024,2,27,2,23,12118,48
2024/2/27,2024,2,27,2,24,11192,49
2024/2/28,2024,2,28,3,1,10635,50
2024/2/28,2024,2,28,3,2,10313,50
2024/2/28,2024,2,28,3,3,10108,51
2024/2/28,2024,2,28,3,4,10066,51
2024/2/28,2024,2,28,3,5,10365,51
2024/2/28,2024,2,28,3,6,11185,51
2024/2/28,2024,2,28,3,7,12595,51
2024/2/28,2024,2,28,3,8,13550,51
2024/2/28,2024,2,28,3,9,13961,52
2024/2/28,2024,2,28,3,10,14166,52
2024/2/28,2024,2,28,3,11,14296,52
2024/2/28,2024,2,28,3,12,14336,52
2024/2/28,2024,2,28,3,13,14180,53
2024/2/28,2024,2,28,3,14,14107,53
2024/2/28,2024,2,28,3,15,14040,54
2024/2/28,2024,2,28,3,16,14058,54
2024/2/28,2024,2,28,3,17,14452,54
2024/2/28,2024,2,28,3,18,15083,53
2024/2/28,2024,2,28,3,19,15060,53
2024/2/28,2024,2,28,3,20,14524,52
2024/2/28,2024,2,28,3,21,13867,51
2024/2/28,2024,2,28,3,22,13026,51
2024/2/28,2024,2,28,3,23,12107,50
2024/2/28,2024,2,28,3,24,11367,42
2024/2/29,2024,2,29,4,1,11012,38
2024/2/29,2024,2,29,4,2,10862,35
2024/2/29,2024,2,29,4,3,10918,32
2024/2/29,2024,2,29,4,4,11101,29
2024/2/29,2024,2,29,4,5,11624,28
2024/2/29,2024,2,29,4,6,12661,26
2024/2/29,2024,2,29,4,7,14207,25
2024/2/29,2024,2,29,4,8,14604,25
2024/2/29,2024,2,29,4,9,14065,26
2024/2/29,2024,2,29,4,10,13605,27
2024/2/29,2024,2,29,4,11,13483,29
2024/2/29,2024,2,29,4,12,13504,30
2024/2/29,2024,2,29,4,13,13425,31
2024/2/29,2024,2,29,4,14,13388,30
2024/2/29,2024,2,29,4,15,13501,31
2024/2/29,2024,2,29,4,16,14065,31
2024/2/29,2024,2,29,4,17,15152,31
2024/2/29,2024,2,29,4,18,16370,30
2024/2/29,2024,2,29,4,19,16885,28
2024/2/29,2024,2,29,4,20,16625,27
2024/2/29,2024,2,29,4,21,16149,26
2024/2/29,2024,2,29,4,22,15373,26
2024/2/29,2024,2,29,4,23,14352,25
2024/2/29,2024,2,29,4,24,13506,25
2024/3/1,2024,3,1,5,1,12909,24
2024/3/1,2024,3,1,5,2,12581,24
2024/3/1,2024,3,1,5,3,12462,23
2024/3/1,2024,3,1,5,4,12508,23
2024/3/1,2024,3,1,5,5,12866,22
2024/3/1,2024,3,1,5,6,13776,22
2024/3/1,2024,3,1,5,7,15118,21
2024/3/1,2024,3,1,5,8,15378,22
2024/3/1,2024,3,1,5,9,14662,24
2024/3/1,2024,3,1,5,10,13865,27
2024/3/1,2024,3,1,5,11,13186,30
2024/3/1,2024,3,1,5,12,12659,32
2024/3/1,2024,3,1,5,13,12246,35
2024/3/1,2024,3,1,5,14,12114,38
2024/3/1,2024,3,1,5,15,12251,40
2024/3/1,2024,3,1,5,16,12834,41
2024/3/1,2024,3,1,5,17,13932,42
2024/3/1,2024,3,1,5,18,15064,41
2024/3/1,2024,3,1,5,19,15436,39
2024/3/1,2024,3,1,5,20,15171,37
2024/3/1,2024,3,1,5,21,14744,36
2024/3/1,2024,3,1,5,22,14084,35
2024/3/1,2024,3,1,5,23,13240,35
2024/3/1,2024,3,1,5,24,12445,35
2024/3/2,2024,3,2,6,1,11846,34
2024/3/2,2024,3,2,6,2,11443,34
2024/3/2,2024,3,2,6,3,11230,34
2024/3/2,2024,3,2,6,4,11118,34
2024/3/2,2024,3,2,6,5,11211,36
2024/3/2,2024,3,2,6,6,11546,36
2024/3/2,2024,3,2,6,7,12111,36
2024/3/2,2024,3,2,6,8,12594,37
2024/3/2,2024,3,2,6,9,12960,38
2024/3/2,2024,3,2,6,10,13122,39
2024/3/2,2024,3,2,6,11,13281,42
2024/3/2,2024,3,2,6,12,13528,43
2024/3/2,2024,3,2,6,13,13667,44
2024/3/2,2024,3,2,6,14,13666,44
2024/3/2,2024,3,2,6,15,13677,44
2024/3/2,2024,3,2,6,16,13807,44
2024/3/2,2024,3,2,6,17,14113,43
2024/3/2,2024,3,2,6,18,14534,43
2024/3/2,2024,3,2,6,19,14480,43
2024/3/2,2024,3,2,6,20,14037,43
2024/3/2,2024,3,2,6,21,13518,44
2024/3/2,2024,3,2,6,22,12873,44
2024/3/2,2024,3,2,6,23,12113,45
2024/3/2,2024,3,2,6,24,11380,45
2024/3/3,2024,3,3,7,1,10803,45
2024/3/3,2024,3,3,7,2,10399,45
2024/3/3,2024,3,3,7,3,10154,45
2024/3/3,2024,3,3,7,4,10021,45
2024/3/3,2024,3,3,7,5,10065,44
2024/3/3,2024,3,3,7,6,10327,44
2024/3/3,2024,3,3,7,7,10790,44
2024/3/3,2024,3,3,7,8,11277,45
2024/3/3,2024,3,3,7,9,11672,45
2024/3/3,2024,3,3,7,10,11712,47
2024/3/3,2024,3,3,7,11,11305,49
2024/3/3,2024,3,3,7,12,10976,52
2024/3/3,2024,3,3,7,13,10954,55
2024/3/3,2024,3,3,7,14,10941,57
2024/3/3,2024,3,3,7,15,11011,59
2024/3/3,2024,3,3,7,16,11439,60
2024/3/3,2024,3,3,7,17,12320,60
2024/3/3,2024,3,3,7,18,13385,59
2024/3/3,2024,3,3,7,19,13945,56
2024/3/3,2024,3,3,7,20,13617,52
2024/3/3,2024,3,3,7,21,13044,51
2024/3/3,2024,3,3,7,22,12281,50
2024/3/3,2024,3,3,7,23,11383,50
2024/3/3,2024,3,3,7,24,10607,49
2024/3/4,2024,3,4,1,1,10106,47
2024/3/4,2024,3,4,1,2,9817,47
2024/3/4,2024,3,4,1,3,9713,46
2024/3/4,2024,3,4,1,4,9787,46
2024/3/4,2024,3,4,1,5,10133,45
2024/3/4,2024,3,4,1,6,11068,45
2024/3/4,2024,3,4,1,7,12479,44
2024/3/4,2024,3,4,1,8,13149,45
2024/3/4,2024,3,4,1,9,13073,46
2024/3/4,2024,3,4,1,10,12816,48
2024/3/4,2024,3,4,1,11,12677,48
2024/3/4,2024,3,4,1,12,12545,50
2024/3/4,2024,3,4,1,13,12369,51
2024/3/4,2024,3,4,1,14,12368,52
2024/3/4,2024,3,4,1,15,12371,52
2024/3/4,2024,3,4,1,16,12775,52
2024/3/4,2024,3,4,1,17,13528,51
2024/3/4,2024,3,4,1,18,14498,49
2024/3/4,2024,3,4,1,19,14898,47
2024/3/4,2024,3,4,1,20,14523,46
2024/3/4,2024,3,4,1,21,13932,44
2024/3/4,2024,3,4,1,22,13070,42
2024/3/4,2024,3,4,1,23,12084,42
2024/3/4,2024,3,4,1,24,11227,42
2024/3/5,2024,3,5,2,1,10669,41
2024/3/5,2024,3,5,2,2,10378,40
2024/3/5,2024,3,5,2,3,10227,40
2024/3/5,2024,3,5,2,4,10243,40
2024/3/5,2024,3,5,2,5,10582,39
2024/3/5,2024,3,5,2,6,11473,40
2024/3/5,2024,3,5,2,7,12871,40
2024/3/5,2024,3,5,2,8,13735,40
2024/3/5,2024,3,5,2,9,14015,40
2024/3/5,2024,3,5,2,10,14087,40
2024/3/5,2024,3,5,2,11,14150,41
2024/3/5,2024,3,5,2,12,14237,41
2024/3/5,2024,3,5,2,13,14246,42
2024/3/5,2024,3,5,2,14,14255,42
2024/3/5,2024,3,5,2,15,14272,43
2024/3/5,2024,3,5,2,16,14375,43
2024/3/5,2024,3,5,2,17,14694,43
2024/3/5,2024,3,5,2,18,15306,42
2024/3/5,2024,3,5,2,19,15343,42
2024/3/5,2024,3,5,2,20,14987,42
2024/3/5,2024,3,5,2,21,14329,42
2024/3/5,2024,3,5,2,22,13442,42
2024/3/5,2024,3,5,2,23,12350,42
2024/3/5,2024,3,5,2,24,11424,42
2024/3/6,2024,3,6,3,1,10827,42
2024/3/6,2024,3,6,3,2,10491,42
2024/3/6,2024,3,6,3,3,10307,42
2024/3/6,2024,3,6,3,4,10307,42
2024/3/6,2024,3,6,3,5,10614,42
2024/3/6,2024,3,6,3,6,11493,42
2024/3/6,2024,3,6,3,7,12892,42
2024/3/6,2024,3,6,3,8,13602,42
2024/3/6,2024,3,6,3,9,13642,43
2024/3/6,2024,3,6,3,10,13462,44
2024/3/6,2024,3,6,3,11,13212,46
2024/3/6,2024,3,6,3,12,13142,48
2024/3/6,2024,3,6,3,13,13209,49
2024/3/6,2024,3,6,3,14,13354,49
2024/3/6,2024,3,6,3,15,13555,48
2024/3/6,2024,3,6,3,16,13797,48
2024/3/6,2024,3,6,3,17,14226,47
2024/3/6,2024,3,6,3,18,14841,47
2024/3/6,2024,3,6,3,19,14960,46
2024/3/6,2024,3,6,3,20,14530,46
2024/3/6,2024,3,6,3,21,13943,45
2024/3/6,2024,3,6,3,22,13123,45
2024/3/6,2024,3,6,3,23,12155,45
2024/3/6,2024,3,6,3,24,11286,45
2024/3/7,2024,3,7,4,1,10739,45
2024/3/7,2024,3,7,4,2,10434,44
2024/3/7,2024,3,7,4,3,10268,44
2024/3/7,2024,3,7,4,4,10272,44
2024/3/7,2024,3,7,4,5,10615,44
2024/3/7,2024,3,7,4,6,11498,43
2024/3/7,2024,3,7,4,7,12941,44
2024/3/7,2024,3,7,4,8,13856,44
2024/3/7,2024,3,7,4,9,14172,45
2024/3/7,2024,3,7,4,10,14288,45
2024/3/7,2024,3,7,4,11,14232,46
2024/3/7,2024,3,7,4,12,14081,46
2024/3/7,2024,3,7,4,13,13953,47
2024/3/7,2024,3,7,4,14,13992,48
2024/3/7,2024,3,7,4,15,13985,48
2024/3/7,2024,3,7,4,16,14183,47
2024/3/7,2024,3,7,4,17,14587,46
2024/3/7,2024,3,7,4,18,15159,46
2024/3/7,2024,3,7,4,19,15358,45
2024/3/7,2024,3,7,4,20,15035,44
2024/3/7,2024,3,7,4,21,14524,44
2024/3/7,2024,3,7,4,22,13730,43
2024/3/7,2024,3,7,4,23,12761,42
2024/3/7,2024,3,7,4,24,11901,41
2024/3/8,2024,3,8,5,1,11291,40
2024/3/8,2024,3,8,5,2,10979,39
2024/3/8,2024,3,8,5,3,10843,38
2024/3/8,2024,3,8,5,4,10899,36
2024/3/8,2024,3,8,5,5,11267,36
2024/3/8,2024,3,8,5,6,12190,35
2024/3/8,2024,3,8,5,7,13463,34
2024/3/8,2024,3,8,5,8,13549,35
2024/3/8,2024,3,8,5,9,12744,38
2024/3/8,2024,3,8,5,10,11956,40
2024/3/8,2024,3,8,5,11,11443,43
2024/3/8,2024,3,8,5,12,11117,45
2024/3/8,2024,3,8,5,13,10901,47
2024/3/8,2024,3,8,5,14,10888,48
2024/3/8,2024,3,8,5,15,11070,49
2024/3/8,2024,3,8,5,16,11687,49
2024/3/8,2024,3,8,5,17,12736,49
2024/3/8,2024,3,8,5,18,13850,48
2024/3/8,2024,3,8,5,19,14438,45
2024/3/8,2024,3,8,5,20,14194,43
2024/3/8,2024,3,8,5,21,13828,40
2024/3/8,2024,3,8,5,22,13279,39
2024/3/8,2024,3,8,5,23,12545,38
2024/3/8,2024,3,8,5,24,11850,36
2024/3/9,2024,3,9,6,1,11340,35
2024/3/9,2024,3,9,6,2,11009,35
2024/3/9,2024,3,9,6,3,10822,34
2024/3/9,2024,3,9,6,4,10776,34
2024/3/9,2024,3,9,6,5,10917,35
2024/3/9,2024,3,9,6,6,11289,35
2024/3/9,2024,3,9,6,7,11819,34
2024/3/9,2024,3,9,6,8,12439,35
2024/3/9,2024,3,9,6,9,13144,36
2024/3/9,2024,3,9,6,10,13553,37
2024/3/9,2024,3,9,6,11,13533,37
2024/3/9,2024,3,9,6,12,13362,38
2024/3/9,2024,3,9,6,13,13366,39
2024/3/9,2024,3,9,6,14,13336,40
2024/3/9,2024,3,9,6,15,13483,40
2024/3/9,2024,3,9,6,16,13805,40
2024/3/9,2024,3,9,6,17,14214,40
2024/3/9,2024,3,9,6,18,14702,39
2024/3/9,2024,3,9,6,19,14791,38
2024/3/9,2024,3,9,6,20,14390,38
2024/3/9,2024,3,9,6,21,13893,38
2024/3/9,2024,3,9,6,22,13277,38
2024/3/9,2024,3,9,6,23,12537,38
2024/3/9,2024,3,9,6,24,11833,38
2024/3/10,2024,3,10,7,1,11288,38
2024/3/10,2024,3,10,7,2,10898,39
2024/3/10,2024,3,10,7,3,10644,40
2024/3/10,2024,3,10,7,4,10552,40
2024/3/10,2024,3,10,7,5,10665,41
2024/3/10,2024,3,10,7,6,10979,42
2024/3/10,2024,3,10,7,7,11357,42
2024/3/10,2024,3,10,7,8,11751,43
2024/3/10,2024,3,10,7,9,11893,44
2024/3/10,2024,3,10,7,10,11738,45
2024/3/10,2024,3,10,7,11,11748,46
2024/3/10,2024,3,10,7,12,11872,47
2024/3/10,2024,3,10,7,13,11912,47
2024/3/10,2024,3,10,7,14,11978,47
2024/3/10,2024,3,10,7,15,12175,47
2024/3/10,2024,3,10,7,16,12719,47
2024/3/10,2024,3,10,7,17,13590,46
2024/3/10,2024,3,10,7,18,14242,44
2024/3/10,2024,3,10,7,19,14482,42
2024/3/10,2024,3,10,7,20,14077,41
2024/3/10,2024,3,10,7,21,13375,40
2024/3/10,2024,3,10,7,22,12501,39
2024/3/10,2024,3,10,7,23,11671,38
2024/3/10,2024,3,10,7,24,11162,37
2024/3/11,2024,3,11,1,1,10847,36
2024/3/11,2024,3,11,1,2,10778,34
2024/3/11,2024,3,11,1,3,10864,33
2024/3/11,2024,3,11,1,4,11248,33
2024/3/11,2024,3,11,1,5,12197,32
2024/3/11,2024,3,11,1,6,13732,32
2024/3/11,2024,3,11,1,7,14784,31
2024/3/11,2024,3,11,1,8,14806,32
2024/3/11,2024,3,11,1,9,14276,34
2024/3/11,2024,3,11,1,10,13821,36
2024/3/11,2024,3,11,1,11,13505,38
2024/3/11,2024,3,11,1,12,13302,39
2024/3/11,2024,3,11,1,13,13164,40
2024/3/11,2024,3,11,1,14,12802,41
2024/3/11,2024,3,11,1,15,12840,42
2024/3/11,2024,3,11,1,16,13367,43
2024/3/11,2024,3,11,1,17,14352,43
2024/3/11,2024,3,11,1,18,15036,42
2024/3/11,2024,3,11,1,19,15396,41
2024/3/11,2024,3,11,1,20,15021,40
2024/3/11,2024,3,11,1,21,14229,39
2024/3/11,2024,3,11,1,22,13171,39
2024/3/11,2024,3,11,1,23,12215,38
2024/3/11,2024,3,11,1,24,11612,38
2024/3/12,2024,3,12,2,1,11220,38
2024/3/12,2024,3,12,2,2,11066,38
2024/3/12,2024,3,12,2,3,11085,38
2024/3/12,2024,3,12,2,4,11408,38
2024/3/12,2024,3,12,2,5,12293,37
2024/3/12,2024,3,12,2,6,13752,37
2024/3/12,2024,3,12,2,7,14540,37
2024/3/12,2024,3,12,2,8,13955,38
2024/3/12,2024,3,12,2,9,12916,41
2024/3/12,2024,3,12,2,10,12062,44
2024/3/12,2024,3,12,2,11,11506,46
2024/3/12,2024,3,12,2,12,11078,49
2024/3/12,2024,3,12,2,13,10871,51
2024/3/12,2024,3,12,2,14,10784,53
2024/3/12,2024,3,12,2,15,11032,54
2024/3/12,2024,3,12,2,16,11822,55
2024/3/12,2024,3,12,2,17,13017,55
2024/3/12,2024,3,12,2,18,13996,54
2024/3/12,2024,3,12,2,19,14439,52
2024/3/12,2024,3,12,2,20,14072,50
2024/3/12,2024,3,12,2,21,13315,48
2024/3/12,2024,3,12,2,22,12332,46
2024/3/12,2024,3,12,2,23,11478,45
2024/3/12,2024,3,12,2,24,10916,43
2024/3/13,2024,3,13,3,1,10619,41
2024/3/13,2024,3,13,3,2,10517,39
2024/3/13,2024,3,13,3,3,10575,37
2024/3/13,2024,3,13,3,4,10951,37
2024/3/13,2024,3,13,3,5,11884,37
2024/3/13,2024,3,13,3,6,13404,35
2024/3/13,2024,3,13,3,7,14212,35
2024/3/13,2024,3,13,3,8,13652,36
2024/3/13,2024,3,13,3,9,12582,41
2024/3/13,2024,3,13,3,10,11716,46
2024/3/13,2024,3,13,3,11,11223,49
2024/3/13,2024,3,13,3,12,10853,51
2024/3/13,2024,3,13,3,13,10697,53
2024/3/13,2024,3,13,3,14,10680,55
2024/3/13,2024,3,13,3,15,10973,56
2024/3/13,2024,3,13,3,16,11727,56
2024/3/13,2024,3,13,3,17,12851,55
2024/3/13,2024,3,13,3,18,13698,53
2024/3/13,2024,3,13,3,19,14133,49
2024/3/13,2024,3,13,3,20,13779,47
2024/3/13,2024,3,13,3,21,13035,45
2024/3/13,2024,3,13,3,22,12054,44
2024/3/13,2024,3,13,3,23,11168,43
2024/3/13,2024,3,13,3,24,10608,42
2024/3/14,2024,3,14,4,1,10275,41
2024/3/14,2024,3,14,4,2,10136,42
2024/3/14,2024,3,14,4,3,10166,39
2024/3/14,2024,3,14,4,4,10519,39
2024/3/14,2024,3,14,4,5,11418,38
2024/3/14,2024,3,14,4,6,12955,37
2024/3/14,2024,3,14,4,7,13794,36
2024/3/14,2024,3,14,4,8,13399,37
2024/3/14,2024,3,14,4,9,12628,42
2024/3/14,2024,3,14,4,10,11685,46
2024/3/14,2024,3,14,4,11,10958,49
2024/3/14,2024,3,14,4,12,10535,53
2024/3/14,2024,3,14,4,13,10422,55
2024/3/14,2024,3,14,4,14,10420,58
2024/3/14,2024,3,14,4,15,10766,59
2024/3/14,2024,3,14,4,16,11539,60
2024/3/14,2024,3,14,4,17,12579,60
2024/3/14,2024,3,14,4,18,13336,58
2024/3/14,2024,3,14,4,19,13781,54
2024/3/14,2024,3,14,4,20,13447,51
2024/3/14,2024,3,14,4,21,12705,50
2024/3/14,2024,3,14,4,22,11751,48
2024/3/14,2024,3,14,4,23,10889,47
2024/3/14,2024,3,14,4,24,10299,46
2024/3/15,2024,3,15,5,1,9926,46
2024/3/15,2024,3,15,5,2,9761,45
2024/3/15,2024,3,15,5,3,9731,45
2024/3/15,2024,3,15,5,4,10014,44
2024/3/15,2024,3,15,5,5,10780,44
2024/3/15,2024,3,15,5,6,12163,43
2024/3/15,2024,3,15,5,7,13163,43
2024/3/15,2024,3,15,5,8,13502,43
2024/3/15,2024,3,15,5,9,13409,44
2024/3/15,2024,3,15,5,10,13204,45
2024/3/15,2024,3,15,5,11,13023,46
2024/3/15,2024,3,15,5,12,13027,48
2024/3/15,2024,3,15,5,13,13127,48
2024/3/15,2024,3,15,5,14,13156,47
2024/3/15,2024,3,15,5,15,13107,47
2024/3/15,2024,3,15,5,16,13320,46
2024/3/15,2024,3,15,5,17,13650,46
2024/3/15,2024,3,15,5,18,13837,45
2024/3/15,2024,3,15,5,19,13877,44
2024/3/15,2024,3,15,5,20,13491,44
2024/3/15,2024,3,15,5,21,12867,43
2024/3/15,2024,3,15,5,22,12048,42
2024/3/15,2024,3,15,5,23,11252,41
2024/3/15,2024,3,15,5,24,10690,40
2024/3/16,2024,3,16,6,1,10285,40
2024/3/16,2024,3,16,6,2,10082,39
2024/3/16,2024,3,16,6,3,10024,38
2024/3/16,2024,3,16,6,4,10154,37
2024/3/16,2024,3,16,6,5,10537,38
2024/3/16,2024,3,16,6,6,11198,36
2024/3/16,2024,3,16,6,7,11767,35
2024/3/16,2024,3,16,6,8,11826,38
2024/3/16,2024,3,16,6,9,11400,41
2024/3/16,2024,3,16,6,10,10894,45
2024/3/16,2024,3,16,6,11,10511,48
2024/3/16,2024,3,16,6,12,10467,50
2024/3/16,2024,3,16,6,13,10384,51
2024/3/16,2024,3,16,6,14,10352,51
2024/3/16,2024,3,16,6,15,10389,52
2024/3/16,2024,3,16,6,16,10922,53
2024/3/16,2024,3,16,6,17,11771,52
2024/3/16,2024,3,16,6,18,12468,52
2024/3/16,2024,3,16,6,19,12856,50
2024/3/16,2024,3,16,6,20,12596,48
2024/3/16,2024,3,16,6,21,12119,46
2024/3/16,2024,3,16,6,22,11469,45
2024/3/16,2024,3,16,6,23,10758,44
2024/3/16,2024,3,16,6,24,10254,43
2024/3/17,2024,3,17,7,1,9877,42
2024/3/17,2024,3,17,7,2,9663,42
2024/3/17,2024,3,17,7,3,9567,43
2024/3/17,2024,3,17,7,4,9607,43
2024/3/17,2024,3,17,7,5,9863,44
2024/3/17,2024,3,17,7,6,10350,44
2024/3/17,2024,3,17,7,7,10980,45
2024/3/17,2024,3,17,7,8,11691,45
2024/3/17,2024,3,17,7,9,12102,45
2024/3/17,2024,3,17,7,10,11853,47
2024/3/17,2024,3,17,7,11,11228,49
2024/3/17,2024,3,17,7,12,10883,52
2024/3/17,2024,3,17,7,13,10816,55
2024/3/17,2024,3,17,7,14,10790,56
2024/3/17,2024,3,17,7,15,11009,56
2024/3/17,2024,3,17,7,16,11492,53
2024/3/17,2024,3,17,7,17,12308,51
2024/3/17,2024,3,17,7,18,12942,50
2024/3/17,2024,3,17,7,19,13438,49
2024/3/17,2024,3,17,7,20,13163,47
2024/3/17,2024,3,17,7,21,12450,45
2024/3/17,2024,3,17,7,22,11577,44
2024/3/17,2024,3,17,7,23,10784,42
2024/3/17,2024,3,17,7,24,10308,41
2024/3/18,2024,3,18,1,1,10034,38
2024/3/18,2024,3,18,1,2,9922,38
2024/3/18,2024,3,18,1,3,9969,38
2024/3/18,2024,3,18,1,4,10343,39
2024/3/18,2024,3,18,1,5,11271,39
2024/3/18,2024,3,18,1,6,12797,38
2024/3/18,2024,3,18,1,7,13706,38
2024/3/18,2024,3,18,1,8,13491,38
2024/3/18,2024,3,18,1,9,12673,40
2024/3/18,2024,3,18,1,10,12184,43
2024/3/18,2024,3,18,1,11,12116,44
2024/3/18,2024,3,18,1,12,11790,45
2024/3/18,2024,3,18,1,13,11506,45
2024/3/18,2024,3,18,1,14,11304,47
2024/3/18,2024,3,18,1,15,11528,48
2024/3/18,2024,3,18,1,16,12192,47
2024/3/18,2024,3,18,1,17,13295,46
2024/3/18,2024,3,18,1,18,14103,44
2024/3/18,2024,3,18,1,19,14585,42
2024/3/18,2024,3,18,1,20,14187,40
2024/3/18,2024,3,18,1,21,13414,38
2024/3/18,2024,3,18,1,22,12392,38
2024/3/18,2024,3,18,1,23,11524,37
2024/3/18,2024,3,18,1,24,10972,36
2024/3/19,2024,3,19,2,1,10676,35
2024/3/19,2024,3,19,2,2,10566,35
2024/3/19,2024,3,19,2,3,10611,34
2024/3/19,2024,3,19,2,4,10978,34
2024/3/19,2024,3,19,2,5,11929,33
2024/3/19,2024,3,19,2,6,13501,33
2024/3/19,2024,3,19,2,7,14258,33
2024/3/19,2024,3,19,2,8,13830,34
2024/3/19,2024,3,19,2,9,13000,36
2024/3/19,2024,3,19,2,10,12255,38
2024/3/19,2024,3,19,2,11,11752,39
2024/3/19,2024,3,19,2,12,11644,41
2024/3/19,2024,3,19,2,13,11790,42
2024/3/19,2024,3,19,2,14,11828,42
2024/3/19,2024,3,19,2,15,11993,43
2024/3/19,2024,3,19,2,16,12724,43
2024/3/19,2024,3,19,2,17,13722,42
2024/3/19,2024,3,19,2,18,14497,42
2024/3/19,2024,3,19,2,19,14849,41
2024/3/19,2024,3,19,2,20,14474,40
2024/3/19,2024,3,19,2,21,13663,39
2024/3/19,2024,3,19,2,22,12577,39
2024/3/19,2024,3,19,2,23,11667,39
2024/3/19,2024,3,19,2,24,11120,38
2024/3/20,2024,3,20,3,1,10784,37
2024/3/20,2024,3,20,3,2,10626,36
2024/3/20,2024,3,20,3,3,10635,36
2024/3/20,2024,3,20,3,4,10959,36
2024/3/20,2024,3,20,3,5,11820,37
2024/3/20,2024,3,20,3,6,13310,37
2024/3/20,2024,3,20,3,7,14181,37
2024/3/20,2024,3,20,3,8,14119,38
2024/3/20,2024,3,20,3,9,13393,40
2024/3/20,2024,3,20,3,10,12627,43
2024/3/20,2024,3,20,3,11,12614,46
2024/3/20,2024,3,20,3,12,12644,47
2024/3/20,2024,3,20,3,13,12525,48
2024/3/20,2024,3,20,3,14,12533,48
2024/3/20,2024,3,20,3,15,12815,46
2024/3/20,2024,3,20,3,16,13532,44
2024/3/20,2024,3,20,3,17,14295,43
2024/3/20,2024,3,20,3,18,14706,41
2024/3/20,2024,3,20,3,19,14812,41
2024/3/20,2024,3,20,3,20,14418,39
2024/3/20,2024,3,20,3,21,13736,37
2024/3/20,2024,3,20,3,22,12744,35
2024/3/20,2024,3,20,3,23,11967,34
2024/3/20,2024,3,20,3,24,11567,33
2024/3/21,2024,3,21,4,1,11332,31
2024/3/21,2024,3,21,4,2,11276,30
2024/3/21,2024,3,21,4,3,11360,30
2024/3/21,2024,3,21,4,4,11782,29
2024/3/21,2024,3,21,4,5,12769,28
2024/3/21,2024,3,21,4,6,14347,28
2024/3/21,2024,3,21,4,7,15200,26
2024/3/21,2024,3,21,4,8,14925,27
2024/3/21,2024,3,21,4,9,14261,28
2024/3/21,2024,3,21,4,10,13606,30
2024/3/21,2024,3,21,4,11,13020,31
2024/3/21,2024,3,21,4,12,12621,34
2024/3/21,2024,3,21,4,13,12306,36
2024/3/21,2024,3,21,4,14,12067,36
2024/3/21,2024,3,21,4,15,12280,37
2024/3/21,2024,3,21,4,16,12979,38
2024/3/21,2024,3,21,4,17,14173,37
2024/3/21,2024,3,21,4,18,15167,36
2024/3/21,2024,3,21,4,19,15694,33
2024/3/21,2024,3,21,4,20,15498,31
2024/3/21,2024,3,21,4,21,14897,30
2024/3/21,2024,3,21,4,22,13885,29
2024/3/21,2024,3,21,4,23,13021,29
2024/3/21,2024,3,21,4,24,12458,28
2024/3/22,2024,3,22,5,1,12137,27
2024/3/22,2024,3,22,5,2,11985,27
2024/3/22,2024,3,22,5,3,12042,26
2024/3/22,2024,3,22,5,4,12400,26
2024/3/22,2024,3,22,5,5,13280,25
2024/3/22,2024,3,22,5,6,14729,24
2024/3/22,2024,3,22,5,7,15327,24
2024/3/22,2024,3,22,5,8,14757,25
2024/3/22,2024,3,22,5,9,13817,27
2024/3/22,2024,3,22,5,10,13015,29
2024/3/22,2024,3,22,5,11,12612,32
2024/3/22,2024,3,22,5,12,12529,34
2024/3/22,2024,3,22,5,13,12571,35
2024/3/22,2024,3,22,5,14,12509,36
2024/3/22,2024,3,22,5,15,12529,37
2024/3/22,2024,3,22,5,16,13120,39
2024/3/22,2024,3,22,5,17,14140,39
2024/3/22,2024,3,22,5,18,14757,39
2024/3/22,2024,3,22,5,19,14940,37
2024/3/22,2024,3,22,5,20,14555,37
2024/3/22,2024,3,22,5,21,13882,37
2024/3/22,2024,3,22,5,22,13023,36
2024/3/22,2024,3,22,5,23,12201,35
2024/3/22,2024,3,22,5,24,11633,35
2024/3/23,2024,3,23,6,1,11263,34
2024/3/23,2024,3,23,6,2,11097,32
2024/3/23,2024,3,23,6,3,11044,32
2024/3/23,2024,3,23,6,4,11178,32
2024/3/23,2024,3,23,6,5,11539,32
2024/3/23,2024,3,23,6,6,12146,33
2024/3/23,2024,3,23,6,7,12853,33
2024/3/23,2024,3,23,6,8,13711,33
2024/3/23,2024,3,23,6,9,14406,34
2024/3/23,2024,3,23,6,10,14799,35
2024/3/23,2024,3,23,6,11,15003,35
2024/3/23,2024,3,23,6,12,14973,36
2024/3/23,2024,3,23,6,13,14783,37
2024/3/23,2024,3,23,6,14,14684,37
2024/3/23,2024,3,23,6,15,14681,37
2024/3/23,2024,3,23,6,16,14836,37
2024/3/23,2024,3,23,6,17,15123,37
2024/3/23,2024,3,23,6,18,15155,37
2024/3/23,2024,3,23,6,19,14969,37
2024/3/23,2024,3,23,6,20,14442,36
2024/3/23,2024,3,23,6,21,13701,36
2024/3/23,2024,3,23,6,22,12902,35
2024/3/23,2024,3,23,6,23,12204,34
2024/3/23,2024,3,23,6,24,11644,32
2024/3/24,2024,3,24,7,1,11315,31
2024/3/24,2024,3,24,7,2,11181,30
2024/3/24,2024,3,24,7,3,11188,28
2024/3/24,2024,3,24,7,4,11327,27
2024/3/24,2024,3,24,7,5,11662,26
2024/3/24,2024,3,24,7,6,12210,26
2024/3/24,2024,3,24,7,7,12771,25
2024/3/24,2024,3,24,7,8,13088,25
2024/3/24,2024,3,24,7,9,12909,27
2024/3/24,2024,3,24,7,10,12509,30
2024/3/24,2024,3,24,7,11,11970,33
2024/3/24,2024,3,24,7,12,11388,35
2024/3/24,2024,3,24,7,13,10988,38
2024/3/24,2024,3,24,7,14,10828,40
2024/3/24,2024,3,24,7,15,11030,41
2024/3/24,2024,3,24,7,16,11757,41
2024/3/24,2024,3,24,7,17,12859,42
2024/3/24,2024,3,24,7,18,13861,41
2024/3/24,2024,3,24,7,19,14601,38
2024/3/24,2024,3,24,7,20,14471,36
2024/3/24,2024,3,24,7,21,13791,35
2024/3/24,2024,3,24,7,22,12859,34
2024/3/24,2024,3,24,7,23,12041,32
2024/3/24,2024,3,24,7,24,11508,32
2024/3/25,2024,3,25,1,1,11206,31
2024/3/25,2024,3,25,1,2,11095,30
2024/3/25,2024,3,25,1,3,11163,30
2024/3/25,2024,3,25,1,4,11603,30
2024/3/25,2024,3,25,1,5,12555,30
2024/3/25,2024,3,25,1,6,14070,30
2024/3/25,2024,3,25,1,7,14873,30
2024/3/25,2024,3,25,1,8,14636,31
2024/3/25,2024,3,25,1,9,13864,33
2024/3/25,2024,3,25,1,10,13172,36
2024/3/25,2024,3,25,1,11,12651,38
2024/3/25,2024,3,25,1,12,12307,41
2024/3/25,2024,3,25,1,13,12031,42
2024/3/25,2024,3,25,1,14,11837,44
2024/3/25,2024,3,25,1,15,11935,44
2024/3/25,2024,3,25,1,16,12535,45
2024/3/25,2024,3,25,1,17,13651,44
2024/3/25,2024,3,25,1,18,14640,43
2024/3/25,2024,3,25,1,19,15266,41
2024/3/25,2024,3,25,1,20,14987,39
2024/3/25,2024,3,25,1,21,14176,37
2024/3/25,2024,3,25,1,22,13125,36
2024/3/25,2024,3,25,1,23,12193,36
2024/3/25,2024,3,25,1,24,11604,35
2024/3/26,2024,3,26,2,1,11281,35
2024/3/26,2024,3,26,2,2,11127,35
2024/3/26,2024,3,26,2,3,11147,35
2024/3/26,2024,3,26,2,4,11482,35
2024/3/26,2024,3,26,2,5,12362,35
2024/3/26,2024,3,26,2,6,13861,35
2024/3/26,2024,3,26,2,7,14694,35
2024/3/26,2024,3,26,2,8,14614,35
2024/3/26,2024,3,26,2,9,14241,37
2024/3/26,2024,3,26,2,10,14046,38
2024/3/26,2024,3,26,2,11,13785,40
2024/3/26,2024,3,26,2,12,13599,41
2024/3/26,2024,3,26,2,13,13683,43
2024/3/26,2024,3,26,2,14,13762,43
2024/3/26,2024,3,26,2,15,13951,43
2024/3/26,2024,3,26,2,16,14378,42
2024/3/26,2024,3,26,2,17,14986,42
2024/3/26,2024,3,26,2,18,15312,40
2024/3/26,2024,3,26,2,19,15426,39
2024/3/26,2024,3,26,2,20,14953,39
2024/3/26,2024,3,26,2,21,14064,39
2024/3/26,2024,3,26,2,22,12942,38
2024/3/26,2024,3,26,2,23,11963,38
2024/3/26,2024,3,26,2,24,11375,38
2024/3/27,2024,3,27,3,1,11014,38
2024/3/27,2024,3,27,3,2,10817,38
2024/3/27,2024,3,27,3,3,10810,38
2024/3/27,2024,3,27,3,4,11135,38
2024/3/27,2024,3,27,3,5,12005,38
2024/3/27,2024,3,27,3,6,13505,38
2024/3/27,2024,3,27,3,7,14340,38
2024/3/27,2024,3,27,3,8,14319,39
2024/3/27,2024,3,27,3,9,14058,40
2024/3/27,2024,3,27,3,10,13730,41
2024/3/27,2024,3,27,3,11,13247,43
2024/3/27,2024,3,27,3,12,12439,46
2024/3/27,2024,3,27,3,13,12057,48
2024/3/27,2024,3,27,3,14,11965,50
2024/3/27,2024,3,27,3,15,12546,52
2024/3/27,2024,3,27,3,16,13183,52
2024/3/27,2024,3,27,3,17,13967,51
2024/3/27,2024,3,27,3,18,14361,50
2024/3/27,2024,3,27,3,19,14481,49
2024/3/27,2024,3,27,3,20,14003,49
2024/3/27,2024,3,27,3,21,13177,48
2024/3/27,2024,3,27,3,22,12103,48
2024/3/27,2024,3,27,3,23,11170,47
2024/3/27,2024,3,27,3,24,10601,48
2024/3/28,2024,3,28,4,1,10253,47
2024/3/28,2024,3,28,4,2,10075,46
2024/3/28,2024,3,28,4,3,10067,46
2024/3/28,2024,3,28,4,4,10366,47
2024/3/28,2024,3,28,4,5,11189,47
2024/3/28,2024,3,28,4,6,12645,47
2024/3/28,2024,3,28,4,7,13652,47
2024/3/28,2024,3,28,4,8,13988,47
2024/3/28,2024,3,28,4,9,14069,48
2024/3/28,2024,3,28,4,10,14161,49
2024/3/28,2024,3,28,4,11,14222,49
2024/3/28,2024,3,28,4,12,14116,50
2024/3/28,2024,3,28,4,13,14037,50
2024/3/28,2024,3,28,4,14,13926,50
2024/3/28,2024,3,28,4,15,13842,50
2024/3/28,2024,3,28,4,16,14151,50
2024/3/28,2024,3,28,4,17,14541,49
2024/3/28,2024,3,28,4,18,14572,49
2024/3/28,2024,3,28,4,19,14524,48
2024/3/28,2024,3,28,4,20,14067,47
2024/3/28,2024,3,28,4,21,13306,46
2024/3/28,2024,3,28,4,22,12356,46
2024/3/28,2024,3,28,4,23,11456,45
2024/3/28,2024,3,28,4,24,10869,44
2024/3/29,2024,3,29,5,1,10487,44
2024/3/29,2024,3,29,5,2,10336,43
2024/3/29,2024,3,29,5,3,10351,42
2024/3/29,2024,3,29,5,4,10628,41
2024/3/29,2024,3,29,5,5,11380,40
2024/3/29,2024,3,29,5,6,12542,40
2024/3/29,2024,3,29,5,7,13477,39
2024/3/29,2024,3,29,5,8,14048,39
2024/3/29,2024,3,29,5,9,14313,40
2024/3/29,2024,3,29,5,10,14111,41
2024/3/29,2024,3,29,5,11,13518,42
2024/3/29,2024,3,29,5,12,12704,44
2024/3/29,2024,3,29,5,13,11960,46
2024/3/29,2024,3,29,5,14,11750,49
2024/3/29,2024,3,29,5,15,11773,51
2024/3/29,2024,3,29,5,16,12165,52
2024/3/29,2024,3,29,5,17,13004,50
2024/3/29,2024,3,29,5,18,13637,49
2024/3/29,2024,3,29,5,19,14093,47
2024/3/29,2024,3,29,5,20,13905,44
2024/3/29,2024,3,29,5,21,13377,42
2024/3/29,2024,3,29,5,22,12608,41
2024/3/29,2024,3,29,5,23,11818,40
2024/3/29,2024,3,29,5,24,11217,40
2024/3/30,2024,3,30,6,1,10827,39
2024/3/30,2024,3,30,6,2,10623,39
2024/3/30,2024,3,30,6,3,10573,39
2024/3/30,2024,3,30,6,4,10685,39
2024/3/30,2024,3,30,6,5,11020,38
2024/3/30,2024,3,30,6,6,11591,38
2024/3/30,2024,3,30,6,7,11994,38
2024/3/30,2024,3,30,6,8,11925,39
2024/3/30,2024,3,30,6,9,11453,41
2024/3/30,2024,3,30,6,10,10834,43
2024/3/30,2024,3,30,6,11,10318,45
2024/3/30,2024,3,30,6,12,9918,47
2024/3/30,2024,3,30,6,13,9597,50
2024/3/30,2024,3,30,6,14,9486,52
2024/3/30,2024,3,30,6,15,9788,54
2024/3/30,2024,3,30,6,16,10597,55
2024/3/30,2024,3,30,6,17,11715,55
2024/3/30,2024,3,30,6,18,12613,55
2024/3/30,2024,3,30,6,19,13107,53
2024/3/30,2024,3,30,6,20,12973,51
2024/3/30,2024,3,30,6,21,12495,50
2024/3/30,2024,3,30,6,22,11762,49
2024/3/30,2024,3,30,6,23,11013,47
2024/3/30,2024,3,30,6,24,10410,46
2024/3/31,2024,3,31,7,1,10011,45
2024/3/31,2024,3,31,7,2,9781,45
2024/3/31,2024,3,31,7,3,9697,44
2024/3/31,2024,3,31,7,4,9767,44
2024/3/31,2024,3,31,7,5,10057,43
2024/3/31,2024,3,31,7,6,10573,41
2024/3/31,2024,3,31,7,7,11143,42
2024/3/31,2024,3,31,7,8,11489,43
2024/3/31,2024,3,31,7,9,11065,45
2024/3/31,2024,3,31,7,10,10424,48
2024/3/31,2024,3,31,7,11,10088,50
2024/3/31,2024,3,31,7,12,9915,52
2024/3/31,2024,3,31,7,13,9442,54
2024/3/31,2024,3,31,7,14,9146,55
2024/3/31,2024,3,31,7,15,9148,56
2024/3/31,2024,3,31,7,16,9792,56
2024/3/31,2024,3,31,7,17,10835,57
2024/3/31,2024,3,31,7,18,11821,54
2024/3/31,2024,3,31,7,19,12580,51
2024/3/31,2024,3,31,7,20,12619,49
2024/3/31,2024,3,31,7,21,12080,47
2024/3/31,2024,3,31,7,22,11268,45
2024/3/31,2024,3,31,7,23,10536,45
2024/3/31,2024,3,31,7,24,10066,43
2024/4/1,2024,4,1,1,1,9848,43
2024/4/1,2024,4,1,1,2,9799,42
2024/4/1,2024,4,1,1,3,9920,39
2024/4/1,2024,4,1,1,4,10308,38
2024/4/1,2024,4,1,1,5,11249,37
2024/4/1,2024,4,1,1,6,12705,38
2024/4/1,2024,4,1,1,7,13531,40
2024/4/1,2024,4,1,1,8,13490,41
2024/4/1,2024,4,1,1,9,13241,43
2024/4/1,2024,4,1,1,10,13156,45
2024/4/1,2024,4,1,1,11,13013,47
2024/4/1,2024,4,1,1,12,12892,49
2024/4/1,2024,4,1,1,13,12564,50
2024/4/1,2024,4,1,1,14,11703,51
2024/4/1,2024,4,1,1,15,11657,53
2024/4/1,2024,4,1,1,16,12507,52
2024/4/1,2024,4,1,1,17,13083,53
2024/4/1,2024,4,1,1,18,13588,52
2024/4/1,2024,4,1,1,19,14101,50
2024/4/1,2024,4,1,1,20,13851,48
2024/4/1,2024,4,1,1,21,13078,45
2024/4/1,2024,4,1,1,22,12077,45
2024/4/1,2024,4,1,1,23,11204,43
2024/4/1,2024,4,1,1,24,10613,42
2024/4/2,2024,4,2,2,1,10299,42
2024/4/2,2024,4,2,2,2,10180,41
2024/4/2,2024,4,2,2,3,10195,41
2024/4/2,2024,4,2,2,4,10519,41
2024/4/2,2024,4,2,2,5,11387,41
2024/4/2,2024,4,2,2,6,12837,42
2024/4/2,2024,4,2,2,7,13556,41
2024/4/2,2024,4,2,2,8,13430,42
2024/4/2,2024,4,2,2,9,12981,44
2024/4/2,2024,4,2,2,10,12705,45
2024/4/2,2024,4,2,2,11,12022,46
2024/4/2,2024,4,2,2,12,11922,49
2024/4/2,2024,4,2,2,13,12285,49
2024/4/2,2024,4,2,2,14,12308,50
2024/4/2,2024,4,2,2,15,12693,50
2024/4/2,2024,4,2,2,16,13287,48
2024/4/2,2024,4,2,2,17,13976,47
2024/4/2,2024,4,2,2,18,14393,45
2024/4/2,2024,4,2,2,19,14558,44
2024/4/2,2024,4,2,2,20,14136,43
2024/4/2,2024,4,2,2,21,13328,43
2024/4/2,2024,4,2,2,22,12245,42
2024/4/2,2024,4,2,2,23,11335,42
2024/4/2,2024,4,2,2,24,10756,41
2024/4/3,2024,4,3,3,1,10402,41
2024/4/3,2024,4,3,3,2,10236,41
2024/4/3,2024,4,3,3,3,10245,40
2024/4/3,2024,4,3,3,4,10582,40
2024/4/3,2024,4,3,3,5,11476,40
2024/4/3,2024,4,3,3,6,12886,40
2024/4/3,2024,4,3,3,7,13854,40
2024/4/3,2024,4,3,3,8,14243,40
2024/4/3,2024,4,3,3,9,14325,41
2024/4/3,2024,4,3,3,10,14424,41
2024/4/3,2024,4,3,3,11,14548,41
2024/4/3,2024,4,3,3,12,14616,41
2024/4/3,2024,4,3,3,13,14665,41
2024/4/3,2024,4,3,3,14,14593,40
2024/4/3,2024,4,3,3,15,14745,40
2024/4/3,2024,4,3,3,16,15138,40
2024/4/3,2024,4,3,3,17,15550,39
2024/4/3,2024,4,3,3,18,15654,39
2024/4/3,2024,4,3,3,19,15583,38
2024/4/3,2024,4,3,3,20,15136,38
2024/4/3,2024,4,3,3,21,14340,38
2024/4/3,2024,4,3,3,22,13271,37
2024/4/3,2024,4,3,3,23,12328,37
2024/4/3,2024,4,3,3,24,11743,37
2024/4/4,2024,4,4,4,1,11403,36
2024/4/4,2024,4,4,4,2,11214,36
2024/4/4,2024,4,4,4,3,11222,36
2024/4/4,2024,4,4,4,4,11463,35
2024/4/4,2024,4,4,4,5,12131,36
2024/4/4,2024,4,4,4,6,13323,36
2024/4/4,2024,4,4,4,7,14240,35
2024/4/4,2024,4,4,4,8,14713,35
2024/4/4,2024,4,4,4,9,14802,35
2024/4/4,2024,4,4,4,10,14758,35
2024/4/4,2024,4,4,4,11,14524,35
2024/4/4,2024,4,4,4,12,14240,37
2024/4/4,2024,4,4,4,13,13958,37
2024/4/4,2024,4,4,4,14,13685,38
2024/4/4,2024,4,4,4,15,13727,38
2024/4/4,2024,4,4,4,16,13999,38
2024/4/4,2024,4,4,4,17,14406,38
2024/4/4,2024,4,4,4,18,14619,38
2024/4/4,2024,4,4,4,19,14889,37
2024/4/4,2024,4,4,4,20,14622,36
2024/4/4,2024,4,4,4,21,13894,36
2024/4/4,2024,4,4,4,22,12847,35
2024/4/4,2024,4,4,4,23,11938,35
2024/4/4,2024,4,4,4,24,11376,35
2024/4/5,2024,4,5,5,1,11027,35
2024/4/5,2024,4,5,5,2,10860,35
2024/4/5,2024,4,5,5,3,10849,34
2024/4/5,2024,4,5,5,4,11139,35
2024/4/5,2024,4,5,5,5,11929,34
2024/4/5,2024,4,5,5,6,13210,34
2024/4/5,2024,4,5,5,7,13851,34
2024/4/5,2024,4,5,5,8,13673,36
2024/4/5,2024,4,5,5,9,13247,38
2024/4/5,2024,4,5,5,10,13140,40
2024/4/5,2024,4,5,5,11,13229,42
2024/4/5,2024,4,5,5,12,13329,42
2024/4/5,2024,4,5,5,13,13228,42
2024/4/5,2024,4,5,5,14,13059,43
2024/4/5,2024,4,5,5,15,12866,43
2024/4/5,2024,4,5,5,16,13152,44
2024/4/5,2024,4,5,5,17,13773,44
2024/4/5,2024,4,5,5,18,14072,43
2024/4/5,2024,4,5,5,19,14333,42
2024/4/5,2024,4,5,5,20,14090,41
2024/4/5,2024,4,5,5,21,13465,41
2024/4/5,2024,4,5,5,22,12649,40
2024/4/5,2024,4,5,5,23,11820,40
2024/4/5,2024,4,5,5,24,11220,39
2024/4/6,2024,4,6,6,1,10814,39
2024/4/6,2024,4,6,6,2,10597,38
2024/4/6,2024,4,6,6,3,10527,38
2024/4/6,2024,4,6,6,4,10638,37
2024/4/6,2024,4,6,6,5,11011,37
2024/4/6,2024,4,6,6,6,11585,37
2024/4/6,2024,4,6,6,7,12064,37
2024/4/6,2024,4,6,6,8,12305,38
2024/4/6,2024,4,6,6,9,12458,40
2024/4/6,2024,4,6,6,10,12590,41
2024/4/6,2024,4,6,6,11,12439,42
2024/4/6,2024,4,6,6,12,12182,42
2024/4/6,2024,4,6,6,13,11842,43
2024/4/6,2024,4,6,6,14,11828,44
2024/4/6,2024,4,6,6,15,11966,45
2024/4/6,2024,4,6,6,16,12421,46
2024/4/6,2024,4,6,6,17,13091,45
2024/4/6,2024,4,6,6,18,13535,44
2024/4/6,2024,4,6,6,19,13878,43
2024/4/6,2024,4,6,6,20,13679,42
2024/4/6,2024,4,6,6,21,13139,41
2024/4/6,2024,4,6,6,22,12418,40
2024/4/6,2024,4,6,6,23,11689,39
2024/4/6,2024,4,6,6,24,11136,38
2024/4/7,2024,4,7,7,1,10738,38
2024/4/7,2024,4,7,7,2,10521,38
2024/4/7,2024,4,7,7,3,10449,38
2024/4/7,2024,4,7,7,4,10533,38
2024/4/7,2024,4,7,7,5,10806,37
2024/4/7,2024,4,7,7,6,11236,37
2024/4/7,2024,4,7,7,7,11574,37
2024/4/7,2024,4,7,7,8,11750,38
2024/4/7,2024,4,7,7,9,11756,41
2024/4/7,2024,4,7,7,10,11837,42
2024/4/7,2024,4,7,7,11,11702,43
2024/4/7,2024,4,7,7,12,11492,45
2024/4/7,2024,4,7,7,13,11162,45
2024/4/7,2024,4,7,7,14,10852,47
2024/4/7,2024,4,7,7,15,10745,48
2024/4/7,2024,4,7,7,16,11353,49
2024/4/7,2024,4,7,7,17,12383,49
2024/4/7,2024,4,7,7,18,13177,49
2024/4/7,2024,4,7,7,19,13649,48
2024/4/7,2024,4,7,7,20,13551,46
2024/4/7,2024,4,7,7,21,12918,43
2024/4/7,2024,4,7,7,22,12023,41
2024/4/7,2024,4,7,7,23,11268,40
2024/4/7,2024,4,7,7,24,10778,40
2024/4/8,2024,4,8,1,1,10507,39
2024/4/8,2024,4,8,1,2,10423,39
2024/4/8,2024,4,8,1,3,10501,38
2024/4/8,2024,4,8,1,4,10922,37
2024/4/8,2024,4,8,1,5,11875,36
2024/4/8,2024,4,8,1,6,13239,35
2024/4/8,2024,4,8,1,7,13572,36
2024/4/8,2024,4,8,1,8,12742,42
2024/4/8,2024,4,8,1,9,11790,48
2024/4/8,2024,4,8,1,10,11099,52
2024/4/8,2024,4,8,1,11,10646,56
2024/4/8,2024,4,8,1,12,10294,59
2024/4/8,2024,4,8,1,13,10179,61
2024/4/8,2024,4,8,1,14,10543,64
2024/4/8,2024,4,8,1,15,12194,65
2024/4/8,2024,4,8,1,16,11510,62
2024/4/8,2024,4,8,1,17,12315,64
2024/4/8,2024,4,8,1,18,13028,63
2024/4/8,2024,4,8,1,19,13515,62
2024/4/8,2024,4,8,1,20,13323,59
2024/4/8,2024,4,8,1,21,12572,57
2024/4/8,2024,4,8,1,22,11604,54
2024/4/8,2024,4,8,1,23,10716,53
2024/4/8,2024,4,8,1,24,10147,51
2024/4/9,2024,4,9,2,1,9814,49
2024/4/9,2024,4,9,2,2,9683,47
2024/4/9,2024,4,9,2,3,9724,47
2024/4/9,2024,4,9,2,4,10061,46
2024/4/9,2024,4,9,2,5,10966,45
2024/4/9,2024,4,9,2,6,12310,43
2024/4/9,2024,4,9,2,7,12697,47
2024/4/9,2024,4,9,2,8,12024,50
2024/4/9,2024,4,9,2,9,11237,56
2024/4/9,2024,4,9,2,10,10684,59
2024/4/9,2024,4,9,2,11,10324,62
2024/4/9,2024,4,9,2,12,10105,63
2024/4/9,2024,4,9,2,13,10017,63
2024/4/9,2024,4,9,2,14,10073,64
2024/4/9,2024,4,9,2,15,10399,65
2024/4/9,2024,4,9,2,16,11092,65
2024/4/9,2024,4,9,2,17,12124,64
2024/4/9,2024,4,9,2,18,12890,61
2024/4/9,2024,4,9,2,19,13397,58
2024/4/9,2024,4,9,2,20,13240,56
2024/4/9,2024,4,9,2,21,12441,53
2024/4/9,2024,4,9,2,22,11323,51
2024/4/9,2024,4,9,2,23,10562,49
2024/4/9,2024,4,9,2,24,9989,47
2024/4/10,2024,4,10,3,1,9683,46
2024/4/10,2024,4,10,3,2,9538,44
2024/4/10,2024,4,10,3,3,9564,43
2024/4/10,2024,4,10,3,4,9891,43
2024/4/10,2024,4,10,3,5,10792,42
2024/4/10,2024,4,10,3,6,12136,42
2024/4/10,2024,4,10,3,7,12741,42
2024/4/10,2024,4,10,3,8,12398,45
2024/4/10,2024,4,10,3,9,11848,48
2024/4/10,2024,4,10,3,10,11491,51
2024/4/10,2024,4,10,3,11,11344,54
2024/4/10,2024,4,10,3,12,11394,57
2024/4/10,2024,4,10,3,13,11772,58
2024/4/10,2024,4,10,3,14,12118,58
2024/4/10,2024,4,10,3,15,12340,58
2024/4/10,2024,4,10,3,16,12774,58
2024/4/10,2024,4,10,3,17,13389,57
2024/4/10,2024,4,10,3,18,13666,56
2024/4/10,2024,4,10,3,19,13781,54
2024/4/10,2024,4,10,3,20,13408,53
2024/4/10,2024,4,10,3,21,12581,52
2024/4/10,2024,4,10,3,22,11539,51
2024/4/10,2024,4,10,3,23,10643,50
2024/4/10,2024,4,10,3,24,10044,49
2024/4/11,2024,4,11,4,1,9697,49
2024/4/11,2024,4,11,4,2,9508,48
2024/4/11,2024,4,11,4,3,9495,47
2024/4/11,2024,4,11,4,4,9775,47
2024/4/11,2024,4,11,4,5,10610,47
2024/4/11,2024,4,11,4,6,11972,46
2024/4/11,2024,4,11,4,7,12900,46
2024/4/11,2024,4,11,4,8,13281,47
2024/4/11,2024,4,11,4,9,13490,47
2024/4/11,2024,4,11,4,10,13678,48
2024/4/11,2024,4,11,4,11,13730,48
2024/4/11,2024,4,11,4,12,13598,48
2024/4/11,2024,4,11,4,13,13547,49
2024/4/11,2024,4,11,4,14,13297,49
2024/4/11,2024,4,11,4,15,13197,49
2024/4/11,2024,4,11,4,16,13436,50
2024/4/11,2024,4,11,4,17,13784,50
2024/4/11,2024,4,11,4,18,13952,50
2024/4/11,2024,4,11,4,19,14012,49
2024/4/11,2024,4,11,4,20,13633,50
2024/4/11,2024,4,11,4,21,12813,50
2024/4/11,2024,4,11,4,22,11795,52
2024/4/11,2024,4,11,4,23,10856,53
2024/4/11,2024,4,11,4,24,10265,54
2024/4/12,2024,4,12,5,1,9882,56
2024/4/12,2024,4,12,5,2,9679,57
2024/4/12,2024,4,12,5,3,9644,56
2024/4/12,2024,4,12,5,4,9875,58
2024/4/12,2024,4,12,5,5,10634,58
2024/4/12,2024,4,12,5,6,11896,59
2024/4/12,2024,4,12,5,7,12914,59
2024/4/12,2024,4,12,5,8,13468,60
2024/4/12,2024,4,12,5,9,13711,60
2024/4/12,2024,4,12,5,10,13713,60
2024/4/12,2024,4,12,5,11,13620,60
2024/4/12,2024,4,12,5,12,13476,60
2024/4/12,2024,4,12,5,13,13399,60
2024/4/12,2024,4,12,5,14,13259,59
2024/4/12,2024,4,12,5,15,13021,58
2024/4/12,2024,4,12,5,16,13164,57
2024/4/12,2024,4,12,5,17,13152,57
2024/4/12,2024,4,12,5,18,13100,56
2024/4/12,2024,4,12,5,19,13173,56
2024/4/12,2024,4,12,5,20,13025,55
2024/4/12,2024,4,12,5,21,12424,54
2024/4/12,2024,4,12,5,22,11559,53
2024/4/12,2024,4,12,5,23,10752,52
2024/4/12,2024,4,12,5,24,10141,51
2024/4/13,2024,4,13,6,1,9755,50
2024/4/13,2024,4,13,6,2,9524,49
2024/4/13,2024,4,13,6,3,9441,49
2024/4/13,2024,4,13,6,4,9520,49
2024/4/13,2024,4,13,6,5,9891,48
2024/4/13,2024,4,13,6,6,10354,48
2024/4/13,2024,4,13,6,7,10661,48
2024/4/13,2024,4,13,6,8,10826,50
2024/4/13,2024,4,13,6,9,10826,51
2024/4/13,2024,4,13,6,10,10780,51
2024/4/13,2024,4,13,6,11,10532,52
2024/4/13,2024,4,13,6,12,10423,52
2024/4/13,2024,4,13,6,13,10444,53
2024/4/13,2024,4,13,6,14,10593,52
2024/4/13,2024,4,13,6,15,10901,52
2024/4/13,2024,4,13,6,16,11430,51
2024/4/13,2024,4,13,6,17,11987,50
2024/4/13,2024,4,13,6,18,12428,50
2024/4/13,2024,4,13,6,19,12759,47
2024/4/13,2024,4,13,6,20,12668,47
2024/4/13,2024,4,13,6,21,12115,47
2024/4/13,2024,4,13,6,22,11412,47
2024/4/13,2024,4,13,6,23,10722,47
2024/4/13,2024,4,13,6,24,10179,47
2024/4/14,2024,4,14,7,1,9815,47
2024/4/14,2024,4,14,7,2,9623,46
2024/4/14,2024,4,14,7,3,9526,46
2024/4/14,2024,4,14,7,4,9602,45
2024/4/14,2024,4,14,7,5,9883,45
2024/4/14,2024,4,14,7,6,10228,43
2024/4/14,2024,4,14,7,7,10262,43
2024/4/14,2024,4,14,7,8,10004,47
2024/4/14,2024,4,14,7,9,9684,50
2024/4/14,2024,4,14,7,10,9550,52
2024/4/14,2024,4,14,7,11,9863,55
2024/4/14,2024,4,14,7,12,10368,56
2024/4/14,2024,4,14,7,13,10821,57
2024/4/14,2024,4,14,7,14,10729,56
2024/4/14,2024,4,14,7,15,11231,57
2024/4/14,2024,4,14,7,16,11942,57
2024/4/14,2024,4,14,7,17,12560,55
2024/4/14,2024,4,14,7,18,12707,54
2024/4/14,2024,4,14,7,19,12777,52
2024/4/14,2024,4,14,7,20,12561,50
2024/4/14,2024,4,14,7,21,11853,50
2024/4/14,2024,4,14,7,22,10985,50
2024/4/14,2024,4,14,7,23,10200,50
2024/4/14,2024,4,14,7,24,9706,49
2024/4/15,2024,4,15,1,1,9418,48
2024/4/15,2024,4,15,1,2,9275,47
2024/4/15,2024,4,15,1,3,9307,47
2024/4/15,2024,4,15,1,4,9637,46
2024/4/15,2024,4,15,1,5,10443,46
2024/4/15,2024,4,15,1,6,11519,46
2024/4/15,2024,4,15,1,7,12030,46
2024/4/15,2024,4,15,1,8,11888,50
2024/4/15,2024,4,15,1,9,11443,54
2024/4/15,2024,4,15,1,10,10930,56
2024/4/15,2024,4,15,1,11,10732,61
2024/4/15,2024,4,15,1,12,10603,64
2024/4/15,2024,4,15,1,13,10802,67
2024/4/15,2024,4,15,1,14,10849,68
2024/4/15,2024,4,15,1,15,11060,70
2024/4/15,2024,4,15,1,16,11494,69
2024/4/15,2024,4,15,1,17,12127,67
2024/4/15,2024,4,15,1,18,12681,66
2024/4/15,2024,4,15,1,19,13035,64
2024/4/15,2024,4,15,1,20,12921,61
2024/4/15,2024,4,15,1,21,12132,57
2024/4/15,2024,4,15,1,22,11149,55
2024/4/15,2024,4,15,1,23,10284,54
2024/4/15,2024,4,15,1,24,9682,52
2024/4/16,2024,4,16,2,1,9321,51
2024/4/16,2024,4,16,2,2,9159,50
2024/4/16,2024,4,16,2,3,9184,46
2024/4/16,2024,4,16,2,4,9508,46
2024/4/16,2024,4,16,2,5,10355,45
2024/4/16,2024,4,16,2,6,11458,45
2024/4/16,2024,4,16,2,7,11843,47
2024/4/16,2024,4,16,2,8,11370,50
2024/4/16,2024,4,16,2,9,10737,55
2024/4/16,2024,4,16,2,10,10307,58
2024/4/16,2024,4,16,2,11,10046,61
2024/4/16,2024,4,16,2,12,9953,63
2024/4/16,2024,4,16,2,13,9992,64
2024/4/16,2024,4,16,2,14,10077,65
2024/4/16,2024,4,16,2,15,10340,66
2024/4/16,2024,4,16,2,16,11002,66
2024/4/16,2024,4,16,2,17,11947,66
2024/4/16,2024,4,16,2,18,12615,65
2024/4/16,2024,4,16,2,19,12990,64
2024/4/16,2024,4,16,2,20,12899,61
2024/4/16,2024,4,16,2,21,12134,57
2024/4/16,2024,4,16,2,22,11159,55
2024/4/16,2024,4,16,2,23,10269,53
2024/4/16,2024,4,16,2,24,9684,53
2024/4/17,2024,4,17,3,1,9332,50
2024/4/17,2024,4,17,3,2,9177,48
2024/4/17,2024,4,17,3,3,9184,46
2024/4/17,2024,4,17,3,4,9494,45
2024/4/17,2024,4,17,3,5,10331,43
2024/4/17,2024,4,17,3,6,11432,42
2024/4/17,2024,4,17,3,7,11803,43
2024/4/17,2024,4,17,3,8,11349,47
2024/4/17,2024,4,17,3,9,10689,49
2024/4/17,2024,4,17,3,10,10300,51
2024/4/17,2024,4,17,3,11,10230,53
2024/4/17,2024,4,17,3,12,10302,55
2024/4/17,2024,4,17,3,13,10463,56
2024/4/17,2024,4,17,3,14,10723,56
2024/4/17,2024,4,17,3,15,11198,57
2024/4/17,2024,4,17,3,16,11711,56
2024/4/17,2024,4,17,3,17,12472,55
2024/4/17,2024,4,17,3,18,12955,53
2024/4/17,2024,4,17,3,19,13249,51
2024/4/17,2024,4,17,3,20,13029,48
2024/4/17,2024,4,17,3,21,12271,47
2024/4/17,2024,4,17,3,22,11316,46
2024/4/17,2024,4,17,3,23,10481,46
2024/4/17,2024,4,17,3,24,9944,46
2024/4/18,2024,4,18,4,1,9625,45
2024/4/18,2024,4,18,4,2,9451,45
2024/4/18,2024,4,18,4,3,9435,45
2024/4/18,2024,4,18,4,4,9722,45
2024/4/18,2024,4,18,4,5,10534,45
2024/4/18,2024,4,18,4,6,11722,45
2024/4/18,2024,4,18,4,7,12626,45
2024/4/18,2024,4,18,4,8,13063,45
2024/4/18,2024,4,18,4,9,13166,46
2024/4/18,2024,4,18,4,10,13188,46
2024/4/18,2024,4,18,4,11,13206,45
2024/4/18,2024,4,18,4,12,13214,46
2024/4/18,2024,4,18,4,13,13175,46
2024/4/18,2024,4,18,4,14,13131,46
2024/4/18,2024,4,18,4,15,13194,46
2024/4/18,2024,4,18,4,16,13340,46
2024/4/18,2024,4,18,4,17,13657,46
2024/4/18,2024,4,18,4,18,13755,45
2024/4/18,2024,4,18,4,19,13881,45
2024/4/18,2024,4,18,4,20,13642,45
2024/4/18,2024,4,18,4,21,12882,44
2024/4/18,2024,4,18,4,22,11870,44
2024/4/18,2024,4,18,4,23,10977,45
2024/4/18,2024,4,18,4,24,10390,44
2024/4/19,2024,4,19,5,1,10012,44
2024/4/19,2024,4,19,5,2,9809,44
2024/4/19,2024,4,19,5,3,9757,44
2024/4/19,2024,4,19,5,4,10036,44
2024/4/19,2024,4,19,5,5,10774,44
2024/4/19,2024,4,19,5,6,11824,44
2024/4/19,2024,4,19,5,7,12474,44
2024/4/19,2024,4,19,5,8,12281,46
2024/4/19,2024,4,19,5,9,11481,47
2024/4/19,2024,4,19,5,10,10903,50
2024/4/19,2024,4,19,5,11,10588,52
2024/4/19,2024,4,19,5,12,10420,54
2024/4/19,2024,4,19,5,13,10513,55
2024/4/19,2024,4,19,5,14,10685,56
2024/4/19,2024,4,19,5,15,10813,56
2024/4/19,2024,4,19,5,16,11298,56
2024/4/19,2024,4,19,5,17,12066,55
2024/4/19,2024,4,19,5,18,12600,53
2024/4/19,2024,4,19,5,19,12879,52
2024/4/19,2024,4,19,5,20,12745,50
2024/4/19,2024,4,19,5,21,12145,49
2024/4/19,2024,4,19,5,22,11320,49
2024/4/19,2024,4,19,5,23,10556,48
2024/4/19,2024,4,19,5,24,9966,48
2024/4/20,2024,4,20,6,1,9574,48
2024/4/20,2024,4,20,6,2,9349,47
2024/4/20,2024,4,20,6,3,9260,47
2024/4/20,2024,4,20,6,4,9333,47
2024/4/20,2024,4,20,6,5,9648,47
2024/4/20,2024,4,20,6,6,10222,47
2024/4/20,2024,4,20,6,7,10919,47
2024/4/20,2024,4,20,6,8,11655,47
2024/4/20,2024,4,20,6,9,12023,48
2024/4/20,2024,4,20,6,10,11956,49
2024/4/20,2024,4,20,6,11,11395,51
2024/4/20,2024,4,20,6,12,11047,54
2024/4/20,2024,4,20,6,13,10970,57
2024/4/20,2024,4,20,6,14,10873,58
2024/4/20,2024,4,20,6,15,10736,58
2024/4/20,2024,4,20,6,16,10956,59
2024/4/20,2024,4,20,6,17,11535,58
2024/4/20,2024,4,20,6,18,11935,59
2024/4/20,2024,4,20,6,19,12246,55
2024/4/20,2024,4,20,6,20,12254,53
2024/4/20,2024,4,20,6,21,11761,50
2024/4/20,2024,4,20,6,22,11090,47
2024/4/20,2024,4,20,6,23,10419,46
2024/4/20,2024,4,20,6,24,9919,44
2024/4/21,2024,4,21,7,1,9599,43
2024/4/21,2024,4,21,7,2,9461,42
2024/4/21,2024,4,21,7,3,9423,41
2024/4/21,2024,4,21,7,4,9552,40
2024/4/21,2024,4,21,7,5,9861,38
2024/4/21,2024,4,21,7,6,10136,38
2024/4/21,2024,4,21,7,7,10175,39
2024/4/21,2024,4,21,7,8,10017,43
2024/4/21,2024,4,21,7,9,9870,46
2024/4/21,2024,4,21,7,10,9894,48
2024/4/21,2024,4,21,7,11,10156,49
2024/4/21,2024,4,21,7,12,10476,50
2024/4/21,2024,4,21,7,13,10648,50
2024/4/21,2024,4,21,7,14,10780,51
2024/4/21,2024,4,21,7,15,10913,50
2024/4/21,2024,4,21,7,16,11437,50
2024/4/21,2024,4,21,7,17,12170,50
2024/4/21,2024,4,21,7,18,12660,49
2024/4/21,2024,4,21,7,19,13030,49
2024/4/21,2024,4,21,7,20,13057,47
2024/4/21,2024,4,21,7,21,12348,46
2024/4/21,2024,4,21,7,22,11420,44
2024/4/21,2024,4,21,7,23,10589,43
2024/4/21,2024,4,21,7,24,10086,42
2024/4/22,2024,4,22,1,1,9853,41
2024/4/22,2024,4,22,1,2,9792,38
2024/4/22,2024,4,22,1,3,9878,38
2024/4/22,2024,4,22,1,4,10288,37
2024/4/22,2024,4,22,1,5,11235,38
2024/4/22,2024,4,22,1,6,12472,37
2024/4/22,2024,4,22,1,7,12694,39
2024/4/22,2024,4,22,1,8,12044,43
2024/4/22,2024,4,22,1,9,11268,45
2024/4/22,2024,4,22,1,10,10726,47
2024/4/22,2024,4,22,1,11,10370,49
2024/4/22,2024,4,22,1,12,10109,51
2024/4/22,2024,4,22,1,13,9940,52
2024/4/22,2024,4,22,1,14,9867,54
2024/4/22,2024,4,22,1,15,10089,55
2024/4/22,2024,4,22,1,16,10804,56
2024/4/22,2024,4,22,1,17,11904,56
2024/4/22,2024,4,22,1,18,12767,55
2024/4/22,2024,4,22,1,19,13279,53
2024/4/22,2024,4,22,1,20,13357,50
2024/4/22,2024,4,22,1,21,12653,47
2024/4/22,2024,4,22,1,22,11642,45
2024/4/22,2024,4,22,1,23,10782,44
2024/4/22,2024,4,22,1,24,10257,42
2024/4/23,2024,4,23,2,1,9997,41
2024/4/23,2024,4,23,2,2,9882,40
2024/4/23,2024,4,23,2,3,9948,40
2024/4/23,2024,4,23,2,4,10328,38
2024/4/23,2024,4,23,2,5,11283,36
2024/4/23,2024,4,23,2,6,12505,37
2024/4/23,2024,4,23,2,7,12665,39
2024/4/23,2024,4,23,2,8,11879,44
2024/4/23,2024,4,23,2,9,11032,49
2024/4/23,2024,4,23,2,10,10432,52
2024/4/23,2024,4,23,2,11,10077,56
2024/4/23,2024,4,23,2,12,9839,58
2024/4/23,2024,4,23,2,13,9759,59
2024/4/23,2024,4,23,2,14,9749,61
2024/4/23,2024,4,23,2,15,10037,61
2024/4/23,2024,4,23,2,16,10772,61
2024/4/23,2024,4,23,2,17,11841,60
2024/4/23,2024,4,23,2,18,12693,58
2024/4/23,2024,4,23,2,19,13209,55
2024/4/23,2024,4,23,2,20,13261,52
2024/4/23,2024,4,23,2,21,12498,50
2024/4/23,2024,4,23,2,22,11483,48
2024/4/23,2024,4,23,2,23,10580,46
2024/4/23,2024,4,23,2,24,10017,46
2024/4/24,2024,4,24,3,1,9700,45
2024/4/24,2024,4,24,3,2,9529,45
2024/4/24,2024,4,24,3,3,9534,45
2024/4/24,2024,4,24,3,4,9824,45
2024/4/24,2024,4,24,3,5,10644,45
2024/4/24,2024,4,24,3,6,11908,46
2024/4/24,2024,4,24,3,7,12740,46
2024/4/24,2024,4,24,3,8,13031,47
2024/4/24,2024,4,24,3,9,13021,48
2024/4/24,2024,4,24,3,10,12643,50
2024/4/24,2024,4,24,3,11,12253,51
2024/4/24,2024,4,24,3,12,11719,53
2024/4/24,2024,4,24,3,13,11271,57
2024/4/24,2024,4,24,3,14,11202,60
2024/4/24,2024,4,24,3,15,11550,62
2024/4/24,2024,4,24,3,16,12008,62
2024/4/24,2024,4,24,3,17,12538,60
2024/4/24,2024,4,24,3,18,12956,58
2024/4/24,2024,4,24,3,19,13310,55
2024/4/24,2024,4,24,3,20,13392,52
2024/4/24,2024,4,24,3,21,12684,48
2024/4/24,2024,4,24,3,22,11749,45
2024/4/24,2024,4,24,3,23,10902,41
2024/4/24,2024,4,24,3,24,10377,39
2024/4/25,2024,4,25,4,1,10107,38
2024/4/25,2024,4,25,4,2,9998,36
2024/4/25,2024,4,25,4,3,10068,35
2024/4/25,2024,4,25,4,4,10451,34
2024/4/25,2024,4,25,4,5,11394,33
2024/4/25,2024,4,25,4,6,12612,32
2024/4/25,2024,4,25,4,7,12824,34
2024/4/25,2024,4,25,4,8,12182,37
2024/4/25,2024,4,25,4,9,11351,40
2024/4/25,2024,4,25,4,10,10739,42
2024/4/25,2024,4,25,4,11,10339,44
2024/4/25,2024,4,25,4,12,10064,47
2024/4/25,2024,4,25,4,13,9924,49
2024/4/25,2024,4,25,4,14,9856,51
2024/4/25,2024,4,25,4,15,10056,53
2024/4/25,2024,4,25,4,16,10717,53
2024/4/25,2024,4,25,4,17,11733,53
2024/4/25,2024,4,25,4,18,12616,53
2024/4/25,2024,4,25,4,19,13245,51
2024/4/25,2024,4,25,4,20,13417,49
2024/4/25,2024,4,25,4,21,12808,47
2024/4/25,2024,4,25,4,22,11826,44
2024/4/25,2024,4,25,4,23,10981,42
2024/4/25,2024,4,25,4,24,10433,40
2024/4/26,2024,4,26,5,1,10157,38
2024/4/26,2024,4,26,5,2,10058,38
2024/4/26,2024,4,26,5,3,10113,36
2024/4/26,2024,4,26,5,4,10478,36
2024/4/26,2024,4,26,5,5,11343,35
2024/4/26,2024,4,26,5,6,12454,35
2024/4/26,2024,4,26,5,7,12571,37
2024/4/26,2024,4,26,5,8,11865,42
2024/4/26,2024,4,26,5,9,11075,46
2024/4/26,2024,4,26,5,10,10465,49
2024/4/26,2024,4,26,5,11,10085,51
2024/4/26,2024,4,26,5,12,9789,53
2024/4/26,2024,4,26,5,13,9628,53
2024/4/26,2024,4,26,5,14,9601,56
2024/4/26,2024,4,26,5,15,9792,56
2024/4/26,2024,4,26,5,16,10433,56
2024/4/26,2024,4,26,5,17,11353,57
2024/4/26,2024,4,26,5,18,12119,57
2024/4/26,2024,4,26,5,19,12576,55
2024/4/26,2024,4,26,5,20,12778,53
2024/4/26,2024,4,26,5,21,12243,50
2024/4/26,2024,4,26,5,22,11411,48
2024/4/26,2024,4,26,5,23,10655,46
2024/4/26,2024,4,26,5,24,10112,43
2024/4/27,2024,4,27,6,1,9797,42
2024/4/27,2024,4,27,6,2,9640,41
2024/4/27,2024,4,27,6,3,9624,40
2024/4/27,2024,4,27,6,4,9791,39
2024/4/27,2024,4,27,6,5,10160,38
2024/4/27,2024,4,27,6,6,10534,38
2024/4/27,2024,4,27,6,7,10531,41
2024/4/27,2024,4,27,6,8,10197,45
2024/4/27,2024,4,27,6,9,9725,49
2024/4/27,2024,4,27,6,10,9296,54
2024/4/27,2024,4,27,6,11,9060,57
2024/4/27,2024,4,27,6,12,8885,59
2024/4/27,2024,4,27,6,13,8775,61
2024/4/27,2024,4,27,6,14,8872,61
2024/4/27,2024,4,27,6,15,9365,62
2024/4/27,2024,4,27,6,16,10156,61
2024/4/27,2024,4,27,6,17,10951,60
2024/4/27,2024,4,27,6,18,11577,59
2024/4/27,2024,4,27,6,19,11967,57
2024/4/27,2024,4,27,6,20,12038,55
2024/4/27,2024,4,27,6,21,11548,53
2024/4/27,2024,4,27,6,22,10821,52
2024/4/27,2024,4,27,6,23,10128,50
2024/4/27,2024,4,27,6,24,9608,48
2024/4/28,2024,4,28,7,1,9242,48
2024/4/28,2024,4,28,7,2,9052,47
2024/4/28,2024,4,28,7,3,8968,46
2024/4/28,2024,4,28,7,4,9025,45
2024/4/28,2024,4,28,7,5,9249,45
2024/4/28,2024,4,28,7,6,9547,46
2024/4/28,2024,4,28,7,7,9895,47
2024/4/28,2024,4,28,7,8,10358,48
2024/4/28,2024,4,28,7,9,10661,50
2024/4/28,2024,4,28,7,10,10700,52
2024/4/28,2024,4,28,7,11,10366,53
2024/4/28,2024,4,28,7,12,9741,55
2024/4/28,2024,4,28,7,13,9359,58
2024/4/28,2024,4,28,7,14,9369,61
2024/4/28,2024,4,28,7,15,9960,64
2024/4/28,2024,4,28,7,16,11096,66
2024/4/28,2024,4,28,7,17,12105,66
2024/4/28,2024,4,28,7,18,12609,65
2024/4/28,2024,4,28,7,19,12802,63
2024/4/28,2024,4,28,7,20,12626,61
2024/4/28,2024,4,28,7,21,11854,61
2024/4/28,2024,4,28,7,22,10888,60
2024/4/28,2024,4,28,7,23,10019,60
2024/4/28,2024,4,28,7,24,9488,60
2024/4/29,2024,4,29,1,1,9141,61
2024/4/29,2024,4,29,1,2,8985,60
2024/4/29,2024,4,29,1,3,8980,60
2024/4/29,2024,4,29,1,4,9245,57
2024/4/29,2024,4,29,1,5,10028,56
2024/4/29,2024,4,29,1,6,11198,59
2024/4/29,2024,4,29,1,7,11827,60
2024/4/29,2024,4,29,1,8,11800,64
2024/4/29,2024,4,29,1,9,11660,67
2024/4/29,2024,4,29,1,10,11554,65
2024/4/29,2024,4,29,1,11,11563,66
2024/4/29,2024,4,29,1,12,11670,65
2024/4/29,2024,4,29,1,13,11786,66
2024/4/29,2024,4,29,1,14,11503,67
2024/4/29,2024,4,29,1,15,11447,68
2024/4/29,2024,4,29,1,16,11900,68
2024/4/29,2024,4,29,1,17,12621,68
2024/4/29,2024,4,29,1,18,13072,68
2024/4/29,2024,4,29,1,19,13292,65
2024/4/29,2024,4,29,1,20,13229,63
2024/4/29,2024,4,29,1,21,12364,60
2024/4/29,2024,4,29,1,22,11264,58
2024/4/29,2024,4,29,1,23,10257,57
2024/4/29,2024,4,29,1,24,9640,55
2024/4/30,2024,4,30,2,1,9237,54
2024/4/30,2024,4,30,2,2,9030,54
2024/4/30,2024,4,30,2,3,8999,53
2024/4/30,2024,4,30,2,4,9235,54
2024/4/30,2024,4,30,2,5,9969,53
2024/4/30,2024,4,30,2,6,11254,52
2024/4/30,2024,4,30,2,7,12098,52
2024/4/30,2024,4,30,2,8,12320,53
2024/4/30,2024,4,30,2,9,12251,53
2024/4/30,2024,4,30,2,10,12248,54
2024/4/30,2024,4,30,2,11,12127,55
2024/4/30,2024,4,30,2,12,11798,56
2024/4/30,2024,4,30,2,13,11570,58
2024/4/30,2024,4,30,2,14,11665,59
2024/4/30,2024,4,30,2,15,11907,59
2024/4/30,2024,4,30,2,16,12315,58
2024/4/30,2024,4,30,2,17,12851,57
2024/4/30,2024,4,30,2,18,13151,55
2024/4/30,2024,4,30,2,19,13305,54
2024/4/30,2024,4,30,2,20,13147,53
2024/4/30,2024,4,30,2,21,12322,52
2024/4/30,2024,4,30,2,22,11260,51
2024/4/30,2024,4,30,2,23,10351,50
2024/4/30,2024,4,30,2,24,9756,49
2024/5/1,2024,5,1,3,1,9409,48
2024/5/1,2024,5,1,3,2,9209,48
2024/5/1,2024,5,1,3,3,9163,48
2024/5/1,2024,5,1,3,4,9431,48
2024/5/1,2024,5,1,3,5,10257,48
2024/5/1,2024,5,1,3,6,11569,48
2024/5/1,2024,5,1,3,7,12408,48
2024/5/1,2024,5,1,3,8,12539,49
2024/5/1,2024,5,1,3,9,12424,49
2024/5/1,2024,5,1,3,10,12109,50
2024/5/1,2024,5,1,3,11,11813,52
2024/5/1,2024,5,1,3,12,11637,53
2024/5/1,2024,5,1,3,13,11511,55
2024/5/1,2024,5,1,3,14,11501,57
2024/5/1,2024,5,1,3,15,11654,57
2024/5/1,2024,5,1,3,16,11897,59
2024/5/1,2024,5,1,3,17,12376,59
2024/5/1,2024,5,1,3,18,12815,59
2024/5/1,2024,5,1,3,19,13140,57
2024/5/1,2024,5,1,3,20,13195,55
2024/5/1,2024,5,1,3,21,12472,53
2024/5/1,2024,5,1,3,22,11392,51
2024/5/1,2024,5,1,3,23,10448,50
2024/5/1,2024,5,1,3,24,9831,49
2024/5/2,2024,5,2,4,1,9455,50
2024/5/2,2024,5,2,4,2,9262,49
2024/5/2,2024,5,2,4,3,9235,50
2024/5/2,2024,5,2,4,4,9505,49
2024/5/2,2024,5,2,4,5,10288,49
2024/5/2,2024,5,2,4,6,11518,49
2024/5/2,2024,5,2,4,7,12254,50
2024/5/2,2024,5,2,4,8,12301,51
2024/5/2,2024,5,2,4,9,12178,52
2024/5/2,2024,5,2,4,10,11875,55
2024/5/2,2024,5,2,4,11,11442,58
2024/5/2,2024,5,2,4,12,11105,61
2024/5/2,2024,5,2,4,13,11037,64
2024/5/2,2024,5,2,4,14,11119,67
2024/5/2,2024,5,2,4,15,11461,68
2024/5/2,2024,5,2,4,16,12039,69
2024/5/2,2024,5,2,4,17,12687,68
2024/5/2,2024,5,2,4,18,13057,66
2024/5/2,2024,5,2,4,19,13248,62
2024/5/2,2024,5,2,4,20,13189,58
2024/5/2,2024,5,2,4,21,12426,57
2024/5/2,2024,5,2,4,22,11377,55
2024/5/2,2024,5,2,4,23,10414,54
2024/5/2,2024,5,2,4,24,9757,52
2024/5/3,2024,5,3,5,1,9368,51
2024/5/3,2024,5,3,5,2,9164,50
2024/5/3,2024,5,3,5,3,9135,49
2024/5/3,2024,5,3,5,4,9391,49
2024/5/3,2024,5,3,5,5,10118,48
2024/5/3,2024,5,3,5,6,11230,48
2024/5/3,2024,5,3,5,7,12000,49
2024/5/3,2024,5,3,5,8,12194,51
2024/5/3,2024,5,3,5,9,12028,52
2024/5/3,2024,5,3,5,10,11737,53
2024/5/3,2024,5,3,5,11,11403,54
2024/5/3,2024,5,3,5,12,10997,56
2024/5/3,2024,5,3,5,13,10556,58
2024/5/3,2024,5,3,5,14,10274,58
2024/5/3,2024,5,3,5,15,10361,60
2024/5/3,2024,5,3,5,16,10903,60
2024/5/3,2024,5,3,5,17,11660,61
2024/5/3,2024,5,3,5,18,12183,60
2024/5/3,2024,5,3,5,19,12482,59
2024/5/3,2024,5,3,5,20,12600,57
2024/5/3,2024,5,3,5,21,12048,55
2024/5/3,2024,5,3,5,22,11180,53
2024/5/3,2024,5,3,5,23,10319,52
2024/5/3,2024,5,3,5,24,9705,52
2024/5/4,2024,5,4,6,1,9308,50
2024/5/4,2024,5,4,6,2,9076,50
2024/5/4,2024,5,4,6,3,9000,49
2024/5/4,2024,5,4,6,4,9097,48
2024/5/4,2024,5,4,6,5,9387,48
2024/5/4,2024,5,4,6,6,9717,47
2024/5/4,2024,5,4,6,7,9932,50
2024/5/4,2024,5,4,6,8,9949,52
2024/5/4,2024,5,4,6,9,9822,54
2024/5/4,2024,5,4,6,10,9624,56
2024/5/4,2024,5,4,6,11,9474,58
2024/5/4,2024,5,4,6,12,9374,59
2024/5/4,2024,5,4,6,13,9430,60
2024/5/4,2024,5,4,6,14,9615,60
2024/5/4,2024,5,4,6,15,9967,61
2024/5/4,2024,5,4,6,16,10409,60
2024/5/4,2024,5,4,6,17,11078,60
2024/5/4,2024,5,4,6,18,11556,57
2024/5/4,2024,5,4,6,19,11864,55
2024/5/4,2024,5,4,6,20,12027,52
2024/5/4,2024,5,4,6,21,11575,51
2024/5/4,2024,5,4,6,22,10868,50
2024/5/4,2024,5,4,6,23,10148,49
2024/5/4,2024,5,4,6,24,9562,49
2024/5/5,2024,5,5,7,1,9181,49
2024/5/5,2024,5,5,7,2,8950,48
2024/5/5,2024,5,5,7,3,8862,48
2024/5/5,2024,5,5,7,4,8883,48
2024/5/5,2024,5,5,7,5,9093,47
2024/5/5,2024,5,5,7,6,9410,47
2024/5/5,2024,5,5,7,7,9945,47
2024/5/5,2024,5,5,7,8,10565,48
2024/5/5,2024,5,5,7,9,11084,48
2024/5/5,2024,5,5,7,10,11363,49
2024/5/5,2024,5,5,7,11,11585,50
2024/5/5,2024,5,5,7,12,11716,51
2024/5/5,2024,5,5,7,13,11829,51
2024/5/5,2024,5,5,7,14,11867,51
2024/5/5,2024,5,5,7,15,12121,50
2024/5/5,2024,5,5,7,16,12544,50
2024/5/5,2024,5,5,7,17,12991,50
2024/5/5,2024,5,5,7,18,13124,49
2024/5/5,2024,5,5,7,19,13129,49
2024/5/5,2024,5,5,7,20,12866,49
2024/5/5,2024,5,5,7,21,12102,49
2024/5/5,2024,5,5,7,22,11129,49
2024/5/5,2024,5,5,7,23,10254,49
2024/5/5,2024,5,5,7,24,9696,49
2024/5/6,2024,5,6,1,1,9352,49
2024/5/6,2024,5,6,1,2,9161,49
2024/5/6,2024,5,6,1,3,9167,50
2024/5/6,2024,5,6,1,4,9461,50
2024/5/6,2024,5,6,1,5,10271,50
2024/5/6,2024,5,6,1,6,11502,50
2024/5/6,2024,5,6,1,7,12220,51
2024/5/6,2024,5,6,1,8,12264,53
2024/5/6,2024,5,6,1,9,12015,55
2024/5/6,2024,5,6,1,10,11612,58
2024/5/6,2024,5,6,1,11,11313,62
2024/5/6,2024,5,6,1,12,11206,65
2024/5/6,2024,5,6,1,13,11331,67
2024/5/6,2024,5,6,1,14,11509,69
2024/5/6,2024,5,6,1,15,11679,70
2024/5/6,2024,5,6,1,16,12167,72
2024/5/6,2024,5,6,1,17,12943,72
2024/5/6,2024,5,6,1,18,13376,72
2024/5/6,2024,5,6,1,19,13601,71
2024/5/6,2024,5,6,1,20,13623,69
2024/5/6,2024,5,6,1,21,12829,66
2024/5/6,2024,5,6,1,22,11725,64
2024/5/6,2024,5,6,1,23,10644,63
2024/5/6,2024,5,6,1,24,9964,61
2024/5/7,2024,5,7,2,1,9522,61
2024/5/7,2024,5,7,2,2,9276,59
2024/5/7,2024,5,7,2,3,9193,57
2024/5/7,2024,5,7,2,4,9417,58
2024/5/7,2024,5,7,2,5,10080,57
2024/5/7,2024,5,7,2,6,11145,55
2024/5/7,2024,5,7,2,7,11585,58
2024/5/7,2024,5,7,2,8,11252,62
2024/5/7,2024,5,7,2,9,10824,65
2024/5/7,2024,5,7,2,10,10563,67
2024/5/7,2024,5,7,2,11,10476,69
2024/5/7,2024,5,7,2,12,10448,71
2024/5/7,2024,5,7,2,13,10580,71
2024/5/7,2024,5,7,2,14,10738,72
2024/5/7,2024,5,7,2,15,11160,73
2024/5/7,2024,5,7,2,16,11961,73
2024/5/7,2024,5,7,2,17,12894,74
2024/5/7,2024,5,7,2,18,13472,73
2024/5/7,2024,5,7,2,19,13641,72
2024/5/7,2024,5,7,2,20,13601,68
2024/5/7,2024,5,7,2,21,12831,64
2024/5/7,2024,5,7,2,22,11638,62
2024/5/7,2024,5,7,2,23,10574,61
2024/5/7,2024,5,7,2,24,9856,59
2024/5/8,2024,5,8,3,1,9430,57
2024/5/8,2024,5,8,3,2,9179,56
2024/5/8,2024,5,8,3,3,9102,55
2024/5/8,2024,5,8,3,4,9306,53
2024/5/8,2024,5,8,3,5,9971,53
2024/5/8,2024,5,8,3,6,11065,53
2024/5/8,2024,5,8,3,7,11907,55
2024/5/8,2024,5,8,3,8,12638,56
2024/5/8,2024,5,8,3,9,12985,55
2024/5/8,2024,5,8,3,10,13138,55
2024/5/8,2024,5,8,3,11,13119,56
2024/5/8,2024,5,8,3,12,12919,57
2024/5/8,2024,5,8,3,13,12804,59
2024/5/8,2024,5,8,3,14,12615,60
2024/5/8,2024,5,8,3,15,12626,62
2024/5/8,2024,5,8,3,16,13163,62
2024/5/8,2024,5,8,3,17,13681,61
2024/5/8,2024,5,8,3,18,13799,59
2024/5/8,2024,5,8,3,19,13733,59
2024/5/8,2024,5,8,3,20,13529,57
2024/5/8,2024,5,8,3,21,12745,57
2024/5/8,2024,5,8,3,22,11629,57
2024/5/8,2024,5,8,3,23,10605,57
2024/5/8,2024,5,8,3,24,9928,56
2024/5/9,2024,5,9,4,1,9509,55
2024/5/9,2024,5,9,4,2,9270,55
2024/5/9,2024,5,9,4,3,9212,55
2024/5/9,2024,5,9,4,4,9435,52
2024/5/9,2024,5,9,4,5,10129,54
2024/5/9,2024,5,9,4,6,11246,54
2024/5/9,2024,5,9,4,7,11864,55
2024/5/9,2024,5,9,4,8,11687,56
2024/5/9,2024,5,9,4,9,11376,57
2024/5/9,2024,5,9,4,10,11338,59
2024/5/9,2024,5,9,4,11,11240,60
2024/5/9,2024,5,9,4,12,11231,62
2024/5/9,2024,5,9,4,13,11576,63
2024/5/9,2024,5,9,4,14,11514,63
2024/5/9,2024,5,9,4,15,11258,63
2024/5/9,2024,5,9,4,16,11750,63
2024/5/9,2024,5,9,4,17,12444,63
2024/5/9,2024,5,9,4,18,12848,62
2024/5/9,2024,5,9,4,19,13102,60
2024/5/9,2024,5,9,4,20,13141,58
2024/5/9,2024,5,9,4,21,12435,56
2024/5/9,2024,5,9,4,22,11376,54
2024/5/9,2024,5,9,4,23,10421,52
2024/5/9,2024,5,9,4,24,9783,51
2024/5/10,2024,5,10,5,1,9394,50
2024/5/10,2024,5,10,5,2,9190,50
2024/5/10,2024,5,10,5,3,9156,49
2024/5/10,2024,5,10,5,4,9390,48
2024/5/10,2024,5,10,5,5,10090,48
2024/5/10,2024,5,10,5,6,11276,48
2024/5/10,2024,5,10,5,7,12027,48
2024/5/10,2024,5,10,5,8,11887,49
2024/5/10,2024,5,10,5,9,11414,51
2024/5/10,2024,5,10,5,10,11133,54
2024/5/10,2024,5,10,5,11,10907,55
2024/5/10,2024,5,10,5,12,10824,55
2024/5/10,2024,5,10,5,13,10783,56
2024/5/10,2024,5,10,5,14,10703,57
2024/5/10,2024,5,10,5,15,10948,58
2024/5/10,2024,5,10,5,16,11485,57
2024/5/10,2024,5,10,5,17,12048,56
2024/5/10,2024,5,10,5,18,12393,55
2024/5/10,2024,5,10,5,19,12578,54
2024/5/10,2024,5,10,5,20,12696,52
2024/5/10,2024,5,10,5,21,12168,51
2024/5/10,2024,5,10,5,22,11291,49
2024/5/10,2024,5,10,5,23,10441,48
2024/5/10,2024,5,10,5,24,9830,47
2024/5/11,2024,5,11,6,1,9443,46
2024/5/11,2024,5,11,6,2,9228,45
2024/5/11,2024,5,11,6,3,9161,44
2024/5/11,2024,5,11,6,4,9258,43
2024/5/11,2024,5,11,6,5,9554,42
2024/5/11,2024,5,11,6,6,9905,42
2024/5/11,2024,5,11,6,7,10085,46
2024/5/11,2024,5,11,6,8,10042,50
2024/5/11,2024,5,11,6,9,9796,53
2024/5/11,2024,5,11,6,10,9710,54
2024/5/11,2024,5,11,6,11,9816,55
2024/5/11,2024,5,11,6,12,9977,56
2024/5/11,2024,5,11,6,13,9951,57
2024/5/11,2024,5,11,6,14,9838,57
2024/5/11,2024,5,11,6,15,9980,57
2024/5/11,2024,5,11,6,16,10498,57
2024/5/11,2024,5,11,6,17,11133,56
2024/5/11,2024,5,11,6,18,11599,55
2024/5/11,2024,5,11,6,19,11920,54
2024/5/11,2024,5,11,6,20,12103,51
2024/5/11,2024,5,11,6,21,11689,50
2024/5/11,2024,5,11,6,22,10981,49
2024/5/11,2024,5,11,6,23,10242,48
2024/5/11,2024,5,11,6,24,9672,48
2024/5/12,2024,5,12,7,1,9315,47
2024/5/12,2024,5,12,7,2,9110,46
2024/5/12,2024,5,12,7,3,9020,46
2024/5/12,2024,5,12,7,4,9083,45
2024/5/12,2024,5,12,7,5,9266,46
2024/5/12,2024,5,12,7,6,9513,46
2024/5/12,2024,5,12,7,7,9834,47
2024/5/12,2024,5,12,7,8,10190,49
2024/5/12,2024,5,12,7,9,10269,51
2024/5/12,2024,5,12,7,10,10142,52
2024/5/12,2024,5,12,7,11,10059,55
2024/5/12,2024,5,12,7,12,9980,57
2024/5/12,2024,5,12,7,13,10035,57
2024/5/12,2024,5,12,7,14,10053,57
2024/5/12,2024,5,12,7,15,10208,58
2024/5/12,2024,5,12,7,16,10650,59
2024/5/12,2024,5,12,7,17,11322,57
2024/5/12,2024,5,12,7,18,11861,57
2024/5/12,2024,5,12,7,19,12199,57
2024/5/12,2024,5,12,7,20,12355,55
2024/5/12,2024,5,12,7,21,11781,54
2024/5/12,2024,5,12,7,22,10845,53
2024/5/12,2024,5,12,7,23,10004,52
2024/5/12,2024,5,12,7,24,9475,51
2024/5/13,2024,5,13,1,1,9187,50
2024/5/13,2024,5,13,1,2,9057,49
2024/5/13,2024,5,13,1,3,9061,48
2024/5/13,2024,5,13,1,4,9378,48
2024/5/13,2024,5,13,1,5,10165,47
2024/5/13,2024,5,13,1,6,11310,47
2024/5/13,2024,5,13,1,7,11743,50
2024/5/13,2024,5,13,1,8,11318,53
2024/5/13,2024,5,13,1,9,10735,56
2024/5/13,2024,5,13,1,10,10565,60
2024/5/13,2024,5,13,1,11,10562,62
2024/5/13,2024,5,13,1,12,10509,63
2024/5/13,2024,5,13,1,13,10545,64
2024/5/13,2024,5,13,1,14,10604,65
2024/5/13,2024,5,13,1,15,10984,66
2024/5/13,2024,5,13,1,16,11721,67
2024/5/13,2024,5,13,1,17,12519,66
2024/5/13,2024,5,13,1,18,13070,65
2024/5/13,2024,5,13,1,19,13273,63
2024/5/13,2024,5,13,1,20,13258,62
2024/5/13,2024,5,13,1,21,12448,60
2024/5/13,2024,5,13,1,22,11341,58
2024/5/13,2024,5,13,1,23,10355,56
2024/5/13,2024,5,13,1,24,9701,55
2024/5/14,2024,5,14,2,1,9330,54
2024/5/14,2024,5,14,2,2,9128,54
2024/5/14,2024,5,14,2,3,9082,53
2024/5/14,2024,5,14,2,4,9352,53
2024/5/14,2024,5,14,2,5,10066,53
2024/5/14,2024,5,14,2,6,11215,53
2024/5/14,2024,5,14,2,7,11847,54
2024/5/14,2024,5,14,2,8,11682,56
2024/5/14,2024,5,14,2,9,11226,58
2024/5/14,2024,5,14,2,10,10904,63
2024/5/14,2024,5,14,2,11,10800,68
2024/5/14,2024,5,14,2,12,10809,71
2024/5/14,2024,5,14,2,13,11019,74
2024/5/14,2024,5,14,2,14,11264,76
2024/5/14,2024,5,14,2,15,11772,76
2024/5/14,2024,5,14,2,16,12475,76
2024/5/14,2024,5,14,2,17,13232,75
2024/5/14,2024,5,14,2,18,13542,73
2024/5/14,2024,5,14,2,19,13658,70
2024/5/14,2024,5,14,2,20,13677,67
2024/5/14,2024,5,14,2,21,12960,65
2024/5/14,2024,5,14,2,22,11794,63
2024/5/14,2024,5,14,2,23,10767,62
2024/5/14,2024,5,14,2,24,10073,62
2024/5/15,2024,5,15,3,1,9647,62
2024/5/15,2024,5,15,3,2,9390,61
2024/5/15,2024,5,15,3,3,9336,61
2024/5/15,2024,5,15,3,4,9576,60
2024/5/15,2024,5,15,3,5,10257,59
2024/5/15,2024,5,15,3,6,11371,59
2024/5/15,2024,5,15,3,7,12105,60
2024/5/15,2024,5,15,3,8,12259,61
2024/5/15,2024,5,15,3,9,12345,64
2024/5/15,2024,5,15,3,10,12593,65
2024/5/15,2024,5,15,3,11,12840,66
2024/5/15,2024,5,15,3,12,13040,66
2024/5/15,2024,5,15,3,13,13132,66
2024/5/15,2024,5,15,3,14,13046,65
2024/5/15,2024,5,15,3,15,13010,65
2024/5/15,2024,5,15,3,16,13211,65
2024/5/15,2024,5,15,3,17,13499,65
2024/5/15,2024,5,15,3,18,13571,64
2024/5/15,2024,5,15,3,19,13579,63
2024/5/15,2024,5,15,3,20,13481,61
2024/5/15,2024,5,15,3,21,12758,60
2024/5/15,2024,5,15,3,22,11659,59
2024/5/15,2024,5,15,3,23,10688,59
2024/5/15,2024,5,15,3,24,9998,58
2024/5/16,2024,5,16,4,1,9559,58
2024/5/16,2024,5,16,4,2,9340,58
2024/5/16,2024,5,16,4,3,9265,58
2024/5/16,2024,5,16,4,4,9475,57
2024/5/16,2024,5,16,4,5,10183,57
2024/5/16,2024,5,16,4,6,11416,57
2024/5/16,2024,5,16,4,7,12355,58
2024/5/16,2024,5,16,4,8,12776,58
2024/5/16,2024,5,16,4,9,12907,58
2024/5/16,2024,5,16,4,10,12877,59
2024/5/16,2024,5,16,4,11,12861,59
2024/5/16,2024,5,16,4,12,12749,60
2024/5/16,2024,5,16,4,13,12700,61
2024/5/16,2024,5,16,4,14,12589,61
2024/5/16,2024,5,16,4,15,12538,62
2024/5/16,2024,5,16,4,16,12662,62
2024/5/16,2024,5,16,4,17,12981,63
2024/5/16,2024,5,16,4,18,13160,63
2024/5/16,2024,5,16,4,19,13236,63
2024/5/16,2024,5,16,4,20,13254,61
2024/5/16,2024,5,16,4,21,12617,60
2024/5/16,2024,5,16,4,22,11536,58
2024/5/16,2024,5,16,4,23,10553,56
2024/5/16,2024,5,16,4,24,9882,56
2024/5/17,2024,5,17,5,1,9451,55
2024/5/17,2024,5,17,5,2,9224,54
2024/5/17,2024,5,17,5,3,9156,54
2024/5/17,2024,5,17,5,4,9386,53
2024/5/17,2024,5,17,5,5,10021,53
2024/5/17,2024,5,17,5,6,11123,54
2024/5/17,2024,5,17,5,7,11814,56
2024/5/17,2024,5,17,5,8,11637,58
2024/5/17,2024,5,17,5,9,11134,62
2024/5/17,2024,5,17,5,10,10850,65
2024/5/17,2024,5,17,5,11,10851,68
2024/5/17,2024,5,17,5,12,10894,69
2024/5/17,2024,5,17,5,13,11119,70
2024/5/17,2024,5,17,5,14,11412,71
2024/5/17,2024,5,17,5,15,11760,70
2024/5/17,2024,5,17,5,16,12204,69
2024/5/17,2024,5,17,5,17,12624,69
2024/5/17,2024,5,17,5,18,12813,67
2024/5/17,2024,5,17,5,19,12892,65
2024/5/17,2024,5,17,5,20,12925,63
2024/5/17,2024,5,17,5,21,12367,61
2024/5/17,2024,5,17,5,22,11471,60
2024/5/17,2024,5,17,5,23,10544,59
2024/5/17,2024,5,17,5,24,9878,58
2024/5/18,2024,5,18,6,1,9395,58
2024/5/18,2024,5,18,6,2,9129,57
2024/5/18,2024,5,18,6,3,8967,57
2024/5/18,2024,5,18,6,4,9002,56
2024/5/18,2024,5,18,6,5,9214,56
2024/5/18,2024,5,18,6,6,9598,56
2024/5/18,2024,5,18,6,7,10190,57
2024/5/18,2024,5,18,6,8,10764,58
2024/5/18,2024,5,18,6,9,11109,59
2024/5/18,2024,5,18,6,10,11307,59
2024/5/18,2024,5,18,6,11,11399,59
2024/5/18,2024,5,18,6,12,11307,60
2024/5/18,2024,5,18,6,13,11134,62
2024/5/18,2024,5,18,6,14,11106,61
2024/5/18,2024,5,18,6,15,11306,61
2024/5/18,2024,5,18,6,16,11655,60
2024/5/18,2024,5,18,6,17,12064,60
2024/5/18,2024,5,18,6,18,12262,59
2024/5/18,2024,5,18,6,19,12263,58
2024/5/18,2024,5,18,6,20,12282,58
2024/5/18,2024,5,18,6,21,11774,57
2024/5/18,2024,5,18,6,22,11045,57
2024/5/18,2024,5,18,6,23,10267,56
2024/5/18,2024,5,18,6,24,9657,56
2024/5/19,2024,5,19,7,1,9237,56
2024/5/19,2024,5,19,7,2,9000,56
2024/5/19,2024,5,19,7,3,8868,56
2024/5/19,2024,5,19,7,4,8886,56
2024/5/19,2024,5,19,7,5,9045,56
2024/5/19,2024,5,19,7,6,9328,56
2024/5/19,2024,5,19,7,7,9806,57
2024/5/19,2024,5,19,7,8,10341,57
2024/5/19,2024,5,19,7,9,10622,58
2024/5/19,2024,5,19,7,10,10674,60
2024/5/19,2024,5,19,7,11,10763,61
2024/5/19,2024,5,19,7,12,10825,62
2024/5/19,2024,5,19,7,13,10878,62
2024/5/19,2024,5,19,7,14,10959,64
2024/5/19,2024,5,19,7,15,11125,63
2024/5/19,2024,5,19,7,16,11542,63
2024/5/19,2024,5,19,7,17,12159,63
2024/5/19,2024,5,19,7,18,12540,62
2024/5/19,2024,5,19,7,19,12729,61
2024/5/19,2024,5,19,7,20,12748,59
2024/5/19,2024,5,19,7,21,12143,58
2024/5/19,2024,5,19,7,22,11142,56
2024/5/19,2024,5,19,7,23,10170,55
2024/5/19,2024,5,19,7,24,9538,54
2024/5/20,2024,5,20,1,1,9153,54
2024/5/20,2024,5,20,1,2,8966,54
2024/5/20,2024,5,20,1,3,8948,53
2024/5/20,2024,5,20,1,4,9224,53
2024/5/20,2024,5,20,1,5,9955,53
2024/5/20,2024,5,20,1,6,11147,54
2024/5/20,2024,5,20,1,7,11889,55
2024/5/20,2024,5,20,1,8,11964,57
2024/5/20,2024,5,20,1,9,11661,58
2024/5/20,2024,5,20,1,10,11251,60
2024/5/20,2024,5,20,1,11,11061,62
2024/5/20,2024,5,20,1,12,10968,64
2024/5/20,2024,5,20,1,13,10977,66
2024/5/20,2024,5,20,1,14,11150,68
2024/5/20,2024,5,20,1,15,11595,70
2024/5/20,2024,5,20,1,16,12376,70
2024/5/20,2024,5,20,1,17,13239,70
2024/5/20,2024,5,20,1,18,13716,70
2024/5/20,2024,5,20,1,19,13885,68
2024/5/20,2024,5,20,1,20,13846,65
2024/5/20,2024,5,20,1,21,13160,63
2024/5/20,2024,5,20,1,22,11924,61
2024/5/20,2024,5,20,1,23,10817,59
2024/5/20,2024,5,20,1,24,10098,58
2024/5/21,2024,5,21,2,1,9662,57
2024/5/21,2024,5,21,2,2,9405,57
2024/5/21,2024,5,21,2,3,9311,56
2024/5/21,2024,5,21,2,4,9526,56
2024/5/21,2024,5,21,2,5,10167,56
2024/5/21,2024,5,21,2,6,11254,56
2024/5/21,2024,5,21,2,7,11972,57
2024/5/21,2024,5,21,2,8,11964,59
2024/5/21,2024,5,21,2,9,11704,63
2024/5/21,2024,5,21,2,10,11518,67
2024/5/21,2024,5,21,2,11,11633,71
2024/5/21,2024,5,21,2,12,11982,74
2024/5/21,2024,5,21,2,13,12541,76
2024/5/21,2024,5,21,2,14,13192,79
2024/5/21,2024,5,21,2,15,14050,80
2024/5/21,2024,5,21,2,16,14837,81
2024/5/21,2024,5,21,2,17,15472,80
2024/5/21,2024,5,21,2,18,15658,78
2024/5/21,2024,5,21,2,19,15454,75
2024/5/21,2024,5,21,2,20,15245,73
2024/5/21,2024,5,21,2,21,14428,71
2024/5/21,2024,5,21,2,22,13071,69
2024/5/21,2024,5,21,2,23,11854,66
2024/5/21,2024,5,21,2,24,10984,65
2024/5/22,2024,5,22,3,1,10415,64
2024/5/22,2024,5,22,3,2,10059,63
2024/5/22,2024,5,22,3,3,9889,63
2024/5/22,2024,5,22,3,4,10064,62
2024/5/22,2024,5,22,3,5,10672,62
2024/5/22,2024,5,22,3,6,11825,61
2024/5/22,2024,5,22,3,7,12662,64
2024/5/22,2024,5,22,3,8,12897,68
2024/5/22,2024,5,22,3,9,13001,73
2024/5/22,2024,5,22,3,10,13209,77
2024/5/22,2024,5,22,3,11,13509,80
2024/5/22,2024,5,22,3,12,13903,84
2024/5/22,2024,5,22,3,13,14519,86
2024/5/22,2024,5,22,3,14,15145,87
2024/5/22,2024,5,22,3,15,15901,87
2024/5/22,2024,5,22,3,16,16694,86
2024/5/22,2024,5,22,3,17,17255,85
2024/5/22,2024,5,22,3,18,17346,83
2024/5/22,2024,5,22,3,19,17062,79
2024/5/22,2024,5,22,3,20,16741,75
2024/5/22,2024,5,22,3,21,15837,72
2024/5/22,2024,5,22,3,22,14319,71
2024/5/22,2024,5,22,3,23,12932,69
2024/5/22,2024,5,22,3,24,11942,68
2024/5/23,2024,5,23,4,1,11306,67
2024/5/23,2024,5,23,4,2,10907,67
2024/5/23,2024,5,23,4,3,10691,66
2024/5/23,2024,5,23,4,4,10824,65
2024/5/23,2024,5,23,4,5,11400,66
2024/5/23,2024,5,23,4,6,12525,66
2024/5/23,2024,5,23,4,7,13409,67
2024/5/23,2024,5,23,4,8,13879,70
2024/5/23,2024,5,23,4,9,14362,73
2024/5/23,2024,5,23,4,10,15066,73
2024/5/23,2024,5,23,4,11,15495,72
2024/5/23,2024,5,23,4,12,15538,73
2024/5/23,2024,5,23,4,13,14940,71
2024/5/23,2024,5,23,4,14,14458,72
2024/5/23,2024,5,23,4,15,14510,74
2024/5/23,2024,5,23,4,16,15163,76
2024/5/23,2024,5,23,4,17,15754,78
2024/5/23,2024,5,23,4,18,16168,79
2024/5/23,2024,5,23,4,19,16056,77
2024/5/23,2024,5,23,4,20,15980,75
2024/5/23,2024,5,23,4,21,15198,72
2024/5/23,2024,5,23,4,22,13728,71
2024/5/23,2024,5,23,4,23,12380,70
2024/5/23,2024,5,23,4,24,11388,69
2024/5/24,2024,5,24,5,1,10740,65
2024/5/24,2024,5,24,5,2,10289,63
2024/5/24,2024,5,24,5,3,10037,62
2024/5/24,2024,5,24,5,4,10126,61
2024/5/24,2024,5,24,5,5,10575,60
2024/5/24,2024,5,24,5,6,11563,60
2024/5/24,2024,5,24,5,7,12315,64
2024/5/24,2024,5,24,5,8,12503,68
2024/5/24,2024,5,24,5,9,12566,72
2024/5/24,2024,5,24,5,10,12724,76
2024/5/24,2024,5,24,5,11,12921,78
2024/5/24,2024,5,24,5,12,13072,80
2024/5/24,2024,5,24,5,13,13439,81
2024/5/24,2024,5,24,5,14,13775,82
2024/5/24,2024,5,24,5,15,14400,83
2024/5/24,2024,5,24,5,16,15230,83
2024/5/24,2024,5,24,5,17,15886,82
2024/5/24,2024,5,24,5,18,16033,82
2024/5/24,2024,5,24,5,19,15664,81
2024/5/24,2024,5,24,5,20,15268,77
2024/5/24,2024,5,24,5,21,14513,73
2024/5/24,2024,5,24,5,22,13275,71
2024/5/24,2024,5,24,5,23,12059,69
2024/5/24,2024,5,24,5,24,11077,66
2024/5/25,2024,5,25,6,1,10379,65
2024/5/25,2024,5,25,6,2,9923,62
2024/5/25,2024,5,25,6,3,9612,61
2024/5/25,2024,5,25,6,4,9522,59
2024/5/25,2024,5,25,6,5,9524,56
2024/5/25,2024,5,25,6,6,9781,56
2024/5/25,2024,5,25,6,7,10077,60
2024/5/25,2024,5,25,6,8,10238,63
2024/5/25,2024,5,25,6,9,10246,65
2024/5/25,2024,5,25,6,10,10231,67
2024/5/25,2024,5,25,6,11,10346,69
2024/5/25,2024,5,25,6,12,10577,71
2024/5/25,2024,5,25,6,13,10884,72
2024/5/25,2024,5,25,6,14,11373,73
2024/5/25,2024,5,25,6,15,11927,74
2024/5/25,2024,5,25,6,16,12739,73
2024/5/25,2024,5,25,6,17,13452,74
2024/5/25,2024,5,25,6,18,13758,72
2024/5/25,2024,5,25,6,19,13703,72
2024/5/25,2024,5,25,6,20,13602,69
2024/5/25,2024,5,25,6,21,13051,67
2024/5/25,2024,5,25,6,22,12136,65
2024/5/25,2024,5,25,6,23,11212,64
2024/5/25,2024,5,25,6,24,10469,63
2024/5/26,2024,5,26,7,1,9947,63
2024/5/26,2024,5,26,7,2,9650,62
2024/5/26,2024,5,26,7,3,9477,62
2024/5/26,2024,5,26,7,4,9445,62
2024/5/26,2024,5,26,7,5,9521,61
2024/5/26,2024,5,26,7,6,9713,62
2024/5/26,2024,5,26,7,7,10020,62
2024/5/26,2024,5,26,7,8,10301,64
2024/5/26,2024,5,26,7,9,10485,68
2024/5/26,2024,5,26,7,10,10663,71
2024/5/26,2024,5,26,7,11,11100,73
2024/5/26,2024,5,26,7,12,11630,75
2024/5/26,2024,5,26,7,13,12191,75
2024/5/26,2024,5,26,7,14,12574,76
2024/5/26,2024,5,26,7,15,13136,77
2024/5/26,2024,5,26,7,16,13938,77
2024/5/26,2024,5,26,7,17,14620,77
2024/5/26,2024,5,26,7,18,14864,75
2024/5/26,2024,5,26,7,19,14633,73
2024/5/26,2024,5,26,7,20,14500,71
2024/5/26,2024,5,26,7,21,14002,69
2024/5/26,2024,5,26,7,22,13077,67
2024/5/26,2024,5,26,7,23,12111,67
2024/5/26,2024,5,26,7,24,11322,66
2024/5/27,2024,5,27,1,1,10757,66
2024/5/27,2024,5,27,1,2,10370,65
2024/5/27,2024,5,27,1,3,10161,65
2024/5/27,2024,5,27,1,4,10153,64
2024/5/27,2024,5,27,1,5,10302,63
2024/5/27,2024,5,27,1,6,10602,63
2024/5/27,2024,5,27,1,7,11073,63
2024/5/27,2024,5,27,1,8,11679,63
2024/5/27,2024,5,27,1,9,12303,63
2024/5/27,2024,5,27,1,10,12693,63
2024/5/27,2024,5,27,1,11,12981,64
2024/5/27,2024,5,27,1,12,13134,65
2024/5/27,2024,5,27,1,13,13081,66
2024/5/27,2024,5,27,1,14,13167,68
2024/5/27,2024,5,27,1,15,13672,69
2024/5/27,2024,5,27,1,16,14299,71
2024/5/27,2024,5,27,1,17,14795,70
2024/5/27,2024,5,27,1,18,14778,69
2024/5/27,2024,5,27,1,19,14609,68
2024/5/27,2024,5,27,1,20,14415,68
2024/5/27,2024,5,27,1,21,13698,68
2024/5/27,2024,5,27,1,22,12616,68
2024/5/27,2024,5,27,1,23,11616,67
2024/5/27,2024,5,27,1,24,10943,67
2024/5/28,2024,5,28,2,1,10496,66
2024/5/28,2024,5,28,2,2,10252,66
2024/5/28,2024,5,28,2,3,10180,66
2024/5/28,2024,5,28,2,4,10423,66
2024/5/28,2024,5,28,2,5,11176,66
2024/5/28,2024,5,28,2,6,12472,66
2024/5/28,2024,5,28,2,7,13394,67
2024/5/28,2024,5,28,2,8,13731,68
2024/5/28,2024,5,28,2,9,13858,69
2024/5/28,2024,5,28,2,10,13982,72
2024/5/28,2024,5,28,2,11,14098,74
2024/5/28,2024,5,28,2,12,14386,76
2024/5/28,2024,5,28,2,13,14617,78
2024/5/28,2024,5,28,2,14,14877,78
2024/5/28,2024,5,28,2,15,15300,78
2024/5/28,2024,5,28,2,16,15916,80
2024/5/28,2024,5,28,2,17,16540,80
2024/5/28,2024,5,28,2,18,16666,78
2024/5/28,2024,5,28,2,19,16315,77
2024/5/28,2024,5,28,2,20,15938,74
2024/5/28,2024,5,28,2,21,15022,71
2024/5/28,2024,5,28,2,22,13586,69
2024/5/28,2024,5,28,2,23,12256,66
2024/5/28,2024,5,28,2,24,11257,65
2024/5/29,2024,5,29,3,1,10636,63
2024/5/29,2024,5,29,3,2,10259,62
2024/5/29,2024,5,29,3,3,10054,61
2024/5/29,2024,5,29,3,4,10166,60
2024/5/29,2024,5,29,3,5,10694,60
2024/5/29,2024,5,29,3,6,11806,60
2024/5/29,2024,5,29,3,7,12517,62
2024/5/29,2024,5,29,3,8,12616,65
2024/5/29,2024,5,29,3,9,12551,67
2024/5/29,2024,5,29,3,10,12738,69
2024/5/29,2024,5,29,3,11,13093,71
2024/5/29,2024,5,29,3,12,13266,72
2024/5/29,2024,5,29,3,13,13415,71
2024/5/29,2024,5,29,3,14,13487,73
2024/5/29,2024,5,29,3,15,13680,72
2024/5/29,2024,5,29,3,16,14287,73
2024/5/29,2024,5,29,3,17,15016,73
2024/5/29,2024,5,29,3,18,15294,72
2024/5/29,2024,5,29,3,19,15170,71
2024/5/29,2024,5,29,3,20,14959,68
2024/5/29,2024,5,29,3,21,14248,66
2024/5/29,2024,5,29,3,22,12978,65
2024/5/29,2024,5,29,3,23,11786,64
2024/5/29,2024,5,29,3,24,10958,63
2024/5/30,2024,5,30,4,1,10396,61
2024/5/30,2024,5,30,4,2,10067,61
2024/5/30,2024,5,30,4,3,9924,59
2024/5/30,2024,5,30,4,4,10080,59
2024/5/30,2024,5,30,4,5,10639,57
2024/5/30,2024,5,30,4,6,11740,56
2024/5/30,2024,5,30,4,7,12552,55
2024/5/30,2024,5,30,4,8,12778,55
2024/5/30,2024,5,30,4,9,12742,55
2024/5/30,2024,5,30,4,10,12665,56
2024/5/30,2024,5,30,4,11,12476,56
2024/5/30,2024,5,30,4,12,12300,58
2024/5/30,2024,5,30,4,13,12248,59
2024/5/30,2024,5,30,4,14,12153,60
2024/5/30,2024,5,30,4,15,12110,61
2024/5/30,2024,5,30,4,16,12327,62
2024/5/30,2024,5,30,4,17,12844,64
2024/5/30,2024,5,30,4,18,13253,64
2024/5/30,2024,5,30,4,19,13358,63
2024/5/30,2024,5,30,4,20,13349,61
2024/5/30,2024,5,30,4,21,12793,58
2024/5/30,2024,5,30,4,22,11740,57
2024/5/30,2024,5,30,4,23,10727,55
2024/5/30,2024,5,30,4,24,10031,55
2024/5/31,2024,5,31,5,1,9584,55
2024/5/31,2024,5,31,5,2,9313,53
2024/5/31,2024,5,31,5,3,9220,53
2024/5/31,2024,5,31,5,4,9416,52
2024/5/31,2024,5,31,5,5,9975,51
2024/5/31,2024,5,31,5,6,10946,52
2024/5/31,2024,5,31,5,7,11445,56
2024/5/31,2024,5,31,5,8,11310,60
2024/5/31,2024,5,31,5,9,11057,64
2024/5/31,2024,5,31,5,10,10947,67
2024/5/31,2024,5,31,5,11,11039,71
2024/5/31,2024,5,31,5,12,11278,72
2024/5/31,2024,5,31,5,13,11504,74
2024/5/31,2024,5,31,5,14,11681,75
2024/5/31,2024,5,31,5,15,12113,76
2024/5/31,2024,5,31,5,16,12762,75
2024/5/31,2024,5,31,5,17,13380,75
2024/5/31,2024,5,31,5,18,13655,75
2024/5/31,2024,5,31,5,19,13589,74
2024/5/31,2024,5,31,5,20,13422,71
2024/5/31,2024,5,31,5,21,12925,66
2024/5/31,2024,5,31,5,22,11939,65
2024/5/31,2024,5,31,5,23,10923,64
2024/5/31,2024,5,31,5,24,10133,62
2024/6/1,2024,6,1,6,1,9609,60
2024/6/1,2024,6,1,6,2,9270,58
2024/6/1,2024,6,1,6,3,9095,57
2024/6/1,2024,6,1,6,4,9097,54
2024/6/1,2024,6,1,6,5,9193,54
2024/6/1,2024,6,1,6,6,9497,54
2024/6/1,2024,6,1,6,7,9791,59
2024/6/1,2024,6,1,6,8,9998,64
2024/6/1,2024,6,1,6,9,9961,68
2024/6/1,2024,6,1,6,10,9972,71
2024/6/1,2024,6,1,6,11,10104,73
2024/6/1,2024,6,1,6,12,10262,75
2024/6/1,2024,6,1,6,13,10545,76
2024/6/1,2024,6,1,6,14,11008,78
2024/6/1,2024,6,1,6,15,11747,79
2024/6/1,2024,6,1,6,16,12696,80
2024/6/1,2024,6,1,6,17,13684,79
2024/6/1,2024,6,1,6,18,14208,80
2024/6/1,2024,6,1,6,19,14070,78
2024/6/1,2024,6,1,6,20,13788,74
2024/6/1,2024,6,1,6,21,13255,69
2024/6/1,2024,6,1,6,22,12253,66
2024/6/1,2024,6,1,6,23,11231,64
2024/6/1,2024,6,1,6,24,10386,62
2024/6/2,2024,6,2,7,1,9855,60
2024/6/2,2024,6,2,7,2,9493,57
2024/6/2,2024,6,2,7,3,9247,56
2024/6/2,2024,6,2,7,4,9237,55
2024/6/2,2024,6,2,7,5,9187,53
2024/6/2,2024,6,2,7,6,9332,53
2024/6/2,2024,6,2,7,7,9547,58
2024/6/2,2024,6,2,7,8,9815,63
2024/6/2,2024,6,2,7,9,10027,66
2024/6/2,2024,6,2,7,10,10355,71
2024/6/2,2024,6,2,7,11,10775,74
2024/6/2,2024,6,2,7,12,11368,77
2024/6/2,2024,6,2,7,13,11933,79
2024/6/2,2024,6,2,7,14,12447,79
2024/6/2,2024,6,2,7,15,13023,79
2024/6/2,2024,6,2,7,16,14032,81
2024/6/2,2024,6,2,7,17,15131,81
2024/6/2,2024,6,2,7,18,15573,80
2024/6/2,2024,6,2,7,19,15386,79
2024/6/2,2024,6,2,7,20,15235,74
2024/6/2,2024,6,2,7,21,14660,73
2024/6/2,2024,6,2,7,22,13331,72
2024/6/2,2024,6,2,7,23,12108,71
2024/6/2,2024,6,2,7,24,11267,69
2024/6/3,2024,6,3,1,1,10744,69
2024/6/3,2024,6,3,1,2,10400,68
2024/6/3,2024,6,3,1,3,10233,67
2024/6/3,2024,6,3,1,4,10514,67
2024/6/3,2024,6,3,1,5,11139,67
2024/6/3,2024,6,3,1,6,12207,67
2024/6/3,2024,6,3,1,7,13047,68
2024/6/3,2024,6,3,1,8,13267,70
2024/6/3,2024,6,3,1,9,13257,73
2024/6/3,2024,6,3,1,10,13394,75
2024/6/3,2024,6,3,1,11,13592,76
2024/6/3,2024,6,3,1,12,13903,78
2024/6/3,2024,6,3,1,13,14328,77
2024/6/3,2024,6,3,1,14,14841,79
2024/6/3,2024,6,3,1,15,15515,79
2024/6/3,2024,6,3,1,16,16312,79
2024/6/3,2024,6,3,1,17,17041,79
2024/6/3,2024,6,3,1,18,17219,78
2024/6/3,2024,6,3,1,19,16836,76
2024/6/3,2024,6,3,1,20,16293,73
2024/6/3,2024,6,3,1,21,15368,69
2024/6/3,2024,6,3,1,22,13879,68
2024/6/3,2024,6,3,1,23,12524,66
2024/6/3,2024,6,3,1,24,11539,65
2024/6/4,2024,6,4,2,1,10893,63
2024/6/4,2024,6,4,2,2,10459,62
2024/6/4,2024,6,4,2,3,10232,60
2024/6/4,2024,6,4,2,4,10351,59
2024/6/4,2024,6,4,2,5,10837,58
2024/6/4,2024,6,4,2,6,11916,58
2024/6/4,2024,6,4,2,7,12617,61
2024/6/4,2024,6,4,2,8,12674,63
2024/6/4,2024,6,4,2,9,12624,66
2024/6/4,2024,6,4,2,10,12713,68
2024/6/4,2024,6,4,2,11,12935,70
2024/6/4,2024,6,4,2,12,13301,72
2024/6/4,2024,6,4,2,13,13782,73
2024/6/4,2024,6,4,2,14,14265,74
2024/6/4,2024,6,4,2,15,14902,75
2024/6/4,2024,6,4,2,16,15739,75
2024/6/4,2024,6,4,2,17,16398,75
2024/6/4,2024,6,4,2,18,16516,74
2024/6/4,2024,6,4,2,19,16129,73
2024/6/4,2024,6,4,2,20,15765,70
2024/6/4,2024,6,4,2,21,14954,68
2024/6/4,2024,6,4,2,22,13593,67
2024/6/4,2024,6,4,2,23,12338,65
2024/6/4,2024,6,4,2,24,11419,65
2024/6/5,2024,6,5,3,1,10816,64
2024/6/5,2024,6,5,3,2,10432,62
2024/6/5,2024,6,5,3,3,10259,62
2024/6/5,2024,6,5,3,4,10411,61
2024/6/5,2024,6,5,3,5,10987,61
2024/6/5,2024,6,5,3,6,12099,62
2024/6/5,2024,6,5,3,7,12973,64
2024/6/5,2024,6,5,3,8,13291,66
2024/6/5,2024,6,5,3,9,13404,68
2024/6/5,2024,6,5,3,10,13605,71
2024/6/5,2024,6,5,3,11,13957,73
2024/6/5,2024,6,5,3,12,14228,76
2024/6/5,2024,6,5,3,13,14663,80
2024/6/5,2024,6,5,3,14,15358,82
2024/6/5,2024,6,5,3,15,16144,83
2024/6/5,2024,6,5,3,16,16996,82
2024/6/5,2024,6,5,3,17,17520,81
2024/6/5,2024,6,5,3,18,17439,80
2024/6/5,2024,6,5,3,19,17181,77
2024/6/5,2024,6,5,3,20,16903,74
2024/6/5,2024,6,5,3,21,16126,73
2024/6/5,2024,6,5,3,22,14746,71
2024/6/5,2024,6,5,3,23,13424,69
2024/6/5,2024,6,5,3,24,12459,69
2024/6/6,2024,6,6,4,1,11876,69
2024/6/6,2024,6,6,4,2,11548,69
2024/6/6,2024,6,6,4,3,11368,68
2024/6/6,2024,6,6,4,4,11518,68
2024/6/6,2024,6,6,4,5,12116,68
2024/6/6,2024,6,6,4,6,13312,68
2024/6/6,2024,6,6,4,7,14379,68
2024/6/6,2024,6,6,4,8,14897,69
2024/6/6,2024,6,6,4,9,15193,70
2024/6/6,2024,6,6,4,10,15423,70
2024/6/6,2024,6,6,4,11,15578,71
2024/6/6,2024,6,6,4,12,15569,72
2024/6/6,2024,6,6,4,13,15713,73
2024/6/6,2024,6,6,4,14,15722,74
2024/6/6,2024,6,6,4,15,15933,73
2024/6/6,2024,6,6,4,16,16289,72
2024/6/6,2024,6,6,4,17,16657,72
2024/6/6,2024,6,6,4,18,16531,71
2024/6/6,2024,6,6,4,19,16183,69
2024/6/6,2024,6,6,4,20,15931,68
2024/6/6,2024,6,6,4,21,15200,67
2024/6/6,2024,6,6,4,22,13990,67
2024/6/6,2024,6,6,4,23,12799,66
2024/6/6,2024,6,6,4,24,11892,66
2024/6/7,2024,6,7,5,1,11262,65
2024/6/7,2024,6,7,5,2,10876,65
2024/6/7,2024,6,7,5,3,10665,64
2024/6/7,2024,6,7,5,4,10791,63
2024/6/7,2024,6,7,5,5,11310,63
2024/6/7,2024,6,7,5,6,12383,62
2024/6/7,2024,6,7,5,7,13270,65
2024/6/7,2024,6,7,5,8,13731,67
2024/6/7,2024,6,7,5,9,13899,68
2024/6/7,2024,6,7,5,10,13946,70
2024/6/7,2024,6,7,5,11,14081,72
2024/6/7,2024,6,7,5,12,14395,74
2024/6/7,2024,6,7,5,13,15066,76
2024/6/7,2024,6,7,5,14,15457,76
2024/6/7,2024,6,7,5,15,15832,77
2024/6/7,2024,6,7,5,16,16330,76
2024/6/7,2024,6,7,5,17,16696,75
2024/6/7,2024,6,7,5,18,16393,72
2024/6/7,2024,6,7,5,19,15893,70
2024/6/7,2024,6,7,5,20,15447,69
2024/6/7,2024,6,7,5,21,14694,66
2024/6/7,2024,6,7,5,22,13541,64
2024/6/7,2024,6,7,5,23,12383,62
2024/6/7,2024,6,7,5,24,11456,61
2024/6/8,2024,6,8,6,1,10677,61
2024/6/8,2024,6,8,6,2,10215,60
2024/6/8,2024,6,8,6,3,9941,59
2024/6/8,2024,6,8,6,4,9834,58
2024/6/8,2024,6,8,6,5,9867,58
2024/6/8,2024,6,8,6,6,10219,58
2024/6/8,2024,6,8,6,7,10667,60
2024/6/8,2024,6,8,6,8,11040,63
2024/6/8,2024,6,8,6,9,11230,66
2024/6/8,2024,6,8,6,10,11498,69
2024/6/8,2024,6,8,6,11,11889,71
2024/6/8,2024,6,8,6,12,12070,71
2024/6/8,2024,6,8,6,13,12150,71
2024/6/8,2024,6,8,6,14,12226,73
2024/6/8,2024,6,8,6,15,12381,74
2024/6/8,2024,6,8,6,16,12858,74
2024/6/8,2024,6,8,6,17,13380,73
2024/6/8,2024,6,8,6,18,13790,73
2024/6/8,2024,6,8,6,19,13734,72
2024/6/8,2024,6,8,6,20,13524,70
2024/6/8,2024,6,8,6,21,13133,67
2024/6/8,2024,6,8,6,22,12293,65
2024/6/8,2024,6,8,6,23,11406,64
2024/6/8,2024,6,8,6,24,10699,63
2024/6/9,2024,6,9,7,1,10189,64
2024/6/9,2024,6,9,7,2,9858,64
2024/6/9,2024,6,9,7,3,9644,64
2024/6/9,2024,6,9,7,4,9577,63
2024/6/9,2024,6,9,7,5,9594,62
2024/6/9,2024,6,9,7,6,9854,62
2024/6/9,2024,6,9,7,7,10505,62
2024/6/9,2024,6,9,7,8,11358,62
2024/6/9,2024,6,9,7,9,12015,61
2024/6/9,2024,6,9,7,10,12380,60
2024/6/9,2024,6,9,7,11,12546,58
2024/6/9,2024,6,9,7,12,12475,58
2024/6/9,2024,6,9,7,13,11847,59
2024/6/9,2024,6,9,7,14,11017,61
2024/6/9,2024,6,9,7,15,11141,65
2024/6/9,2024,6,9,7,16,11782,67
2024/6/9,2024,6,9,7,17,12801,69
2024/6/9,2024,6,9,7,18,13452,69
2024/6/9,2024,6,9,7,19,13516,67
2024/6/9,2024,6,9,7,20,13365,67
2024/6/9,2024,6,9,7,21,12860,63
2024/6/9,2024,6,9,7,22,11821,61
2024/6/9,2024,6,9,7,23,10811,60
2024/6/9,2024,6,9,7,24,10056,60
2024/6/10,2024,6,10,1,1,9663,58
2024/6/10,2024,6,10,1,2,9383,59
2024/6/10,2024,6,10,1,3,9318,58
2024/6/10,2024,6,10,1,4,9522,57
2024/6/10,2024,6,10,1,5,10131,56
2024/6/10,2024,6,10,1,6,11249,56
2024/6/10,2024,6,10,1,7,11942,59
2024/6/10,2024,6,10,1,8,12037,62
2024/6/10,2024,6,10,1,9,11954,65
2024/6/10,2024,6,10,1,10,12024,67
2024/6/10,2024,6,10,1,11,12323,69
2024/6/10,2024,6,10,1,12,12694,70
2024/6/10,2024,6,10,1,13,13068,71
2024/6/10,2024,6,10,1,14,13388,72
2024/6/10,2024,6,10,1,15,13713,71
2024/6/10,2024,6,10,1,16,14226,72
2024/6/10,2024,6,10,1,17,14716,72
2024/6/10,2024,6,10,1,18,14781,71
2024/6/10,2024,6,10,1,19,14621,69
2024/6/10,2024,6,10,1,20,14349,67
2024/6/10,2024,6,10,1,21,13716,64
2024/6/10,2024,6,10,1,22,12494,63
2024/6/10,2024,6,10,1,23,11320,61
2024/6/10,2024,6,10,1,24,10508,60
2024/6/11,2024,6,11,2,1,10009,59
2024/6/11,2024,6,11,2,2,9683,57
2024/6/11,2024,6,11,2,3,9547,56
2024/6/11,2024,6,11,2,4,9737,56
2024/6/11,2024,6,11,2,5,10247,55
2024/6/11,2024,6,11,2,6,11339,55
2024/6/11,2024,6,11,2,7,12047,59
2024/6/11,2024,6,11,2,8,12134,62
2024/6/11,2024,6,11,2,9,12165,65
2024/6/11,2024,6,11,2,10,12526,66
2024/6/11,2024,6,11,2,11,12868,67
2024/6/11,2024,6,11,2,12,12999,69
2024/6/11,2024,6,11,2,13,13208,69
2024/6/11,2024,6,11,2,14,13254,68
2024/6/11,2024,6,11,2,15,13450,70
2024/6/11,2024,6,11,2,16,13881,70
2024/6/11,2024,6,11,2,17,14270,70
2024/6/11,2024,6,11,2,18,14533,69
2024/6/11,2024,6,11,2,19,14522,68
2024/6/11,2024,6,11,2,20,14405,67
2024/6/11,2024,6,11,2,21,13863,64
2024/6/11,2024,6,11,2,22,12666,62
2024/6/11,2024,6,11,2,23,11528,61
2024/6/11,2024,6,11,2,24,10770,61
2024/6/12,2024,6,12,3,1,10232,60
2024/6/12,2024,6,12,3,2,9926,59
2024/6/12,2024,6,12,3,3,9828,59
2024/6/12,2024,6,12,3,4,10009,58
2024/6/12,2024,6,12,3,5,10573,58
2024/6/12,2024,6,12,3,6,11617,58
2024/6/12,2024,6,12,3,7,12424,61
2024/6/12,2024,6,12,3,8,12613,64
2024/6/12,2024,6,12,3,9,12606,68
2024/6/12,2024,6,12,3,10,12971,70
2024/6/12,2024,6,12,3,11,13444,72
2024/6/12,2024,6,12,3,12,13631,73
2024/6/12,2024,6,12,3,13,13788,72
2024/6/12,2024,6,12,3,14,13877,74
2024/6/12,2024,6,12,3,15,14218,75
2024/6/12,2024,6,12,3,16,14816,75
2024/6/12,2024,6,12,3,17,15319,75
2024/6/12,2024,6,12,3,18,15581,75
2024/6/12,2024,6,12,3,19,15450,73
2024/6/12,2024,6,12,3,20,15234,70
2024/6/12,2024,6,12,3,21,14621,68
2024/6/12,2024,6,12,3,22,13370,67
2024/6/12,2024,6,12,3,23,12176,65
2024/6/12,2024,6,12,3,24,11282,64
2024/6/13,2024,6,13,4,1,10612,63
2024/6/13,2024,6,13,4,2,10198,60
2024/6/13,2024,6,13,4,3,10002,60
2024/6/13,2024,6,13,4,4,10117,58
2024/6/13,2024,6,13,4,5,10612,58
2024/6/13,2024,6,13,4,6,11682,58
2024/6/13,2024,6,13,4,7,12444,62
2024/6/13,2024,6,13,4,8,12661,66
2024/6/13,2024,6,13,4,9,12656,70
2024/6/13,2024,6,13,4,10,12874,73
2024/6/13,2024,6,13,4,11,13230,76
2024/6/13,2024,6,13,4,12,13683,78
2024/6/13,2024,6,13,4,13,14257,80
2024/6/13,2024,6,13,4,14,14872,82
2024/6/13,2024,6,13,4,15,15767,81
2024/6/13,2024,6,13,4,16,16691,82
2024/6/13,2024,6,13,4,17,17452,82
2024/6/13,2024,6,13,4,18,17559,81
2024/6/13,2024,6,13,4,19,17306,79
2024/6/13,2024,6,13,4,20,16835,76
2024/6/13,2024,6,13,4,21,16144,73
2024/6/13,2024,6,13,4,22,14766,72
2024/6/13,2024,6,13,4,23,13372,71
2024/6/13,2024,6,13,4,24,12350,71
2024/6/14,2024,6,14,5,1,11632,69
2024/6/14,2024,6,14,5,2,11198,68
2024/6/14,2024,6,14,5,3,10942,66
2024/6/14,2024,6,14,5,4,11037,66
2024/6/14,2024,6,14,5,5,11554,65
2024/6/14,2024,6,14,5,6,12604,65
2024/6/14,2024,6,14,5,7,13538,68
2024/6/14,2024,6,14,5,8,14193,70
2024/6/14,2024,6,14,5,9,14657,74
2024/6/14,2024,6,14,5,10,15282,76
2024/6/14,2024,6,14,5,11,15921,77
2024/6/14,2024,6,14,5,12,16355,77
2024/6/14,2024,6,14,5,13,16426,76
2024/6/14,2024,6,14,5,14,16286,75
2024/6/14,2024,6,14,5,15,16541,77
2024/6/14,2024,6,14,5,16,16870,75
2024/6/14,2024,6,14,5,17,16955,74
2024/6/14,2024,6,14,5,18,16653,74
2024/6/14,2024,6,14,5,19,16238,73
2024/6/14,2024,6,14,5,20,15866,71
2024/6/14,2024,6,14,5,21,15202,70
2024/6/14,2024,6,14,5,22,14188,69
2024/6/14,2024,6,14,5,23,13096,68
2024/6/14,2024,6,14,5,24,12200,67
2024/6/15,2024,6,15,6,1,11523,66
2024/6/15,2024,6,15,6,2,11074,65
2024/6/15,2024,6,15,6,3,10800,65
2024/6/15,2024,6,15,6,4,10656,65
2024/6/15,2024,6,15,6,5,10657,64
2024/6/15,2024,6,15,6,6,10906,63
2024/6/15,2024,6,15,6,7,11297,65
2024/6/15,2024,6,15,6,8,11653,67
2024/6/15,2024,6,15,6,9,11783,68
2024/6/15,2024,6,15,6,10,11739,70
2024/6/15,2024,6,15,6,11,11725,72
2024/6/15,2024,6,15,6,12,11677,73
2024/6/15,2024,6,15,6,13,11698,74
2024/6/15,2024,6,15,6,14,11915,75
2024/6/15,2024,6,15,6,15,12433,76
2024/6/15,2024,6,15,6,16,13203,75
2024/6/15,2024,6,15,6,17,14077,76
2024/6/15,2024,6,15,6,18,14503,75
2024/6/15,2024,6,15,6,19,14366,74
2024/6/15,2024,6,15,6,20,13934,71
2024/6/15,2024,6,15,6,21,13434,67
2024/6/15,2024,6,15,6,22,12495,65
2024/6/15,2024,6,15,6,23,11473,63
2024/6/15,2024,6,15,6,24,10652,61
2024/6/16,2024,6,16,7,1,10049,60
2024/6/16,2024,6,16,7,2,9650,57
2024/6/16,2024,6,16,7,3,9391,56
2024/6/16,2024,6,16,7,4,9299,55
2024/6/16,2024,6,16,7,5,9270,54
2024/6/16,2024,6,16,7,6,9434,54
2024/6/16,2024,6,16,7,7,9666,58
2024/6/16,2024,6,16,7,8,9853,61
2024/6/16,2024,6,16,7,9,9871,64
2024/6/16,2024,6,16,7,10,9874,66
2024/6/16,2024,6,16,7,11,9964,67
2024/6/16,2024,6,16,7,12,10127,68
2024/6/16,2024,6,16,7,13,10373,70
2024/6/16,2024,6,16,7,14,10802,70
2024/6/16,2024,6,16,7,15,11455,72
2024/6/16,2024,6,16,7,16,12468,72
2024/6/16,2024,6,16,7,17,13358,71
2024/6/16,2024,6,16,7,18,13731,72
2024/6/16,2024,6,16,7,19,13766,70
2024/6/16,2024,6,16,7,20,13746,68
2024/6/16,2024,6,16,7,21,13349,66
2024/6/16,2024,6,16,7,22,12313,64
2024/6/16,2024,6,16,7,23,11273,63
2024/6/16,2024,6,16,7,24,10568,62
2024/6/17,2024,6,17,1,1,10089,61
2024/6/17,2024,6,17,1,2,9816,60
2024/6/17,2024,6,17,1,3,9728,60
2024/6/17,2024,6,17,1,4,9946,59
2024/6/17,2024,6,17,1,5,10497,59
2024/6/17,2024,6,17,1,6,11506,59
2024/6/17,2024,6,17,1,7,12395,62
2024/6/17,2024,6,17,1,8,12838,65
2024/6/17,2024,6,17,1,9,13021,66
2024/6/17,2024,6,17,1,10,13328,71
2024/6/17,2024,6,17,1,11,13633,74
2024/6/17,2024,6,17,1,12,14210,77
2024/6/17,2024,6,17,1,13,14945,79
2024/6/17,2024,6,17,1,14,15618,80
2024/6/17,2024,6,17,1,15,16250,81
2024/6/17,2024,6,17,1,16,16864,80
2024/6/17,2024,6,17,1,17,17379,80
2024/6/17,2024,6,17,1,18,17573,79
2024/6/17,2024,6,17,1,19,17374,77
2024/6/17,2024,6,17,1,20,16974,75
2024/6/17,2024,6,17,1,21,16242,73
2024/6/17,2024,6,17,1,22,14987,72
2024/6/17,2024,6,17,1,23,13718,71
2024/6/17,2024,6,17,1,24,12745,70
2024/6/18,2024,6,18,2,1,12064,69
2024/6/18,2024,6,18,2,2,11609,69
2024/6/18,2024,6,18,2,3,11395,68
2024/6/18,2024,6,18,2,4,11520,68
2024/6/18,2024,6,18,2,5,12041,67
2024/6/18,2024,6,18,2,6,13122,68
2024/6/18,2024,6,18,2,7,14279,70
2024/6/18,2024,6,18,2,8,14972,73
2024/6/18,2024,6,18,2,9,15600,77
2024/6/18,2024,6,18,2,10,16475,80
2024/6/18,2024,6,18,2,11,17502,84
2024/6/18,2024,6,18,2,12,18475,86
2024/6/18,2024,6,18,2,13,19448,88
2024/6/18,2024,6,18,2,14,20290,89
2024/6/18,2024,6,18,2,15,21097,89
2024/6/18,2024,6,18,2,16,21900,89
2024/6/18,2024,6,18,2,17,22537,89
2024/6/18,2024,6,18,2,18,22498,88
2024/6/18,2024,6,18,2,19,21887,85
2024/6/18,2024,6,18,2,20,21090,83
2024/6/18,2024,6,18,2,21,20072,80
2024/6/18,2024,6,18,2,22,18377,78
2024/6/18,2024,6,18,2,23,16685,76
2024/6/18,2024,6,18,2,24,15362,75
2024/6/19,2024,6,19,3,1,14390,74
2024/6/19,2024,6,19,3,2,13746,73
2024/6/19,2024,6,19,3,3,13287,72
2024/6/19,2024,6,19,3,4,13189,71
2024/6/19,2024,6,19,3,5,13457,71
2024/6/19,2024,6,19,3,6,14291,71
2024/6/19,2024,6,19,3,7,15302,72
2024/6/19,2024,6,19,3,8,16167,75
2024/6/19,2024,6,19,3,9,16975,78
2024/6/19,2024,6,19,3,10,18055,82
2024/6/19,2024,6,19,3,11,19146,85
2024/6/19,2024,6,19,3,12,20154,87
2024/6/19,2024,6,19,3,13,21134,89
2024/6/19,2024,6,19,3,14,21957,91
2024/6/19,2024,6,19,3,15,22682,92
2024/6/19,2024,6,19,3,16,23272,92
2024/6/19,2024,6,19,3,17,23341,89
2024/6/19,2024,6,19,3,18,22723,86
2024/6/19,2024,6,19,3,19,22028,85
2024/6/19,2024,6,19,3,20,21321,82
2024/6/19,2024,6,19,3,21,20286,80
2024/6/19,2024,6,19,3,22,18576,79
2024/6/19,2024,6,19,3,23,16914,77
2024/6/19,2024,6,19,3,24,15676,76
2024/6/20,2024,6,20,4,1,14777,75
2024/6/20,2024,6,20,4,2,14137,75
2024/6/20,2024,6,20,4,3,13731,74
2024/6/20,2024,6,20,4,4,13692,73
2024/6/20,2024,6,20,4,5,14088,72
2024/6/20,2024,6,20,4,6,15122,72
2024/6/20,2024,6,20,4,7,16393,74
2024/6/20,2024,6,20,4,8,17482,77
2024/6/20,2024,6,20,4,9,18426,81
2024/6/20,2024,6,20,4,10,19450,84
2024/6/20,2024,6,20,4,11,20441,88
2024/6/20,2024,6,20,4,12,21299,90
2024/6/20,2024,6,20,4,13,22324,92
2024/6/20,2024,6,20,4,14,23154,93
2024/6/20,2024,6,20,4,15,23782,93
2024/6/20,2024,6,20,4,16,24166,91
2024/6/20,2024,6,20,4,17,23955,90
2024/6/20,2024,6,20,4,18,23737,89
2024/6/20,2024,6,20,4,19,23087,87
2024/6/20,2024,6,20,4,20,22149,85
2024/6/20,2024,6,20,4,21,20563,78
2024/6/20,2024,6,20,4,22,18752,74
2024/6/20,2024,6,20,4,23,17109,74
2024/6/20,2024,6,20,4,24,15851,73
2024/6/21,2024,6,21,5,1,14928,74
2024/6/21,2024,6,21,5,2,14275,72
2024/6/21,2024,6,21,5,3,13864,72
2024/6/21,2024,6,21,5,4,13821,71
2024/6/21,2024,6,21,5,5,14109,71
2024/6/21,2024,6,21,5,6,15094,71
2024/6/21,2024,6,21,5,7,16282,73
2024/6/21,2024,6,21,5,8,17219,76
2024/6/21,2024,6,21,5,9,17932,79
2024/6/21,2024,6,21,5,10,18624,81
2024/6/21,2024,6,21,5,11,19200,82
2024/6/21,2024,6,21,5,12,19627,83
2024/6/21,2024,6,21,5,13,19985,84
2024/6/21,2024,6,21,5,14,20285,83
2024/6/21,2024,6,21,5,15,20569,83
2024/6/21,2024,6,21,5,16,20583,80
2024/6/21,2024,6,21,5,17,20150,76
2024/6/21,2024,6,21,5,18,19145,74
2024/6/21,2024,6,21,5,19,18257,71
2024/6/21,2024,6,21,5,20,17591,70
2024/6/21,2024,6,21,5,21,16847,69
2024/6/21,2024,6,21,5,22,15730,68
2024/6/21,2024,6,21,5,23,14522,68
2024/6/21,2024,6,21,5,24,13548,68
2024/6/22,2024,6,22,6,1,12848,68
2024/6/22,2024,6,22,6,2,12400,68
2024/6/22,2024,6,22,6,3,12122,68
2024/6/22,2024,6,22,6,4,12058,68
2024/6/22,2024,6,22,6,5,12118,68
2024/6/22,2024,6,22,6,6,12506,68
2024/6/22,2024,6,22,6,7,13106,68
2024/6/22,2024,6,22,6,8,13856,69
2024/6/22,2024,6,22,6,9,14477,69
2024/6/22,2024,6,22,6,10,14925,70
2024/6/22,2024,6,22,6,11,15398,71
2024/6/22,2024,6,22,6,12,15799,72
2024/6/22,2024,6,22,6,13,16005,73
2024/6/22,2024,6,22,6,14,16277,73
2024/6/22,2024,6,22,6,15,16314,73
2024/6/22,2024,6,22,6,16,16197,68
2024/6/22,2024,6,22,6,17,16055,68
2024/6/22,2024,6,22,6,18,15672,68
2024/6/22,2024,6,22,6,19,15335,68
2024/6/22,2024,6,22,6,20,15139,68
2024/6/22,2024,6,22,6,21,14650,67
2024/6/22,2024,6,22,6,22,13819,66
2024/6/22,2024,6,22,6,23,12858,66
2024/6/22,2024,6,22,6,24,12109,65
2024/6/23,2024,6,23,7,1,11544,65
2024/6/23,2024,6,23,7,2,11164,64
2024/6/23,2024,6,23,7,3,10933,65
2024/6/23,2024,6,23,7,4,10853,65
2024/6/23,2024,6,23,7,5,10907,65
2024/6/23,2024,6,23,7,6,11244,65
2024/6/23,2024,6,23,7,7,11854,66
2024/6/23,2024,6,23,7,8,12716,66
2024/6/23,2024,6,23,7,9,13462,67
2024/6/23,2024,6,23,7,10,13988,69
2024/6/23,2024,6,23,7,11,14586,74
2024/6/23,2024,6,23,7,12,15390,77
2024/6/23,2024,6,23,7,13,16102,80
2024/6/23,2024,6,23,7,14,16882,83
2024/6/23,2024,6,23,7,15,17925,84
2024/6/23,2024,6,23,7,16,18792,83
2024/6/23,2024,6,23,7,17,19333,83
2024/6/23,2024,6,23,7,18,19189,81
2024/6/23,2024,6,23,7,19,18783,78
2024/6/23,2024,6,23,7,20,18297,77
2024/6/23,2024,6,23,7,21,17539,77
2024/6/23,2024,6,23,7,22,16297,75
2024/6/23,2024,6,23,7,23,15004,74
2024/6/23,2024,6,23,7,24,14077,73
2024/6/24,2024,6,24,1,1,13430,73
2024/6/24,2024,6,24,1,2,13004,73
2024/6/24,2024,6,24,1,3,12786,73
2024/6/24,2024,6,24,1,4,12891,73
2024/6/24,2024,6,24,1,5,13466,72
2024/6/24,2024,6,24,1,6,14556,72
2024/6/24,2024,6,24,1,7,15589,74
2024/6/24,2024,6,24,1,8,15999,75
2024/6/24,2024,6,24,1,9,16103,76
2024/6/24,2024,6,24,1,10,16412,77
2024/6/24,2024,6,24,1,11,16806,78
2024/6/24,2024,6,24,1,12,17106,77
2024/6/24,2024,6,24,1,13,17255,78
2024/6/24,2024,6,24,1,14,17309,77
2024/6/24,2024,6,24,1,15,17475,78
2024/6/24,2024,6,24,1,16,17665,76
2024/6/24,2024,6,24,1,17,17909,76
2024/6/24,2024,6,24,1,18,17773,74
2024/6/24,2024,6,24,1,19,17257,72
2024/6/24,2024,6,24,1,20,16673,70
2024/6/24,2024,6,24,1,21,15921,69
2024/6/24,2024,6,24,1,22,14652,67
2024/6/24,2024,6,24,1,23,13330,67
2024/6/24,2024,6,24,1,24,12361,66
2024/6/25,2024,6,25,2,1,11683,66
2024/6/25,2024,6,25,2,2,11254,65
2024/6/25,2024,6,25,2,3,10998,64
2024/6/25,2024,6,25,2,4,11066,64
2024/6/25,2024,6,25,2,5,11513,63
2024/6/25,2024,6,25,2,6,12557,64
2024/6/25,2024,6,25,2,7,13471,67
2024/6/25,2024,6,25,2,8,13950,71
2024/6/25,2024,6,25,2,9,14278,75
2024/6/25,2024,6,25,2,10,14782,78
2024/6/25,2024,6,25,2,11,15477,82
2024/6/25,2024,6,25,2,12,16193,84
2024/6/25,2024,6,25,2,13,17117,86
2024/6/25,2024,6,25,2,14,17935,87
2024/6/25,2024,6,25,2,15,18771,87
2024/6/25,2024,6,25,2,16,19703,87
2024/6/25,2024,6,25,2,17,20386,87
2024/6/25,2024,6,25,2,18,20355,85
2024/6/25,2024,6,25,2,19,19808,84
2024/6/25,2024,6,25,2,20,19032,81
2024/6/25,2024,6,25,2,21,18075,77
2024/6/25,2024,6,25,2,22,16582,76
2024/6/25,2024,6,25,2,23,15053,75
2024/6/25,2024,6,25,2,24,13937,73
2024/6/26,2024,6,26,3,1,13128,72
2024/6/26,2024,6,26,3,2,12589,72
2024/6/26,2024,6,26,3,3,12287,72
2024/6/26,2024,6,26,3,4,12327,72
2024/6/26,2024,6,26,3,5,12763,71
2024/6/26,2024,6,26,3,6,13775,71
2024/6/26,2024,6,26,3,7,14848,72
2024/6/26,2024,6,26,3,8,15594,75
2024/6/26,2024,6,26,3,9,16126,77
2024/6/26,2024,6,26,3,10,16795,79
2024/6/26,2024,6,26,3,11,17712,81
2024/6/26,2024,6,26,3,12,18384,84
2024/6/26,2024,6,26,3,13,19386,86
2024/6/26,2024,6,26,3,14,20233,88
2024/6/26,2024,6,26,3,15,20765,88
2024/6/26,2024,6,26,3,16,21330,87
2024/6/26,2024,6,26,3,17,21746,87
2024/6/26,2024,6,26,3,18,21602,85
2024/6/26,2024,6,26,3,19,20907,82
2024/6/26,2024,6,26,3,20,20085,78
2024/6/26,2024,6,26,3,21,18835,75
2024/6/26,2024,6,26,3,22,16982,73
2024/6/26,2024,6,26,3,23,15340,70
2024/6/26,2024,6,26,3,24,13970,69
2024/6/27,2024,6,27,4,1,13223,68
2024/6/27,2024,6,27,4,2,12696,67
2024/6/27,2024,6,27,4,3,12433,67
2024/6/27,2024,6,27,4,4,12483,67
2024/6/27,2024,6,27,4,5,12896,66
2024/6/27,2024,6,27,4,6,13752,66
2024/6/27,2024,6,27,4,7,14426,66
2024/6/27,2024,6,27,4,8,14774,68
2024/6/27,2024,6,27,4,9,14880,70
2024/6/27,2024,6,27,4,10,15163,73
2024/6/27,2024,6,27,4,11,15595,76
2024/6/27,2024,6,27,4,12,16158,77
2024/6/27,2024,6,27,4,13,16746,80
2024/6/27,2024,6,27,4,14,17125,80
2024/6/27,2024,6,27,4,15,17625,81
2024/6/27,2024,6,27,4,16,18333,82
2024/6/27,2024,6,27,4,17,18892,81
2024/6/27,2024,6,27,4,18,18852,80
2024/6/27,2024,6,27,4,19,18255,77
2024/6/27,2024,6,27,4,20,17320,74
2024/6/27,2024,6,27,4,21,16250,71
2024/6/27,2024,6,27,4,22,14756,68
2024/6/27,2024,6,27,4,23,13309,66
2024/6/27,2024,6,27,4,24,12089,63
2024/6/28,2024,6,28,5,1,11285,62
2024/6/28,2024,6,28,5,2,10781,60
2024/6/28,2024,6,28,5,3,10471,59
2024/6/28,2024,6,28,5,4,10464,57
2024/6/28,2024,6,28,5,5,10784,56
2024/6/28,2024,6,28,5,6,11548,56
2024/6/28,2024,6,28,5,7,12078,59
2024/6/28,2024,6,28,5,8,12144,61
2024/6/28,2024,6,28,5,9,11942,64
2024/6/28,2024,6,28,5,10,11899,66
2024/6/28,2024,6,28,5,11,11958,68
2024/6/28,2024,6,28,5,12,12056,71
2024/6/28,2024,6,28,5,13,12370,72
2024/6/28,2024,6,28,5,14,12743,72
2024/6/28,2024,6,28,5,15,13363,73
2024/6/28,2024,6,28,5,16,14233,74
2024/6/28,2024,6,28,5,17,15077,74
2024/6/28,2024,6,28,5,18,15427,73
2024/6/28,2024,6,28,5,19,15123,72
2024/6/28,2024,6,28,5,20,14595,69
2024/6/28,2024,6,28,5,21,14015,66
2024/6/28,2024,6,28,5,22,13055,64
2024/6/28,2024,6,28,5,23,12028,64
2024/6/28,2024,6,28,5,24,11209,63
2024/6/29,2024,6,29,6,1,10645,63
2024/6/29,2024,6,29,6,2,10305,62
2024/6/29,2024,6,29,6,3,10129,62
2024/6/29,2024,6,29,6,4,10127,62
2024/6/29,2024,6,29,6,5,10246,62
2024/6/29,2024,6,29,6,6,10566,62
2024/6/29,2024,6,29,6,7,11155,63
2024/6/29,2024,6,29,6,8,11881,64
2024/6/29,2024,6,29,6,9,12374,65
2024/6/29,2024,6,29,6,10,12761,66
2024/6/29,2024,6,29,6,11,12921,66
2024/6/29,2024,6,29,6,12,13003,67
2024/6/29,2024,6,29,6,13,12827,68
2024/6/29,2024,6,29,6,14,12803,70
2024/6/29,2024,6,29,6,15,13140,71
2024/6/29,2024,6,29,6,16,13721,72
2024/6/29,2024,6,29,6,17,14206,73
2024/6/29,2024,6,29,6,18,14455,72
2024/6/29,2024,6,29,6,19,14424,71
2024/6/29,2024,6,29,6,20,14462,71
2024/6/29,2024,6,29,6,21,14243,71
2024/6/29,2024,6,29,6,22,13684,72
2024/6/29,2024,6,29,6,23,13031,72
2024/6/29,2024,6,29,6,24,12506,73
2024/6/30,2024,6,30,7,1,12092,73
2024/6/30,2024,6,30,7,2,11794,73
2024/6/30,2024,6,30,7,3,11638,73
2024/6/30,2024,6,30,7,4,11635,73
2024/6/30,2024,6,30,7,5,11774,73
2024/6/30,2024,6,30,7,6,12099,74
2024/6/30,2024,6,30,7,7,12755,75
2024/6/30,2024,6,30,7,8,13702,77
2024/6/30,2024,6,30,7,9,14719,80
2024/6/30,2024,6,30,7,10,15659,82
2024/6/30,2024,6,30,7,11,16689,84
2024/6/30,2024,6,30,7,12,17644,85
2024/6/30,2024,6,30,7,13,18509,86
2024/6/30,2024,6,30,7,14,18881,81
2024/6/30,2024,6,30,7,15,18623,78
2024/6/30,2024,6,30,7,16,18165,76
2024/6/30,2024,6,30,7,17,18026,75
2024/6/30,2024,6,30,7,18,17646,74
2024/6/30,2024,6,30,7,19,17172,73
2024/6/30,2024,6,30,7,20,16807,73
2024/6/30,2024,6,30,7,21,16298,72
2024/6/30,2024,6,30,7,22,15133,72
2024/6/30,2024,6,30,7,23,13916,71
2024/6/30,2024,6,30,7,24,12886,70
2024/7/1,2024,7,1,1,1,12172,69
2024/7/1,2024,7,1,1,2,11653,68
2024/7/1,2024,7,1,1,3,11367,66
2024/7/1,2024,7,1,1,4,11380,65
2024/7/1,2024,7,1,1,5,11783,64
2024/7/1,2024,7,1,1,6,12664,65
2024/7/1,2024,7,1,1,7,13487,67
2024/7/1,2024,7,1,1,8,13881,69
2024/7/1,2024,7,1,1,9,14008,72
2024/7/1,2024,7,1,1,10,14260,74
2024/7/1,2024,7,1,1,11,14641,76
2024/7/1,2024,7,1,1,12,14945,77
2024/7/1,2024,7,1,1,13,15165,76
2024/7/1,2024,7,1,1,14,15308,76
2024/7/1,2024,7,1,1,15,15570,76
2024/7/1,2024,7,1,1,16,16081,77
2024/7/1,2024,7,1,1,17,16804,78
2024/7/1,2024,7,1,1,18,17200,77
2024/7/1,2024,7,1,1,19,16969,76
2024/7/1,2024,7,1,1,20,16426,74
2024/7/1,2024,7,1,1,21,15751,71
2024/7/1,2024,7,1,1,22,14431,69
2024/7/1,2024,7,1,1,23,13104,69
2024/7/1,2024,7,1,1,24,12038,67
2024/7/2,2024,7,2,2,1,11329,66
2024/7/2,2024,7,2,2,2,10833,64
2024/7/2,2024,7,2,2,3,10589,64
2024/7/2,2024,7,2,2,4,10620,63
2024/7/2,2024,7,2,2,5,10985,61
2024/7/2,2024,7,2,2,6,11854,61
2024/7/2,2024,7,2,2,7,12629,65
2024/7/2,2024,7,2,2,8,13025,68
2024/7/2,2024,7,2,2,9,13205,72
2024/7/2,2024,7,2,2,10,13504,75
2024/7/2,2024,7,2,2,11,13893,77
2024/7/2,2024,7,2,2,12,14331,79
2024/7/2,2024,7,2,2,13,14952,79
2024/7/2,2024,7,2,2,14,15602,81
2024/7/2,2024,7,2,2,15,16366,80
2024/7/2,2024,7,2,2,16,17281,81
2024/7/2,2024,7,2,2,17,18019,82
2024/7/2,2024,7,2,2,18,18174,81
2024/7/2,2024,7,2,2,19,17745,79
2024/7/2,2024,7,2,2,20,16959,75
2024/7/2,2024,7,2,2,21,16060,73
2024/7/2,2024,7,2,2,22,14721,71
2024/7/2,2024,7,2,2,23,13327,69
2024/7/2,2024,7,2,2,24,12249,67
2024/7/3,2024,7,3,3,1,11504,65
2024/7/3,2024,7,3,3,2,10999,64
2024/7/3,2024,7,3,3,3,10757,64
2024/7/3,2024,7,3,3,4,10790,63
2024/7/3,2024,7,3,3,5,11148,63
2024/7/3,2024,7,3,3,6,12032,62
2024/7/3,2024,7,3,3,7,12901,67
2024/7/3,2024,7,3,3,8,13486,71
2024/7/3,2024,7,3,3,9,13849,74
2024/7/3,2024,7,3,3,10,14162,76
2024/7/3,2024,7,3,3,11,14633,78
2024/7/3,2024,7,3,3,12,15082,79
2024/7/3,2024,7,3,3,13,15592,80
2024/7/3,2024,7,3,3,14,15994,81
2024/7/3,2024,7,3,3,15,16576,82
2024/7/3,2024,7,3,3,16,17378,81
2024/7/3,2024,7,3,3,17,17813,80
2024/7/3,2024,7,3,3,18,17706,80
2024/7/3,2024,7,3,3,19,17209,78
2024/7/3,2024,7,3,3,20,16452,74
2024/7/3,2024,7,3,3,21,15676,71
2024/7/3,2024,7,3,3,22,14520,69
2024/7/3,2024,7,3,3,23,13320,69
2024/7/3,2024,7,3,3,24,12315,67
2024/7/4,2024,7,4,4,1,11612,66
2024/7/4,2024,7,4,4,2,11158,66
2024/7/4,2024,7,4,4,3,10926,65
2024/7/4,2024,7,4,4,4,10891,65
2024/7/4,2024,7,4,4,5,11014,66
2024/7/4,2024,7,4,4,6,11370,67
2024/7/4,2024,7,4,4,7,11842,67
2024/7/4,2024,7,4,4,8,12306,71
2024/7/4,2024,7,4,4,9,12586,71
2024/7/4,2024,7,4,4,10,12923,74
2024/7/4,2024,7,4,4,11,13799,77
2024/7/4,2024,7,4,4,12,14593,79
2024/7/4,2024,7,4,4,13,15277,80
2024/7/4,2024,7,4,4,14,15828,81
2024/7/4,2024,7,4,4,15,16373,79
2024/7/4,2024,7,4,4,16,16658,79
2024/7/4,2024,7,4,4,17,17079,79
2024/7/4,2024,7,4,4,18,16984,78
2024/7/4,2024,7,4,4,19,16698,77
2024/7/4,2024,7,4,4,20,16445,75
2024/7/4,2024,7,4,4,21,15978,74
2024/7/4,2024,7,4,4,22,15314,73
2024/7/4,2024,7,4,4,23,14383,73
2024/7/4,2024,7,4,4,24,13531,72
2024/7/5,2024,7,5,5,1,12883,72
2024/7/5,2024,7,5,5,2,12481,71
2024/7/5,2024,7,5,5,3,12284,71
2024/7/5,2024,7,5,5,4,12351,71
2024/7/5,2024,7,5,5,5,12737,71
2024/7/5,2024,7,5,5,6,13421,71
2024/7/5,2024,7,5,5,7,14174,71
2024/7/5,2024,7,5,5,8,14935,72
2024/7/5,2024,7,5,5,9,15565,73
2024/7/5,2024,7,5,5,10,16192,75
2024/7/5,2024,7,5,5,11,16613,75
2024/7/5,2024,7,5,5,12,16996,78
2024/7/5,2024,7,5,5,13,17631,81
2024/7/5,2024,7,5,5,14,18429,82
2024/7/5,2024,7,5,5,15,19241,83
2024/7/5,2024,7,5,5,16,19944,83
2024/7/5,2024,7,5,5,17,20296,82
2024/7/5,2024,7,5,5,18,19972,81
2024/7/5,2024,7,5,5,19,19442,79
2024/7/5,2024,7,5,5,20,18943,78
2024/7/5,2024,7,5,5,21,18197,77
2024/7/5,2024,7,5,5,22,17071,76
2024/7/5,2024,7,5,5,23,15861,75
2024/7/5,2024,7,5,5,24,14893,75
2024/7/6,2024,7,6,6,1,14164,74
2024/7/6,2024,7,6,6,2,13685,74
2024/7/6,2024,7,6,6,3,13386,74
2024/7/6,2024,7,6,6,4,13287,74
2024/7/6,2024,7,6,6,5,13406,74
2024/7/6,2024,7,6,6,6,13771,74
2024/7/6,2024,7,6,6,7,14460,74
2024/7/6,2024,7,6,6,8,15234,75
2024/7/6,2024,7,6,6,9,15848,75
2024/7/6,2024,7,6,6,10,16154,76
2024/7/6,2024,7,6,6,11,16589,78
2024/7/6,2024,7,6,6,12,17009,78
2024/7/6,2024,7,6,6,13,17514,81
2024/7/6,2024,7,6,6,14,17970,81
2024/7/6,2024,7,6,6,15,18349,82
2024/7/6,2024,7,6,6,16,18906,83
2024/7/6,2024,7,6,6,17,19487,83
2024/7/6,2024,7,6,6,18,19582,81
2024/7/6,2024,7,6,6,19,19276,81
2024/7/6,2024,7,6,6,20,18927,79
2024/7/6,2024,7,6,6,21,18375,77
2024/7/6,2024,7,6,6,22,17338,77
2024/7/6,2024,7,6,6,23,16138,76
2024/7/6,2024,7,6,6,24,15109,75
2024/7/7,2024,7,7,7,1,14277,75
2024/7/7,2024,7,7,7,2,13726,74
2024/7/7,2024,7,7,7,3,13336,74
2024/7/7,2024,7,7,7,4,13144,74
2024/7/7,2024,7,7,7,5,13032,73
2024/7/7,2024,7,7,7,6,13193,73
2024/7/7,2024,7,7,7,7,13700,75
2024/7/7,2024,7,7,7,8,14464,77
2024/7/7,2024,7,7,7,9,15262,79
2024/7/7,2024,7,7,7,10,16157,81
2024/7/7,2024,7,7,7,11,17086,83
2024/7/7,2024,7,7,7,12,17823,85
2024/7/7,2024,7,7,7,13,18350,86
2024/7/7,2024,7,7,7,14,18981,87
2024/7/7,2024,7,7,7,15,19682,86
2024/7/7,2024,7,7,7,16,20695,87
2024/7/7,2024,7,7,7,17,21632,86
2024/7/7,2024,7,7,7,18,21907,86
2024/7/7,2024,7,7,7,19,21604,84
2024/7/7,2024,7,7,7,20,20923,83
2024/7/7,2024,7,7,7,21,19998,78
2024/7/7,2024,7,7,7,22,18373,77
2024/7/7,2024,7,7,7,23,16717,76
2024/7/7,2024,7,7,7,24,15458,74
2024/7/8,2024,7,8,1,1,14548,73
2024/7/8,2024,7,8,1,2,13958,72
2024/7/8,2024,7,8,1,3,13599,72
2024/7/8,2024,7,8,1,4,13587,71
2024/7/8,2024,7,8,1,5,14012,72
2024/7/8,2024,7,8,1,6,15089,71
2024/7/8,2024,7,8,1,7,16351,74
2024/7/8,2024,7,8,1,8,17232,77
2024/7/8,2024,7,8,1,9,18009,81
2024/7/8,2024,7,8,1,10,18850,83
2024/7/8,2024,7,8,1,11,19730,85
2024/7/8,2024,7,8,1,12,20485,86
2024/7/8,2024,7,8,1,13,21298,87
2024/7/8,2024,7,8,1,14,21915,86
2024/7/8,2024,7,8,1,15,22506,86
2024/7/8,2024,7,8,1,16,23182,87
2024/7/8,2024,7,8,1,17,23593,87
2024/7/8,2024,7,8,1,18,23735,87
2024/7/8,2024,7,8,1,19,23177,86
2024/7/8,2024,7,8,1,20,22465,83
2024/7/8,2024,7,8,1,21,21335,80
2024/7/8,2024,7,8,1,22,19564,78
2024/7/8,2024,7,8,1,23,17837,77
2024/7/8,2024,7,8,1,24,16602,76
2024/7/9,2024,7,9,2,1,15635,76
2024/7/9,2024,7,9,2,2,14987,75
2024/7/9,2024,7,9,2,3,14586,74
2024/7/9,2024,7,9,2,4,14552,73
2024/7/9,2024,7,9,2,5,14998,72
2024/7/9,2024,7,9,2,6,15984,72
2024/7/9,2024,7,9,2,7,17124,74
2024/7/9,2024,7,9,2,8,18050,77
2024/7/9,2024,7,9,2,9,18904,80
2024/7/9,2024,7,9,2,10,19917,81
2024/7/9,2024,7,9,2,11,20680,81
2024/7/9,2024,7,9,2,12,20806,83
2024/7/9,2024,7,9,2,13,21365,85
2024/7/9,2024,7,9,2,14,22187,87
2024/7/9,2024,7,9,2,15,22918,89
2024/7/9,2024,7,9,2,16,23499,89
2024/7/9,2024,7,9,2,17,23728,88
2024/7/9,2024,7,9,2,18,23323,85
2024/7/9,2024,7,9,2,19,22744,84
2024/7/9,2024,7,9,2,20,22292,81
2024/7/9,2024,7,9,2,21,21195,79
2024/7/9,2024,7,9,2,22,19540,77
2024/7/9,2024,7,9,2,23,17955,77
2024/7/9,2024,7,9,2,24,16808,76
2024/7/10,2024,7,10,3,1,15973,75
2024/7/10,2024,7,10,3,2,15396,76
2024/7/10,2024,7,10,3,3,15069,75
2024/7/10,2024,7,10,3,4,15107,75
2024/7/10,2024,7,10,3,5,15605,74
2024/7/10,2024,7,10,3,6,16684,75
2024/7/10,2024,7,10,3,7,17837,76
2024/7/10,2024,7,10,3,8,18753,77
2024/7/10,2024,7,10,3,9,19488,79
2024/7/10,2024,7,10,3,10,20322,81
2024/7/10,2024,7,10,3,11,21300,84
2024/7/10,2024,7,10,3,12,22104,86
2024/7/10,2024,7,10,3,13,22691,87
2024/7/10,2024,7,10,3,14,23020,87
2024/7/10,2024,7,10,3,15,23409,87
2024/7/10,2024,7,10,3,16,23676,85
2024/7/10,2024,7,10,3,17,23531,85
2024/7/10,2024,7,10,3,18,23138,83
2024/7/10,2024,7,10,3,19,22581,81
2024/7/10,2024,7,10,3,20,21942,80
2024/7/10,2024,7,10,3,21,20877,78
2024/7/10,2024,7,10,3,22,19273,77
2024/7/10,2024,7,10,3,23,17760,77
2024/7/10,2024,7,10,3,24,16645,76
2024/7/11,2024,7,11,4,1,15927,76
2024/7/11,2024,7,11,4,2,15495,77
2024/7/11,2024,7,11,4,3,15252,76
2024/7/11,2024,7,11,4,4,15380,76
2024/7/11,2024,7,11,4,5,15994,75
2024/7/11,2024,7,11,4,6,17112,76
2024/7/11,2024,7,11,4,7,18230,76
2024/7/11,2024,7,11,4,8,18925,76
2024/7/11,2024,7,11,4,9,19252,77
2024/7/11,2024,7,11,4,10,19625,78
2024/7/11,2024,7,11,4,11,20024,81
2024/7/11,2024,7,11,4,12,20470,83
2024/7/11,2024,7,11,4,13,21134,86
2024/7/11,2024,7,11,4,14,21865,87
2024/7/11,2024,7,11,4,15,22500,88
2024/7/11,2024,7,11,4,16,23062,87
2024/7/11,2024,7,11,4,17,23175,87
2024/7/11,2024,7,11,4,18,22987,86
2024/7/11,2024,7,11,4,19,22429,84
2024/7/11,2024,7,11,4,20,21654,81
2024/7/11,2024,7,11,4,21,20641,79
2024/7/11,2024,7,11,4,22,18923,78
2024/7/11,2024,7,11,4,23,17241,77
2024/7/11,2024,7,11,4,24,15977,75
2024/7/12,2024,7,12,5,1,15005,74
2024/7/12,2024,7,12,5,2,14359,73
2024/7/12,2024,7,12,5,3,13969,72
2024/7/12,2024,7,12,5,4,13932,71
2024/7/12,2024,7,12,5,5,14308,70
2024/7/12,2024,7,12,5,6,15353,71
2024/7/12,2024,7,12,5,7,16571,73
2024/7/12,2024,7,12,5,8,17504,77
2024/7/12,2024,7,12,5,9,18026,79
2024/7/12,2024,7,12,5,10,18685,82
2024/7/12,2024,7,12,5,11,19590,82
2024/7/12,2024,7,12,5,12,20266,83
2024/7/12,2024,7,12,5,13,20608,84
2024/7/12,2024,7,12,5,14,20696,82
2024/7/12,2024,7,12,5,15,20968,83
2024/7/12,2024,7,12,5,16,21518,83
2024/7/12,2024,7,12,5,17,21836,83
2024/7/12,2024,7,12,5,18,21803,84
2024/7/12,2024,7,12,5,19,21438,82
2024/7/12,2024,7,12,5,20,20842,80
2024/7/12,2024,7,12,5,21,20096,79
2024/7/12,2024,7,12,5,22,18756,78
2024/7/12,2024,7,12,5,23,17418,77
2024/7/12,2024,7,12,5,24,16300,77
2024/7/13,2024,7,13,6,1,15467,77
2024/7/13,2024,7,13,6,2,14858,76
2024/7/13,2024,7,13,6,3,14486,76
2024/7/13,2024,7,13,6,4,14321,75
2024/7/13,2024,7,13,6,5,14364,74
2024/7/13,2024,7,13,6,6,14654,74
2024/7/13,2024,7,13,6,7,15216,75
2024/7/13,2024,7,13,6,8,15975,75
2024/7/13,2024,7,13,6,9,16600,76
2024/7/13,2024,7,13,6,10,17066,76
2024/7/13,2024,7,13,6,11,17275,77
2024/7/13,2024,7,13,6,12,17539,78
2024/7/13,2024,7,13,6,13,18016,80
2024/7/13,2024,7,13,6,14,18206,81
2024/7/13,2024,7,13,6,15,18800,81
2024/7/13,2024,7,13,6,16,19617,83
2024/7/13,2024,7,13,6,17,20318,83
2024/7/13,2024,7,13,6,18,20457,83
2024/7/13,2024,7,13,6,19,20092,81
2024/7/13,2024,7,13,6,20,19517,80
2024/7/13,2024,7,13,6,21,18827,78
2024/7/13,2024,7,13,6,22,17608,76
2024/7/13,2024,7,13,6,23,16329,75
2024/7/13,2024,7,13,6,24,15198,74
2024/7/14,2024,7,14,7,1,14324,73
2024/7/14,2024,7,14,7,2,13693,73
2024/7/14,2024,7,14,7,3,13261,72
2024/7/14,2024,7,14,7,4,12982,71
2024/7/14,2024,7,14,7,5,12825,70
2024/7/14,2024,7,14,7,6,12999,70
2024/7/14,2024,7,14,7,7,13618,72
2024/7/14,2024,7,14,7,8,14444,77
2024/7/14,2024,7,14,7,9,15267,78
2024/7/14,2024,7,14,7,10,16065,80
2024/7/14,2024,7,14,7,11,16914,83
2024/7/14,2024,7,14,7,12,17710,84
2024/7/14,2024,7,14,7,13,18397,86
2024/7/14,2024,7,14,7,14,19116,86
2024/7/14,2024,7,14,7,15,20019,87
2024/7/14,2024,7,14,7,16,20997,87
2024/7/14,2024,7,14,7,17,21871,87
2024/7/14,2024,7,14,7,18,22100,86
2024/7/14,2024,7,14,7,19,21618,84
2024/7/14,2024,7,14,7,20,20860,81
2024/7/14,2024,7,14,7,21,19830,81
2024/7/14,2024,7,14,7,22,18276,79
2024/7/14,2024,7,14,7,23,16734,77
2024/7/14,2024,7,14,7,24,15330,75
2024/7/15,2024,7,15,1,1,14517,74
2024/7/15,2024,7,15,1,2,13942,73
2024/7/15,2024,7,15,1,3,13626,72
2024/7/15,2024,7,15,1,4,13709,71
2024/7/15,2024,7,15,1,5,14272,72
2024/7/15,2024,7,15,1,6,15368,73
2024/7/15,2024,7,15,1,7,16594,74
2024/7/15,2024,7,15,1,8,17543,76
2024/7/15,2024,7,15,1,9,18239,80
2024/7/15,2024,7,15,1,10,19341,83
2024/7/15,2024,7,15,1,11,20534,86
2024/7/15,2024,7,15,1,12,21572,88
2024/7/15,2024,7,15,1,13,22428,89
2024/7/15,2024,7,15,1,14,23105,91
2024/7/15,2024,7,15,1,15,23670,89
2024/7/15,2024,7,15,1,16,23953,87
2024/7/15,2024,7,15,1,17,23490,86
2024/7/15,2024,7,15,1,18,23342,84
2024/7/15,2024,7,15,1,19,22975,82
2024/7/15,2024,7,15,1,20,22551,81
2024/7/15,2024,7,15,1,21,21486,79
2024/7/15,2024,7,15,1,22,19834,79
2024/7/15,2024,7,15,1,23,18206,78
2024/7/15,2024,7,15,1,24,17226,77
2024/7/16,2024,7,16,2,1,16252,77
2024/7/16,2024,7,16,2,2,15587,75
2024/7/16,2024,7,16,2,3,15212,74
2024/7/16,2024,7,16,2,4,15166,73
2024/7/16,2024,7,16,2,5,15580,73
2024/7/16,2024,7,16,2,6,16590,73
2024/7/16,2024,7,16,2,7,17783,74
2024/7/16,2024,7,16,2,8,18533,77
2024/7/16,2024,7,16,2,9,19078,80
2024/7/16,2024,7,16,2,10,19773,82
2024/7/16,2024,7,16,2,11,20584,84
2024/7/16,2024,7,16,2,12,21349,86
2024/7/16,2024,7,16,2,13,22230,89
2024/7/16,2024,7,16,2,14,23058,90
2024/7/16,2024,7,16,2,15,23840,92
2024/7/16,2024,7,16,2,16,24665,92
2024/7/16,2024,7,16,2,17,24871,91
2024/7/16,2024,7,16,2,18,24684,89
2024/7/16,2024,7,16,2,19,23936,86
2024/7/16,2024,7,16,2,20,23219,83
2024/7/16,2024,7,16,2,21,21805,80
2024/7/16,2024,7,16,2,22,20025,78
2024/7/16,2024,7,16,2,23,18390,78
2024/7/16,2024,7,16,2,24,17157,78
2024/7/17,2024,7,17,3,1,16217,77
2024/7/17,2024,7,17,3,2,15521,77
2024/7/17,2024,7,17,3,3,15055,76
2024/7/17,2024,7,17,3,4,14940,74
2024/7/17,2024,7,17,3,5,15240,73
2024/7/17,2024,7,17,3,6,16210,72
2024/7/17,2024,7,17,3,7,17400,74
2024/7/17,2024,7,17,3,8,18281,78
2024/7/17,2024,7,17,3,9,18948,80
2024/7/17,2024,7,17,3,10,19731,82
2024/7/17,2024,7,17,3,11,20492,83
2024/7/17,2024,7,17,3,12,21045,85
2024/7/17,2024,7,17,3,13,21655,86
2024/7/17,2024,7,17,3,14,22333,88
2024/7/17,2024,7,17,3,15,23152,88
2024/7/17,2024,7,17,3,16,23942,88
2024/7/17,2024,7,17,3,17,23767,86
2024/7/17,2024,7,17,3,18,23030,82
2024/7/17,2024,7,17,3,19,22241,76
2024/7/17,2024,7,17,3,20,21523,76
2024/7/17,2024,7,17,3,21,20424,76
2024/7/17,2024,7,17,3,22,18855,75
2024/7/17,2024,7,17,3,23,17347,74
2024/7/17,2024,7,17,3,24,16178,74
2024/7/18,2024,7,18,4,1,15335,74
2024/7/18,2024,7,18,4,2,14789,73
2024/7/18,2024,7,18,4,3,14520,73
2024/7/18,2024,7,18,4,4,14610,72
2024/7/18,2024,7,18,4,5,15166,72
2024/7/18,2024,7,18,4,6,16182,73
2024/7/18,2024,7,18,4,7,17037,73
2024/7/18,2024,7,18,4,8,17598,74
2024/7/18,2024,7,18,4,9,17869,76
2024/7/18,2024,7,18,4,10,18218,77
2024/7/18,2024,7,18,4,11,18477,79
2024/7/18,2024,7,18,4,12,18952,82
2024/7/18,2024,7,18,4,13,19308,83
2024/7/18,2024,7,18,4,14,19815,85
2024/7/18,2024,7,18,4,15,20531,86
2024/7/18,2024,7,18,4,16,21103,85
2024/7/18,2024,7,18,4,17,21269,84
2024/7/18,2024,7,18,4,18,20980,82
2024/7/18,2024,7,18,4,19,20342,80
2024/7/18,2024,7,18,4,20,19641,78
2024/7/18,2024,7,18,4,21,18634,76
2024/7/18,2024,7,18,4,22,16994,74
2024/7/18,2024,7,18,4,23,15426,72
2024/7/18,2024,7,18,4,24,14208,70
2024/7/19,2024,7,19,5,1,13260,69
2024/7/19,2024,7,19,5,2,12621,68
2024/7/19,2024,7,19,5,3,12190,66
2024/7/19,2024,7,19,5,4,12081,65
2024/7/19,2024,7,19,5,5,12363,63
2024/7/19,2024,7,19,5,6,13121,64
2024/7/19,2024,7,19,5,7,13884,65
2024/7/19,2024,7,19,5,8,14248,68
2024/7/19,2024,7,19,5,9,14368,71
2024/7/19,2024,7,19,5,10,14589,74
2024/7/19,2024,7,19,5,11,14968,75
2024/7/19,2024,7,19,5,12,15450,76
2024/7/19,2024,7,19,5,13,16090,76
2024/7/19,2024,7,19,5,14,16723,79
2024/7/19,2024,7,19,5,15,17398,80
2024/7/19,2024,7,19,5,16,18167,80
2024/7/19,2024,7,19,5,17,18772,79
2024/7/19,2024,7,19,5,18,18847,80
2024/7/19,2024,7,19,5,19,18429,79
2024/7/19,2024,7,19,5,20,17672,76
2024/7/19,2024,7,19,5,21,16876,73
2024/7/19,2024,7,19,5,22,15612,71
2024/7/19,2024,7,19,5,23,14354,70
2024/7/19,2024,7,19,5,24,13301,69
2024/7/20,2024,7,20,6,1,12527,67
2024/7/20,2024,7,20,6,2,11973,67
2024/7/20,2024,7,20,6,3,11600,66
2024/7/20,2024,7,20,6,4,11446,65
2024/7/20,2024,7,20,6,5,11415,65
2024/7/20,2024,7,20,6,6,11671,64
2024/7/20,2024,7,20,6,7,12222,67
2024/7/20,2024,7,20,6,8,12802,71
2024/7/20,2024,7,20,6,9,13322,74
2024/7/20,2024,7,20,6,10,13996,77
2024/7/20,2024,7,20,6,11,14756,80
2024/7/20,2024,7,20,6,12,15129,80
2024/7/20,2024,7,20,6,13,15527,82
2024/7/20,2024,7,20,6,14,15997,83
2024/7/20,2024,7,20,6,15,16739,84
2024/7/20,2024,7,20,6,16,17696,84
2024/7/20,2024,7,20,6,17,18437,83
2024/7/20,2024,7,20,6,18,18405,78
2024/7/20,2024,7,20,6,19,18013,78
2024/7/20,2024,7,20,6,20,17639,76
2024/7/20,2024,7,20,6,21,17029,74
2024/7/20,2024,7,20,6,22,15972,73
2024/7/20,2024,7,20,6,23,14898,73
2024/7/20,2024,7,20,6,24,13947,72
2024/7/21,2024,7,21,7,1,13234,71
2024/7/21,2024,7,21,7,2,12738,71
2024/7/21,2024,7,21,7,3,12395,71
2024/7/21,2024,7,21,7,4,12215,70
2024/7/21,2024,7,21,7,5,12167,70
2024/7/21,2024,7,21,7,6,12312,69
2024/7/21,2024,7,21,7,7,12822,71
2024/7/21,2024,7,21,7,8,13444,73
2024/7/21,2024,7,21,7,9,14046,76
2024/7/21,2024,7,21,7,10,14605,78
2024/7/21,2024,7,21,7,11,15248,80
2024/7/21,2024,7,21,7,12,15985,81
2024/7/21,2024,7,21,7,13,16603,82
2024/7/21,2024,7,21,7,14,17057,84
2024/7/21,2024,7,21,7,15,17672,81
2024/7/21,2024,7,21,7,16,18385,81
2024/7/21,2024,7,21,7,17,19094,81
2024/7/21,2024,7,21,7,18,19312,81
2024/7/21,2024,7,21,7,19,18957,79
2024/7/21,2024,7,21,7,20,18439,77
2024/7/21,2024,7,21,7,21,17579,74
2024/7/21,2024,7,21,7,22,16194,72
2024/7/21,2024,7,21,7,23,14805,71
2024/7/21,2024,7,21,7,24,13778,70
2024/7/22,2024,7,22,1,1,13018,69
2024/7/22,2024,7,22,1,2,12529,67
2024/7/22,2024,7,22,1,3,12203,67
2024/7/22,2024,7,22,1,4,12256,66
2024/7/22,2024,7,22,1,5,12713,65
2024/7/22,2024,7,22,1,6,13558,65
2024/7/22,2024,7,22,1,7,14533,68
2024/7/22,2024,7,22,1,8,15171,71
2024/7/22,2024,7,22,1,9,15659,73
2024/7/22,2024,7,22,1,10,16303,76
2024/7/22,2024,7,22,1,11,17125,78
2024/7/22,2024,7,22,1,12,17925,79
2024/7/22,2024,7,22,1,13,18639,80
2024/7/22,2024,7,22,1,14,19227,80
2024/7/22,2024,7,22,1,15,19676,80
2024/7/22,2024,7,22,1,16,20002,80
2024/7/22,2024,7,22,1,17,20048,80
2024/7/22,2024,7,22,1,18,19918,79
2024/7/22,2024,7,22,1,19,19728,79
2024/7/22,2024,7,22,1,20,19469,77
2024/7/22,2024,7,22,1,21,18642,76
2024/7/22,2024,7,22,1,22,17229,75
2024/7/22,2024,7,22,1,23,15851,74
2024/7/22,2024,7,22,1,24,14847,74
2024/7/23,2024,7,23,2,1,14136,73
2024/7/23,2024,7,23,2,2,13679,72
2024/7/23,2024,7,23,2,3,13397,71
2024/7/23,2024,7,23,2,4,13451,71
2024/7/23,2024,7,23,2,5,13977,70
2024/7/23,2024,7,23,2,6,14863,70
2024/7/23,2024,7,23,2,7,15766,69
2024/7/23,2024,7,23,2,8,16338,70
2024/7/23,2024,7,23,2,9,16597,71
2024/7/23,2024,7,23,2,10,16856,72
2024/7/23,2024,7,23,2,11,17073,72
2024/7/23,2024,7,23,2,12,16995,71
2024/7/23,2024,7,23,2,13,17049,73
2024/7/23,2024,7,23,2,14,17134,73
2024/7/23,2024,7,23,2,15,17229,74
2024/7/23,2024,7,23,2,16,17507,75
2024/7/23,2024,7,23,2,17,17793,75
2024/7/23,2024,7,23,2,18,17762,74
2024/7/23,2024,7,23,2,19,17588,73
2024/7/23,2024,7,23,2,20,17329,72
2024/7/23,2024,7,23,2,21,16642,71
2024/7/23,2024,7,23,2,22,15488,71
2024/7/23,2024,7,23,2,23,14282,70
2024/7/23,2024,7,23,2,24,13380,70
2024/7/24,2024,7,24,3,1,12791,70
2024/7/24,2024,7,24,3,2,12423,69
2024/7/24,2024,7,24,3,3,12266,69
2024/7/24,2024,7,24,3,4,12419,69
2024/7/24,2024,7,24,3,5,13015,68
2024/7/24,2024,7,24,3,6,13975,68
2024/7/24,2024,7,24,3,7,14956,69
2024/7/24,2024,7,24,3,8,15624,69
2024/7/24,2024,7,24,3,9,15952,70
2024/7/24,2024,7,24,3,10,16219,70
2024/7/24,2024,7,24,3,11,16383,71
2024/7/24,2024,7,24,3,12,16480,71
2024/7/24,2024,7,24,3,13,16582,71
2024/7/24,2024,7,24,3,14,16553,72
2024/7/24,2024,7,24,3,15,16637,72
2024/7/24,2024,7,24,3,16,16913,72
2024/7/24,2024,7,24,3,17,17091,72
2024/7/24,2024,7,24,3,18,17011,72
2024/7/24,2024,7,24,3,19,16941,71
2024/7/24,2024,7,24,3,20,16738,71
2024/7/24,2024,7,24,3,21,16117,70
2024/7/24,2024,7,24,3,22,15028,70
2024/7/24,2024,7,24,3,23,13896,69
2024/7/24,2024,7,24,3,24,13054,69
2024/7/25,2024,7,25,4,1,12488,69
2024/7/25,2024,7,25,4,2,12167,69
2024/7/25,2024,7,25,4,3,12026,69
2024/7/25,2024,7,25,4,4,12203,68
2024/7/25,2024,7,25,4,5,12862,69
2024/7/25,2024,7,25,4,6,13910,69
2024/7/25,2024,7,25,4,7,14996,70
2024/7/25,2024,7,25,4,8,15728,71
2024/7/25,2024,7,25,4,9,16266,74
2024/7/25,2024,7,25,4,10,16787,74
2024/7/25,2024,7,25,4,11,17118,77
2024/7/25,2024,7,25,4,12,17335,78
2024/7/25,2024,7,25,4,13,17565,79
2024/7/25,2024,7,25,4,14,17749,80
2024/7/25,2024,7,25,4,15,18003,82
2024/7/25,2024,7,25,4,16,18316,80
2024/7/25,2024,7,25,4,17,18458,80
2024/7/25,2024,7,25,4,18,18303,80
2024/7/25,2024,7,25,4,19,17963,79
2024/7/25,2024,7,25,4,20,17466,77
2024/7/25,2024,7,25,4,21,16610,74
2024/7/25,2024,7,25,4,22,15235,72
2024/7/25,2024,7,25,4,23,13766,70
2024/7/25,2024,7,25,4,24,12645,68
2024/7/26,2024,7,26,5,1,11910,67
2024/7/26,2024,7,26,5,2,11428,66
2024/7/26,2024,7,26,5,3,11171,66
2024/7/26,2024,7,26,5,4,11212,64
2024/7/26,2024,7,26,5,5,11635,63
2024/7/26,2024,7,26,5,6,12418,63
2024/7/26,2024,7,26,5,7,13232,65
2024/7/26,2024,7,26,5,8,13599,68
2024/7/26,2024,7,26,5,9,13683,71
2024/7/26,2024,7,26,5,10,13898,74
2024/7/26,2024,7,26,5,11,14264,77
2024/7/26,2024,7,26,5,12,14728,79
2024/7/26,2024,7,26,5,13,15447,82
2024/7/26,2024,7,26,5,14,16143,83
2024/7/26,2024,7,26,5,15,16900,83
2024/7/26,2024,7,26,5,16,17649,83
2024/7/26,2024,7,26,5,17,18154,82
2024/7/26,2024,7,26,5,18,18158,80
2024/7/26,2024,7,26,5,19,17704,80
2024/7/26,2024,7,26,5,20,17074,76
2024/7/26,2024,7,26,5,21,16235,72
2024/7/26,2024,7,26,5,22,14995,73
2024/7/26,2024,7,26,5,23,13745,71
2024/7/26,2024,7,26,5,24,12697,69
2024/7/27,2024,7,27,6,1,11937,67
2024/7/27,2024,7,27,6,2,11405,66
2024/7/27,2024,7,27,6,3,11053,65
2024/7/27,2024,7,27,6,4,10910,64
2024/7/27,2024,7,27,6,5,10942,64
2024/7/27,2024,7,27,6,6,11168,64
2024/7/27,2024,7,27,6,7,11662,66
2024/7/27,2024,7,27,6,8,12294,70
2024/7/27,2024,7,27,6,9,12773,74
2024/7/27,2024,7,27,6,10,13281,77
2024/7/27,2024,7,27,6,11,13958,79
2024/7/27,2024,7,27,6,12,14526,82
2024/7/27,2024,7,27,6,13,15040,82
2024/7/27,2024,7,27,6,14,15619,83
2024/7/27,2024,7,27,6,15,16324,83
2024/7/27,2024,7,27,6,16,17107,83
2024/7/27,2024,7,27,6,17,17788,82
2024/7/27,2024,7,27,6,18,17864,81
2024/7/27,2024,7,27,6,19,17436,80
2024/7/27,2024,7,27,6,20,16895,76
2024/7/27,2024,7,27,6,21,16109,72
2024/7/27,2024,7,27,6,22,14962,71
2024/7/27,2024,7,27,6,23,13784,70
2024/7/27,2024,7,27,6,24,12799,69
2024/7/28,2024,7,28,7,1,12053,67
2024/7/28,2024,7,28,7,2,11523,65
2024/7/28,2024,7,28,7,3,11140,64
2024/7/28,2024,7,28,7,4,10955,64
2024/7/28,2024,7,28,7,5,10911,63
2024/7/28,2024,7,28,7,6,10987,64
2024/7/28,2024,7,28,7,7,11443,66
2024/7/28,2024,7,28,7,8,12058,69
2024/7/28,2024,7,28,7,9,12630,73
2024/7/28,2024,7,28,7,10,13342,76
2024/7/28,2024,7,28,7,11,14159,79
2024/7/28,2024,7,28,7,12,14957,80
2024/7/28,2024,7,28,7,13,15404,80
2024/7/28,2024,7,28,7,14,15702,81
2024/7/28,2024,7,28,7,15,16091,80
2024/7/28,2024,7,28,7,16,16733,80
2024/7/28,2024,7,28,7,17,17163,79
2024/7/28,2024,7,28,7,18,17124,77
2024/7/28,2024,7,28,7,19,16864,76
2024/7/28,2024,7,28,7,20,16591,74
2024/7/28,2024,7,28,7,21,15830,72
2024/7/28,2024,7,28,7,22,14663,71
2024/7/28,2024,7,28,7,23,13528,70
2024/7/28,2024,7,28,7,24,12649,70
2024/7/29,2024,7,29,1,1,12063,68
2024/7/29,2024,7,29,1,2,11669,66
2024/7/29,2024,7,29,1,3,11516,67
2024/7/29,2024,7,29,1,4,11688,66
2024/7/29,2024,7,29,1,5,12330,67
2024/7/29,2024,7,29,1,6,13262,66
2024/7/29,2024,7,29,1,7,14110,66
2024/7/29,2024,7,29,1,8,14683,67
2024/7/29,2024,7,29,1,9,15016,67
2024/7/29,2024,7,29,1,10,15277,67
2024/7/29,2024,7,29,1,11,15453,69
2024/7/29,2024,7,29,1,12,15540,69
2024/7/29,2024,7,29,1,13,15652,69
2024/7/29,2024,7,29,1,14,15639,70
2024/7/29,2024,7,29,1,15,15733,71
2024/7/29,2024,7,29,1,16,16144,71
2024/7/29,2024,7,29,1,17,16626,71
2024/7/29,2024,7,29,1,18,16723,71
2024/7/29,2024,7,29,1,19,16522,71
2024/7/29,2024,7,29,1,20,16333,70
2024/7/29,2024,7,29,1,21,15695,70
2024/7/29,2024,7,29,1,22,14589,69
2024/7/29,2024,7,29,1,23,13511,69
2024/7/29,2024,7,29,1,24,12739,69
2024/7/30,2024,7,30,2,1,12242,69
2024/7/30,2024,7,30,2,2,11981,69
2024/7/30,2024,7,30,2,3,11930,70
2024/7/30,2024,7,30,2,4,12160,70
2024/7/30,2024,7,30,2,5,12885,71
2024/7/30,2024,7,30,2,6,13966,71
2024/7/30,2024,7,30,2,7,15113,72
2024/7/30,2024,7,30,2,8,15956,73
2024/7/30,2024,7,30,2,9,16538,74
2024/7/30,2024,7,30,2,10,17187,76
2024/7/30,2024,7,30,2,11,17727,78
2024/7/30,2024,7,30,2,12,18298,81
2024/7/30,2024,7,30,2,13,19066,84
2024/7/30,2024,7,30,2,14,19673,85
2024/7/30,2024,7,30,2,15,20444,86
2024/7/30,2024,7,30,2,16,21214,86
2024/7/30,2024,7,30,2,17,21714,85
2024/7/30,2024,7,30,2,18,21615,84
2024/7/30,2024,7,30,2,19,20940,81
2024/7/30,2024,7,30,2,20,20241,78
2024/7/30,2024,7,30,2,21,19183,76
2024/7/30,2024,7,30,2,22,17633,74
2024/7/30,2024,7,30,2,23,16194,74
2024/7/30,2024,7,30,2,24,15115,74
2024/7/31,2024,7,31,3,1,14389,73
2024/7/31,2024,7,31,3,2,13965,73
2024/7/31,2024,7,31,3,3,13757,73
2024/7/31,2024,7,31,3,4,13876,73
2024/7/31,2024,7,31,3,5,14550,73
2024/7/31,2024,7,31,3,6,15601,73
2024/7/31,2024,7,31,3,7,16709,74
2024/7/31,2024,7,31,3,8,17591,76
2024/7/31,2024,7,31,3,9,18246,77
2024/7/31,2024,7,31,3,10,18878,79
2024/7/31,2024,7,31,3,11,19287,81
2024/7/31,2024,7,31,3,12,19470,81
2024/7/31,2024,7,31,3,13,19982,82
2024/7/31,2024,7,31,3,14,20373,82
2024/7/31,2024,7,31,3,15,20806,82
2024/7/31,2024,7,31,3,16,21153,82
2024/7/31,2024,7,31,3,17,21278,80
2024/7/31,2024,7,31,3,18,21001,78
2024/7/31,2024,7,31,3,19,20541,77
2024/7/31,2024,7,31,3,20,20023,75
2024/7/31,2024,7,31,3,21,19070,74
2024/7/31,2024,7,31,3,22,17710,74
2024/7/31,2024,7,31,3,23,16385,74
2024/7/31,2024,7,31,3,24,15343,74
2024/8/1,2024,8,1,4,1,14593,74
2024/8/1,2024,8,1,4,2,14067,74
2024/8/1,2024,8,1,4,3,13767,73
2024/8/1,2024,8,1,4,4,13827,73
2024/8/1,2024,8,1,4,5,14343,73
2024/8/1,2024,8,1,4,6,15354,73
2024/8/1,2024,8,1,4,7,16573,74
2024/8/1,2024,8,1,4,8,17370,76
2024/8/1,2024,8,1,4,9,18089,79
2024/8/1,2024,8,1,4,10,18936,83
2024/8/1,2024,8,1,4,11,19853,85
2024/8/1,2024,8,1,4,12,20784,87
2024/8/1,2024,8,1,4,13,21649,89
2024/8/1,2024,8,1,4,14,22221,90
2024/8/1,2024,8,1,4,15,22869,91
2024/8/1,2024,8,1,4,16,23543,91
2024/8/1,2024,8,1,4,17,23791,89
2024/8/1,2024,8,1,4,18,23659,89
2024/8/1,2024,8,1,4,19,23014,87
2024/8/1,2024,8,1,4,20,22393,85
2024/8/1,2024,8,1,4,21,21138,83
2024/8/1,2024,8,1,4,22,19416,81
2024/8/1,2024,8,1,4,23,17768,79
2024/8/1,2024,8,1,4,24,16417,78
2024/8/2,2024,8,2,5,1,15447,77
2024/8/2,2024,8,2,5,2,14777,76
2024/8/2,2024,8,2,5,3,14349,75
2024/8/2,2024,8,2,5,4,14290,74
2024/8/2,2024,8,2,5,5,14675,74
2024/8/2,2024,8,2,5,6,15499,73
2024/8/2,2024,8,2,5,7,16654,75
2024/8/2,2024,8,2,5,8,17738,78
2024/8/2,2024,8,2,5,9,18743,81
2024/8/2,2024,8,2,5,10,19739,83
2024/8/2,2024,8,2,5,11,20795,85
2024/8/2,2024,8,2,5,12,21778,87
2024/8/2,2024,8,2,5,13,22619,88
2024/8/2,2024,8,2,5,14,22932,89
2024/8/2,2024,8,2,5,15,23227,85
2024/8/2,2024,8,2,5,16,23291,84
2024/8/2,2024,8,2,5,17,22782,80
2024/8/2,2024,8,2,5,18,22042,81
2024/8/2,2024,8,2,5,19,21575,80
2024/8/2,2024,8,2,5,20,21035,78
2024/8/2,2024,8,2,5,21,20042,77
2024/8/2,2024,8,2,5,22,18736,76
2024/8/2,2024,8,2,5,23,17467,76
2024/8/2,2024,8,2,5,24,16476,76
2024/8/3,2024,8,3,6,1,15735,76
2024/8/3,2024,8,3,6,2,15223,76
2024/8/3,2024,8,3,6,3,14916,76
2024/8/3,2024,8,3,6,4,14786,75
2024/8/3,2024,8,3,6,5,14902,76
2024/8/3,2024,8,3,6,6,15196,75
2024/8/3,2024,8,3,6,7,15914,76
2024/8/3,2024,8,3,6,8,16843,77
2024/8/3,2024,8,3,6,9,17715,78
2024/8/3,2024,8,3,6,10,18422,81
2024/8/3,2024,8,3,6,11,19199,82
2024/8/3,2024,8,3,6,12,19817,85
2024/8/3,2024,8,3,6,13,20289,86
2024/8/3,2024,8,3,6,14,20733,87
2024/8/3,2024,8,3,6,15,21212,89
2024/8/3,2024,8,3,6,16,21999,88
2024/8/3,2024,8,3,6,17,22090,84
2024/8/3,2024,8,3,6,18,21496,81
2024/8/3,2024,8,3,6,19,20859,79
2024/8/3,2024,8,3,6,20,20305,78
2024/8/3,2024,8,3,6,21,19402,77
2024/8/3,2024,8,3,6,22,18197,76
2024/8/3,2024,8,3,6,23,16942,76
2024/8/3,2024,8,3,6,24,15924,76
2024/8/4,2024,8,4,7,1,15095,75
2024/8/4,2024,8,4,7,2,14508,74
2024/8/4,2024,8,4,7,3,14131,74
2024/8/4,2024,8,4,7,4,13971,74
2024/8/4,2024,8,4,7,5,13971,74
2024/8/4,2024,8,4,7,6,14155,74
2024/8/4,2024,8,4,7,7,14662,74
2024/8/4,2024,8,4,7,8,15395,75
2024/8/4,2024,8,4,7,9,16317,76
2024/8/4,2024,8,4,7,10,17101,78
2024/8/4,2024,8,4,7,11,17685,79
2024/8/4,2024,8,4,7,12,18274,80
2024/8/4,2024,8,4,7,13,18778,81
2024/8/4,2024,8,4,7,14,18944,82
2024/8/4,2024,8,4,7,15,19118,82
2024/8/4,2024,8,4,7,16,19190,75
2024/8/4,2024,8,4,7,17,19277,75
2024/8/4,2024,8,4,7,18,18913,74
2024/8/4,2024,8,4,7,19,18524,74
2024/8/4,2024,8,4,7,20,18234,73
2024/8/4,2024,8,4,7,21,17424,72
2024/8/4,2024,8,4,7,22,16217,72
2024/8/4,2024,8,4,7,23,14994,72
2024/8/4,2024,8,4,7,24,14103,72
2024/8/5,2024,8,5,1,1,13421,71
2024/8/5,2024,8,5,1,2,13014,71
2024/8/5,2024,8,5,1,3,12795,70
2024/8/5,2024,8,5,1,4,12922,70
2024/8/5,2024,8,5,1,5,13486,69
2024/8/5,2024,8,5,1,6,14422,69
2024/8/5,2024,8,5,1,7,15526,71
2024/8/5,2024,8,5,1,8,16346,74
2024/8/5,2024,8,5,1,9,16921,77
2024/8/5,2024,8,5,1,10,17623,80
2024/8/5,2024,8,5,1,11,18372,82
2024/8/5,2024,8,5,1,12,19178,83
2024/8/5,2024,8,5,1,13,20168,84
2024/8/5,2024,8,5,1,14,20916,85
2024/8/5,2024,8,5,1,15,21526,85
2024/8/5,2024,8,5,1,16,21903,85
2024/8/5,2024,8,5,1,17,22239,84
2024/8/5,2024,8,5,1,18,21811,82
2024/8/5,2024,8,5,1,19,21382,80
2024/8/5,2024,8,5,1,20,20656,80
2024/8/5,2024,8,5,1,21,19462,78
2024/8/5,2024,8,5,1,22,17933,77
2024/8/5,2024,8,5,1,23,16517,77
2024/8/5,2024,8,5,1,24,15459,76
2024/8/6,2024,8,6,2,1,14719,75
2024/8/6,2024,8,6,2,2,14175,74
2024/8/6,2024,8,6,2,3,13887,74
2024/8/6,2024,8,6,2,4,13929,73
2024/8/6,2024,8,6,2,5,14486,72
2024/8/6,2024,8,6,2,6,15378,71
2024/8/6,2024,8,6,2,7,16169,71
2024/8/6,2024,8,6,2,8,16652,70
2024/8/6,2024,8,6,2,9,16843,70
2024/8/6,2024,8,6,2,10,16996,70
2024/8/6,2024,8,6,2,11,17042,70
2024/8/6,2024,8,6,2,12,16997,70
2024/8/6,2024,8,6,2,13,17124,70
2024/8/6,2024,8,6,2,14,17042,70
2024/8/6,2024,8,6,2,15,16931,70
2024/8/6,2024,8,6,2,16,16770,70
2024/8/6,2024,8,6,2,17,16905,70
2024/8/6,2024,8,6,2,18,16786,69
2024/8/6,2024,8,6,2,19,16595,68
2024/8/6,2024,8,6,2,20,16264,68
2024/8/6,2024,8,6,2,21,15459,67
2024/8/6,2024,8,6,2,22,14377,67
2024/8/6,2024,8,6,2,23,13260,66
2024/8/6,2024,8,6,2,24,12373,65
2024/8/7,2024,8,7,3,1,11726,64
2024/8/7,2024,8,7,3,2,11319,63
2024/8/7,2024,8,7,3,3,11117,62
2024/8/7,2024,8,7,3,4,11190,61
2024/8/7,2024,8,7,3,5,11695,61
2024/8/7,2024,8,7,3,6,12585,60
2024/8/7,2024,8,7,3,7,13344,60
2024/8/7,2024,8,7,3,8,13714,61
2024/8/7,2024,8,7,3,9,13805,62
2024/8/7,2024,8,7,3,10,13845,64
2024/8/7,2024,8,7,3,11,13993,65
2024/8/7,2024,8,7,3,12,14094,66
2024/8/7,2024,8,7,3,13,14188,67
2024/8/7,2024,8,7,3,14,14259,69
2024/8/7,2024,8,7,3,15,14376,69
2024/8/7,2024,8,7,3,16,14696,71
2024/8/7,2024,8,7,3,17,15171,70
2024/8/7,2024,8,7,3,18,15421,69
2024/8/7,2024,8,7,3,19,15334,70
2024/8/7,2024,8,7,3,20,15203,67
2024/8/7,2024,8,7,3,21,14478,66
2024/8/7,2024,8,7,3,22,13369,65
2024/8/7,2024,8,7,3,23,12307,64
2024/8/7,2024,8,7,3,24,11512,62
2024/8/8,2024,8,8,4,1,10964,62
2024/8/8,2024,8,8,4,2,10606,61
2024/8/8,2024,8,8,4,3,10448,61
2024/8/8,2024,8,8,4,4,10585,61
2024/8/8,2024,8,8,4,5,11130,61
2024/8/8,2024,8,8,4,6,11988,61
2024/8/8,2024,8,8,4,7,12858,62
2024/8/8,2024,8,8,4,8,13273,64
2024/8/8,2024,8,8,4,9,13384,66
2024/8/8,2024,8,8,4,10,13607,68
2024/8/8,2024,8,8,4,11,13907,70
2024/8/8,2024,8,8,4,12,14162,72
2024/8/8,2024,8,8,4,13,14535,72
2024/8/8,2024,8,8,4,14,14799,71
2024/8/8,2024,8,8,4,15,14943,71
2024/8/8,2024,8,8,4,16,15245,70
2024/8/8,2024,8,8,4,17,15524,69
2024/8/8,2024,8,8,4,18,15378,68
2024/8/8,2024,8,8,4,19,15154,66
2024/8/8,2024,8,8,4,20,14950,66
2024/8/8,2024,8,8,4,21,14300,66
2024/8/8,2024,8,8,4,22,13355,65
2024/8/8,2024,8,8,4,23,12454,65
2024/8/8,2024,8,8,4,24,11757,65
2024/8/9,2024,8,9,5,1,11321,65
2024/8/9,2024,8,9,5,2,11034,65
2024/8/9,2024,8,9,5,3,10909,65
2024/8/9,2024,8,9,5,4,11093,65
2024/8/9,2024,8,9,5,5,11730,66
2024/8/9,2024,8,9,5,6,12691,65
2024/8/9,2024,8,9,5,7,13758,66
2024/8/9,2024,8,9,5,8,14604,67
2024/8/9,2024,8,9,5,9,15266,68
2024/8/9,2024,8,9,5,10,15820,70
2024/8/9,2024,8,9,5,11,16421,72
2024/8/9,2024,8,9,5,12,17097,76
2024/8/9,2024,8,9,5,13,17776,78
2024/8/9,2024,8,9,5,14,18230,80
2024/8/9,2024,8,9,5,15,18688,81
2024/8/9,2024,8,9,5,16,19099,81
2024/8/9,2024,8,9,5,17,19335,79
2024/8/9,2024,8,9,5,18,19155,79
2024/8/9,2024,8,9,5,19,18845,78
2024/8/9,2024,8,9,5,20,18540,78
2024/8/9,2024,8,9,5,21,17839,77
2024/8/9,2024,8,9,5,22,16821,77
2024/8/9,2024,8,9,5,23,15726,76
2024/8/9,2024,8,9,5,24,14799,75
2024/8/10,2024,8,10,6,1,14125,75
2024/8/10,2024,8,10,6,2,13627,74
2024/8/10,2024,8,10,6,3,13294,74
2024/8/10,2024,8,10,6,4,13151,74
2024/8/10,2024,8,10,6,5,13286,74
2024/8/10,2024,8,10,6,6,13579,74
2024/8/10,2024,8,10,6,7,14171,74
2024/8/10,2024,8,10,6,8,14840,76
2024/8/10,2024,8,10,6,9,15555,78
2024/8/10,2024,8,10,6,10,16224,80
2024/8/10,2024,8,10,6,11,16788,81
2024/8/10,2024,8,10,6,12,17163,83
2024/8/10,2024,8,10,6,13,17482,84
2024/8/10,2024,8,10,6,14,17894,85
2024/8/10,2024,8,10,6,15,18412,85
2024/8/10,2024,8,10,6,16,19006,85
2024/8/10,2024,8,10,6,17,19392,84
2024/8/10,2024,8,10,6,18,19188,83
2024/8/10,2024,8,10,6,19,18457,81
2024/8/10,2024,8,10,6,20,17710,77
2024/8/10,2024,8,10,6,21,16686,76
2024/8/10,2024,8,10,6,22,15417,73
2024/8/10,2024,8,10,6,23,14220,72
2024/8/10,2024,8,10,6,24,13284,71
2024/8/11,2024,8,11,7,1,12496,70
2024/8/11,2024,8,11,7,2,11875,68
2024/8/11,2024,8,11,7,3,11428,67
2024/8/11,2024,8,11,7,4,11157,65
2024/8/11,2024,8,11,7,5,11068,65
2024/8/11,2024,8,11,7,6,11141,64
2024/8/11,2024,8,11,7,7,11496,66
2024/8/11,2024,8,11,7,8,12002,69
2024/8/11,2024,8,11,7,9,12459,72
2024/8/11,2024,8,11,7,10,12914,73
2024/8/11,2024,8,11,7,11,13418,76
2024/8/11,2024,8,11,7,12,14091,78
2024/8/11,2024,8,11,7,13,14619,79
2024/8/11,2024,8,11,7,14,15026,80
2024/8/11,2024,8,11,7,15,15348,81
2024/8/11,2024,8,11,7,16,16137,80
2024/8/11,2024,8,11,7,17,17029,80
2024/8/11,2024,8,11,7,18,17301,78
2024/8/11,2024,8,11,7,19,16832,77
2024/8/11,2024,8,11,7,20,16452,74
2024/8/11,2024,8,11,7,21,15564,71
2024/8/11,2024,8,11,7,22,14361,70
2024/8/11,2024,8,11,7,23,13176,69
2024/8/11,2024,8,11,7,24,12264,67
2024/8/12,2024,8,12,1,1,11564,65
2024/8/12,2024,8,12,1,2,11099,63
2024/8/12,2024,8,12,1,3,10857,63
2024/8/12,2024,8,12,1,4,10940,61
2024/8/12,2024,8,12,1,5,11421,61
2024/8/12,2024,8,12,1,6,12190,60
2024/8/12,2024,8,12,1,7,13015,62
2024/8/12,2024,8,12,1,8,13401,65
2024/8/12,2024,8,12,1,9,13487,68
2024/8/12,2024,8,12,1,10,13728,71
2024/8/12,2024,8,12,1,11,14252,73
2024/8/12,2024,8,12,1,12,14913,75
2024/8/12,2024,8,12,1,13,15522,75
2024/8/12,2024,8,12,1,14,15713,76
2024/8/12,2024,8,12,1,15,15824,75
2024/8/12,2024,8,12,1,16,16092,75
2024/8/12,2024,8,12,1,17,16615,73
2024/8/12,2024,8,12,1,18,16599,73
2024/8/12,2024,8,12,1,19,16187,72
2024/8/12,2024,8,12,1,20,15813,70
2024/8/12,2024,8,12,1,21,14881,67
2024/8/12,2024,8,12,1,22,13656,66
2024/8/12,2024,8,12,1,23,12501,65
2024/8/12,2024,8,12,1,24,11681,64
2024/8/13,2024,8,13,2,1,11085,62
2024/8/13,2024,8,13,2,2,10705,62
2024/8/13,2024,8,13,2,3,10524,61
2024/8/13,2024,8,13,2,4,10648,61
2024/8/13,2024,8,13,2,5,11177,60
2024/8/13,2024,8,13,2,6,12036,60
2024/8/13,2024,8,13,2,7,12838,62
2024/8/13,2024,8,13,2,8,13138,65
2024/8/13,2024,8,13,2,9,13136,69
2024/8/13,2024,8,13,2,10,13231,72
2024/8/13,2024,8,13,2,11,13505,74
2024/8/13,2024,8,13,2,12,13923,76
2024/8/13,2024,8,13,2,13,14570,78
2024/8/13,2024,8,13,2,14,15208,79
2024/8/13,2024,8,13,2,15,15957,80
2024/8/13,2024,8,13,2,16,16752,80
2024/8/13,2024,8,13,2,17,17371,80
2024/8/13,2024,8,13,2,18,17429,79
2024/8/13,2024,8,13,2,19,17170,77
2024/8/13,2024,8,13,2,20,16737,74
2024/8/13,2024,8,13,2,21,15739,72
2024/8/13,2024,8,13,2,22,14418,70
2024/8/13,2024,8,13,2,23,13184,68
2024/8/13,2024,8,13,2,24,12275,67
2024/8/14,2024,8,14,3,1,11626,66
2024/8/14,2024,8,14,3,2,11205,66
2024/8/14,2024,8,14,3,3,10973,65
2024/8/14,2024,8,14,3,4,11053,64
2024/8/14,2024,8,14,3,5,11583,63
2024/8/14,2024,8,14,3,6,12385,64
2024/8/14,2024,8,14,3,7,13236,64
2024/8/14,2024,8,14,3,8,13702,68
2024/8/14,2024,8,14,3,9,13923,72
2024/8/14,2024,8,14,3,10,14287,75
2024/8/14,2024,8,14,3,11,14769,78
2024/8/14,2024,8,14,3,12,15395,80
2024/8/14,2024,8,14,3,13,16167,81
2024/8/14,2024,8,14,3,14,16768,81
2024/8/14,2024,8,14,3,15,17381,82
2024/8/14,2024,8,14,3,16,17925,82
2024/8/14,2024,8,14,3,17,18317,81
2024/8/14,2024,8,14,3,18,18163,78
2024/8/14,2024,8,14,3,19,17758,76
2024/8/14,2024,8,14,3,20,17268,73
2024/8/14,2024,8,14,3,21,16202,71
2024/8/14,2024,8,14,3,22,14852,70
2024/8/14,2024,8,14,3,23,13568,68
2024/8/14,2024,8,14,3,24,12644,68
2024/8/15,2024,8,15,4,1,11954,67
2024/8/15,2024,8,15,4,2,11535,66
2024/8/15,2024,8,15,4,3,11306,66
2024/8/15,2024,8,15,4,4,11376,65
2024/8/15,2024,8,15,4,5,11892,64
2024/8/15,2024,8,15,4,6,12714,65
2024/8/15,2024,8,15,4,7,13530,66
2024/8/15,2024,8,15,4,8,14126,69
2024/8/15,2024,8,15,4,9,14522,72
2024/8/15,2024,8,15,4,10,14901,75
2024/8/15,2024,8,15,4,11,15409,77
2024/8/15,2024,8,15,4,12,16072,79
2024/8/15,2024,8,15,4,13,16905,80
2024/8/15,2024,8,15,4,14,17647,81
2024/8/15,2024,8,15,4,15,17933,79
2024/8/15,2024,8,15,4,16,17894,79
2024/8/15,2024,8,15,4,17,17637,73
2024/8/15,2024,8,15,4,18,17311,72
2024/8/15,2024,8,15,4,19,17030,72
2024/8/15,2024,8,15,4,20,16623,69
2024/8/15,2024,8,15,4,21,15712,68
2024/8/15,2024,8,15,4,22,14522,68
2024/8/15,2024,8,15,4,23,13360,67
2024/8/15,2024,8,15,4,24,12418,67
2024/8/16,2024,8,16,5,1,11872,66
2024/8/16,2024,8,16,5,2,11465,65
2024/8/16,2024,8,16,5,3,11255,64
2024/8/16,2024,8,16,5,4,11347,64
2024/8/16,2024,8,16,5,5,11859,64
2024/8/16,2024,8,16,5,6,12846,63
2024/8/16,2024,8,16,5,7,13601,64
2024/8/16,2024,8,16,5,8,14203,64
2024/8/16,2024,8,16,5,9,14433,66
2024/8/16,2024,8,16,5,10,14593,67
2024/8/16,2024,8,16,5,11,14617,69
2024/8/16,2024,8,16,5,12,14936,72
2024/8/16,2024,8,16,5,13,15341,74
2024/8/16,2024,8,16,5,14,15837,75
2024/8/16,2024,8,16,5,15,16327,76
2024/8/16,2024,8,16,5,16,16816,77
2024/8/16,2024,8,16,5,17,17120,76
2024/8/16,2024,8,16,5,18,16906,75
2024/8/16,2024,8,16,5,19,16663,73
2024/8/16,2024,8,16,5,20,16278,72
2024/8/16,2024,8,16,5,21,15424,70
2024/8/16,2024,8,16,5,22,14316,69
2024/8/16,2024,8,16,5,23,13382,69
2024/8/16,2024,8,16,5,24,12168,68
2024/8/17,2024,8,17,6,1,11872,67
2024/8/17,2024,8,17,6,2,11475,67
2024/8/17,2024,8,17,6,3,11201,67
2024/8/17,2024,8,17,6,4,11113,67
2024/8/17,2024,8,17,6,5,11321,66
2024/8/17,2024,8,17,6,6,11629,67
2024/8/17,2024,8,17,6,7,12204,66
2024/8/17,2024,8,17,6,8,13011,67
2024/8/17,2024,8,17,6,9,13541,68
2024/8/17,2024,8,17,6,10,13537,69
2024/8/17,2024,8,17,6,11,13540,70
2024/8/17,2024,8,17,6,12,13586,71
2024/8/17,2024,8,17,6,13,13648,73
2024/8/17,2024,8,17,6,14,13958,74
2024/8/17,2024,8,17,6,15,14536,75
2024/8/17,2024,8,17,6,16,15048,75
2024/8/17,2024,8,17,6,17,15506,74
2024/8/17,2024,8,17,6,18,15532,74
2024/8/17,2024,8,17,6,19,15340,72
2024/8/17,2024,8,17,6,20,15146,70
2024/8/17,2024,8,17,6,21,14539,68
2024/8/17,2024,8,17,6,22,13667,67
2024/8/17,2024,8,17,6,23,12597,67
2024/8/17,2024,8,17,6,24,12009,67
2024/8/18,2024,8,18,7,1,11725,67
2024/8/18,2024,8,18,7,2,11438,67
2024/8/18,2024,8,18,7,3,11299,67
2024/8/18,2024,8,18,7,4,11163,66
2024/8/18,2024,8,18,7,5,11357,66
2024/8/18,2024,8,18,7,6,11560,66
2024/8/18,2024,8,18,7,7,12107,66
2024/8/18,2024,8,18,7,8,12814,67
2024/8/18,2024,8,18,7,9,13279,66
2024/8/18,2024,8,18,7,10,13706,67
2024/8/18,2024,8,18,7,11,13818,67
2024/8/18,2024,8,18,7,12,14358,68
2024/8/18,2024,8,18,7,13,14348,69
2024/8/18,2024,8,18,7,14,14318,69
2024/8/18,2024,8,18,7,15,14538,70
2024/8/18,2024,8,18,7,16,14803,70
2024/8/18,2024,8,18,7,17,15156,70
2024/8/18,2024,8,18,7,18,15061,70
2024/8/18,2024,8,18,7,19,15262,70
2024/8/18,2024,8,18,7,20,15126,69
2024/8/18,2024,8,18,7,21,14482,69
2024/8/18,2024,8,18,7,22,13516,68
2024/8/18,2024,8,18,7,23,12588,68
2024/8/18,2024,8,18,7,24,11911,68
2024/8/19,2024,8,19,1,1,11530,68
2024/8/19,2024,8,19,1,2,11322,68
2024/8/19,2024,8,19,1,3,11192,68
2024/8/19,2024,8,19,1,4,11461,68
2024/8/19,2024,8,19,1,5,12225,68
2024/8/19,2024,8,19,1,6,13302,68
2024/8/19,2024,8,19,1,7,14181,68
2024/8/19,2024,8,19,1,8,14825,69
2024/8/19,2024,8,19,1,9,15322,70
2024/8/19,2024,8,19,1,10,15843,71
2024/8/19,2024,8,19,1,11,16281,72
2024/8/19,2024,8,19,1,12,16595,73
2024/8/19,2024,8,19,1,13,16585,73
2024/8/19,2024,8,19,1,14,16897,75
2024/8/19,2024,8,19,1,15,17548,76
2024/8/19,2024,8,19,1,16,18061,76
2024/8/19,2024,8,19,1,17,18507,75
2024/8/19,2024,8,19,1,18,18402,74
2024/8/19,2024,8,19,1,19,17998,72
2024/8/19,2024,8,19,1,20,17436,71
2024/8/19,2024,8,19,1,21,16321,70
2024/8/19,2024,8,19,1,22,14966,70
2024/8/19,2024,8,19,1,23,13686,68
2024/8/19,2024,8,19,1,24,12761,68
2024/8/20,2024,8,20,2,1,11999,66
2024/8/20,2024,8,20,2,2,11452,65
2024/8/20,2024,8,20,2,3,11206,63
2024/8/20,2024,8,20,2,4,11164,62
2024/8/20,2024,8,20,2,5,11608,61
2024/8/20,2024,8,20,2,6,12409,61
2024/8/20,2024,8,20,2,7,13059,60
2024/8/20,2024,8,20,2,8,13255,61
2024/8/20,2024,8,20,2,9,13039,62
2024/8/20,2024,8,20,2,10,13150,64
2024/8/20,2024,8,20,2,11,13258,65
2024/8/20,2024,8,20,2,12,13420,67
2024/8/20,2024,8,20,2,13,13667,68
2024/8/20,2024,8,20,2,14,13706,68
2024/8/20,2024,8,20,2,15,13979,68
2024/8/20,2024,8,20,2,16,14284,68
2024/8/20,2024,8,20,2,17,14652,68
2024/8/20,2024,8,20,2,18,14636,67
2024/8/20,2024,8,20,2,19,14584,66
2024/8/20,2024,8,20,2,20,14308,62
2024/8/20,2024,8,20,2,21,13387,62
2024/8/20,2024,8,20,2,22,12347,60
2024/8/20,2024,8,20,2,23,11404,59
2024/8/20,2024,8,20,2,24,10721,59
2024/8/21,2024,8,21,3,1,10269,58
2024/8/21,2024,8,21,3,2,9897,57
2024/8/21,2024,8,21,3,3,9874,57
2024/8/21,2024,8,21,3,4,9989,55
2024/8/21,2024,8,21,3,5,10501,55
2024/8/21,2024,8,21,3,6,11375,55
2024/8/21,2024,8,21,3,7,11942,55
2024/8/21,2024,8,21,3,8,12198,59
2024/8/21,2024,8,21,3,9,12122,62
2024/8/21,2024,8,21,3,10,12186,64
2024/8/21,2024,8,21,3,11,12424,67
2024/8/21,2024,8,21,3,12,12674,68
2024/8/21,2024,8,21,3,13,12879,70
2024/8/21,2024,8,21,3,14,13082,70
2024/8/21,2024,8,21,3,15,13575,71
2024/8/21,2024,8,21,3,16,14017,72
2024/8/21,2024,8,21,3,17,14594,71
2024/8/21,2024,8,21,3,18,14829,70
2024/8/21,2024,8,21,3,19,14691,69
2024/8/21,2024,8,21,3,20,14417,65
2024/8/21,2024,8,21,3,21,13582,63
2024/8/21,2024,8,21,3,22,12564,62
2024/8/21,2024,8,21,3,23,11436,61
2024/8/21,2024,8,21,3,24,10717,59
2024/8/22,2024,8,22,4,1,10191,58
2024/8/22,2024,8,22,4,2,9888,57
2024/8/22,2024,8,22,4,3,9754,56
2024/8/22,2024,8,22,4,4,9928,56
2024/8/22,2024,8,22,4,5,10566,55
2024/8/22,2024,8,22,4,6,11356,54
2024/8/22,2024,8,22,4,7,12057,55
2024/8/22,2024,8,22,4,8,12099,58
2024/8/22,2024,8,22,4,9,12030,62
2024/8/22,2024,8,22,4,10,12157,65
2024/8/22,2024,8,22,4,11,12475,67
2024/8/22,2024,8,22,4,12,12903,70
2024/8/22,2024,8,22,4,13,12996,71
2024/8/22,2024,8,22,4,14,13318,72
2024/8/22,2024,8,22,4,15,13607,72
2024/8/22,2024,8,22,4,16,14163,73
2024/8/22,2024,8,22,4,17,14695,73
2024/8/22,2024,8,22,4,18,14893,72
2024/8/22,2024,8,22,4,19,14775,71
2024/8/22,2024,8,22,4,20,14546,68
2024/8/22,2024,8,22,4,21,13683,66
2024/8/22,2024,8,22,4,22,12718,65
2024/8/22,2024,8,22,4,23,11714,63
2024/8/22,2024,8,22,4,24,10867,63
2024/8/23,2024,8,23,5,1,10333,61
2024/8/23,2024,8,23,5,2,10036,60
2024/8/23,2024,8,23,5,3,9907,59
2024/8/23,2024,8,23,5,4,10092,59
2024/8/23,2024,8,23,5,5,10540,57
2024/8/23,2024,8,23,5,6,11424,57
2024/8/23,2024,8,23,5,7,12104,59
2024/8/23,2024,8,23,5,8,12379,63
2024/8/23,2024,8,23,5,9,12362,67
2024/8/23,2024,8,23,5,10,12439,71
2024/8/23,2024,8,23,5,11,12731,74
2024/8/23,2024,8,23,5,12,13110,77
2024/8/23,2024,8,23,5,13,13670,78
2024/8/23,2024,8,23,5,14,13921,79
2024/8/23,2024,8,23,5,15,14440,79
2024/8/23,2024,8,23,5,16,15216,78
2024/8/23,2024,8,23,5,17,15872,79
2024/8/23,2024,8,23,5,18,15934,78
2024/8/23,2024,8,23,5,19,15542,76
2024/8/23,2024,8,23,5,20,15123,72
2024/8/23,2024,8,23,5,21,14292,70
2024/8/23,2024,8,23,5,22,13252,69
2024/8/23,2024,8,23,5,23,12243,67
2024/8/23,2024,8,23,5,24,11382,65
2024/8/24,2024,8,24,6,1,10665,64
2024/8/24,2024,8,24,6,2,10396,63
2024/8/24,2024,8,24,6,3,10148,62
2024/8/24,2024,8,24,6,4,10085,62
2024/8/24,2024,8,24,6,5,10261,60
2024/8/24,2024,8,24,6,6,10541,60
2024/8/24,2024,8,24,6,7,10954,61
2024/8/24,2024,8,24,6,8,11300,65
2024/8/24,2024,8,24,6,9,11693,70
2024/8/24,2024,8,24,6,10,11857,73
2024/8/24,2024,8,24,6,11,12181,76
2024/8/24,2024,8,24,6,12,12660,79
2024/8/24,2024,8,24,6,13,13086,80
2024/8/24,2024,8,24,6,14,13583,81
2024/8/24,2024,8,24,6,15,14376,80
2024/8/24,2024,8,24,6,16,15184,81
2024/8/24,2024,8,24,6,17,16013,80
2024/8/24,2024,8,24,6,18,16180,79
2024/8/24,2024,8,24,6,19,15819,76
2024/8/24,2024,8,24,6,20,15404,73
2024/8/24,2024,8,24,6,21,14573,70
2024/8/24,2024,8,24,6,22,13576,69
2024/8/24,2024,8,24,6,23,12561,68
2024/8/24,2024,8,24,6,24,11525,67
2024/8/25,2024,8,25,7,1,11074,66
2024/8/25,2024,8,25,7,2,10686,64
2024/8/25,2024,8,25,7,3,10390,63
2024/8/25,2024,8,25,7,4,10270,62
2024/8/25,2024,8,25,7,5,10326,62
2024/8/25,2024,8,25,7,6,10383,62
2024/8/25,2024,8,25,7,7,10718,63
2024/8/25,2024,8,25,7,8,11403,67
2024/8/25,2024,8,25,7,9,11746,70
2024/8/25,2024,8,25,7,10,12343,74
2024/8/25,2024,8,25,7,11,12951,75
2024/8/25,2024,8,25,7,12,13651,77
2024/8/25,2024,8,25,7,13,14210,78
2024/8/25,2024,8,25,7,14,14762,80
2024/8/25,2024,8,25,7,15,15466,80
2024/8/25,2024,8,25,7,16,16212,77
2024/8/25,2024,8,25,7,17,16911,78
2024/8/25,2024,8,25,7,18,17027,77
2024/8/25,2024,8,25,7,19,16890,76
2024/8/25,2024,8,25,7,20,16452,74
2024/8/25,2024,8,25,7,21,15480,72
2024/8/25,2024,8,25,7,22,14266,71
2024/8/25,2024,8,25,7,23,13054,69
2024/8/25,2024,8,25,7,24,12253,69
2024/8/26,2024,8,26,1,1,11708,68
2024/8/26,2024,8,26,1,2,11334,67
2024/8/26,2024,8,26,1,3,11136,66
2024/8/26,2024,8,26,1,4,11242,66
2024/8/26,2024,8,26,1,5,11972,65
2024/8/26,2024,8,26,1,6,12888,65
2024/8/26,2024,8,26,1,7,13667,66
2024/8/26,2024,8,26,1,8,14145,68
2024/8/26,2024,8,26,1,9,14452,70
2024/8/26,2024,8,26,1,10,14755,73
2024/8/26,2024,8,26,1,11,15336,76
2024/8/26,2024,8,26,1,12,15990,77
2024/8/26,2024,8,26,1,13,16885,78
2024/8/26,2024,8,26,1,14,17319,76
2024/8/26,2024,8,26,1,15,17119,73
2024/8/26,2024,8,26,1,16,17195,74
2024/8/26,2024,8,26,1,17,17297,72
2024/8/26,2024,8,26,1,18,17158,72
2024/8/26,2024,8,26,1,19,16945,70
2024/8/26,2024,8,26,1,20,16433,68
2024/8/26,2024,8,26,1,21,15364,67
2024/8/26,2024,8,26,1,22,14021,66
2024/8/26,2024,8,26,1,23,12829,66
2024/8/26,2024,8,26,1,24,11898,64
2024/8/27,2024,8,27,2,1,11325,64
2024/8/27,2024,8,27,2,2,10955,63
2024/8/27,2024,8,27,2,3,10766,63
2024/8/27,2024,8,27,2,4,10890,63
2024/8/27,2024,8,27,2,5,11519,63
2024/8/27,2024,8,27,2,6,12517,63
2024/8/27,2024,8,27,2,7,13265,64
2024/8/27,2024,8,27,2,8,13638,65
2024/8/27,2024,8,27,2,9,13732,68
2024/8/27,2024,8,27,2,10,13875,71
2024/8/27,2024,8,27,2,11,14350,74
2024/8/27,2024,8,27,2,12,14981,77
2024/8/27,2024,8,27,2,13,15728,78
2024/8/27,2024,8,27,2,14,16451,78
2024/8/27,2024,8,27,2,15,17291,80
2024/8/27,2024,8,27,2,16,18206,80
2024/8/27,2024,8,27,2,17,18846,80
2024/8/27,2024,8,27,2,18,18816,79
2024/8/27,2024,8,27,2,19,18543,77
2024/8/27,2024,8,27,2,20,17879,74
2024/8/27,2024,8,27,2,21,16636,73
2024/8/27,2024,8,27,2,22,15189,71
2024/8/27,2024,8,27,2,23,13946,71
2024/8/27,2024,8,27,2,24,13123,70
2024/8/28,2024,8,28,3,1,12345,70
2024/8/28,2024,8,28,3,2,11944,69
2024/8/28,2024,8,28,3,3,11740,69
2024/8/28,2024,8,28,3,4,11918,69
2024/8/28,2024,8,28,3,5,12637,70
2024/8/28,2024,8,28,3,6,13881,71
2024/8/28,2024,8,28,3,7,14769,71
2024/8/28,2024,8,28,3,8,15298,73
2024/8/28,2024,8,28,3,9,15899,76
2024/8/28,2024,8,28,3,10,16732,79
2024/8/28,2024,8,28,3,11,17654,82
2024/8/28,2024,8,28,3,12,18597,84
2024/8/28,2024,8,28,3,13,19240,84
2024/8/28,2024,8,28,3,14,19768,85
2024/8/28,2024,8,28,3,15,20295,86
2024/8/28,2024,8,28,3,16,20836,87
2024/8/28,2024,8,28,3,17,21284,85
2024/8/28,2024,8,28,3,18,21074,84
2024/8/28,2024,8,28,3,19,20547,81
2024/8/28,2024,8,28,3,20,19729,77
2024/8/28,2024,8,28,3,21,18222,75
2024/8/28,2024,8,28,3,22,16396,73
2024/8/28,2024,8,28,3,23,14699,72
2024/8/28,2024,8,28,3,24,13622,70
2024/8/29,2024,8,29,4,1,12697,68
2024/8/29,2024,8,29,4,2,12146,67
2024/8/29,2024,8,29,4,3,11780,65
2024/8/29,2024,8,29,4,4,11762,64
2024/8/29,2024,8,29,4,5,12371,63
2024/8/29,2024,8,29,4,6,13247,63
2024/8/29,2024,8,29,4,7,13731,63
2024/8/29,2024,8,29,4,8,13799,64
2024/8/29,2024,8,29,4,9,13724,66
2024/8/29,2024,8,29,4,10,13743,67
2024/8/29,2024,8,29,4,11,13895,69
2024/8/29,2024,8,29,4,12,14083,70
2024/8/29,2024,8,29,4,13,14297,70
2024/8/29,2024,8,29,4,14,14474,71
2024/8/29,2024,8,29,4,15,14820,70
2024/8/29,2024,8,29,4,16,15294,72
2024/8/29,2024,8,29,4,17,15812,71
2024/8/29,2024,8,29,4,18,15883,70
2024/8/29,2024,8,29,4,19,15683,69
2024/8/29,2024,8,29,4,20,15248,66
2024/8/29,2024,8,29,4,21,14298,64
2024/8/29,2024,8,29,4,22,13159,64
2024/8/29,2024,8,29,4,23,12009,63
2024/8/29,2024,8,29,4,24,11395,62
2024/8/30,2024,8,30,5,1,10676,62
2024/8/30,2024,8,30,5,2,10323,61
2024/8/30,2024,8,30,5,3,10150,60
2024/8/30,2024,8,30,5,4,10254,58
2024/8/30,2024,8,30,5,5,10810,58
2024/8/30,2024,8,30,5,6,11725,57
2024/8/30,2024,8,30,5,7,12336,58
2024/8/30,2024,8,30,5,8,12518,61
2024/8/30,2024,8,30,5,9,12422,64
2024/8/30,2024,8,30,5,10,12343,67
2024/8/30,2024,8,30,5,11,12316,69
2024/8/30,2024,8,30,5,12,12388,70
2024/8/30,2024,8,30,5,13,12635,71
2024/8/30,2024,8,30,5,14,12987,73
2024/8/30,2024,8,30,5,15,13567,73
2024/8/30,2024,8,30,5,16,14335,73
2024/8/30,2024,8,30,5,17,15015,72
2024/8/30,2024,8,30,5,18,15069,72
2024/8/30,2024,8,30,5,19,14843,69
2024/8/30,2024,8,30,5,20,14458,67
2024/8/30,2024,8,30,5,21,13706,65
2024/8/30,2024,8,30,5,22,12759,64
2024/8/30,2024,8,30,5,23,11816,63
2024/8/30,2024,8,30,5,24,11082,62
2024/8/31,2024,8,31,6,1,10560,62
2024/8/31,2024,8,31,6,2,10260,62
2024/8/31,2024,8,31,6,3,10072,62
2024/8/31,2024,8,31,6,4,10031,62
2024/8/31,2024,8,31,6,5,10158,62
2024/8/31,2024,8,31,6,6,10633,62
2024/8/31,2024,8,31,6,7,11117,63
2024/8/31,2024,8,31,6,8,11643,64
2024/8/31,2024,8,31,6,9,12102,66
2024/8/31,2024,8,31,6,10,12288,68
2024/8/31,2024,8,31,6,11,12701,71
2024/8/31,2024,8,31,6,12,13197,74
2024/8/31,2024,8,31,6,13,13654,75
2024/8/31,2024,8,31,6,14,14073,75
2024/8/31,2024,8,31,6,15,14325,75
2024/8/31,2024,8,31,6,16,14823,77
2024/8/31,2024,8,31,6,17,15310,76
2024/8/31,2024,8,31,6,18,15410,75
2024/8/31,2024,8,31,6,19,15359,74
2024/8/31,2024,8,31,6,20,15101,73
2024/8/31,2024,8,31,6,21,14461,72
2024/8/31,2024,8,31,6,22,13658,71
2024/8/31,2024,8,31,6,23,12914,71
2024/8/31,2024,8,31,6,24,12284,71
2024/9/1,2024,9,1,7,1,11781,71
2024/9/1,2024,9,1,7,2,11377,70
2024/9/1,2024,9,1,7,3,11224,70
2024/9/1,2024,9,1,7,4,11144,70
2024/9/1,2024,9,1,7,5,11238,70
2024/9/1,2024,9,1,7,6,11562,70
2024/9/1,2024,9,1,7,7,12099,70
2024/9/1,2024,9,1,7,8,12795,72
2024/9/1,2024,9,1,7,9,13400,73
2024/9/1,2024,9,1,7,10,13881,75
2024/9/1,2024,9,1,7,11,14408,77
2024/9/1,2024,9,1,7,12,14958,79
2024/9/1,2024,9,1,7,13,15284,80
2024/9/1,2024,9,1,7,14,15629,81
2024/9/1,2024,9,1,7,15,15989,81
2024/9/1,2024,9,1,7,16,16496,81
2024/9/1,2024,9,1,7,17,16972,81
2024/9/1,2024,9,1,7,18,17055,79
2024/9/1,2024,9,1,7,19,16877,77
2024/9/1,2024,9,1,7,20,16517,74
2024/9/1,2024,9,1,7,21,15764,74
2024/9/1,2024,9,1,7,22,14828,73
2024/9/1,2024,9,1,7,23,13759,72
2024/9/1,2024,9,1,7,24,12887,72
2024/9/2,2024,9,2,1,1,12202,71
2024/9/2,2024,9,2,1,2,11657,70
2024/9/2,2024,9,2,1,3,11246,68
2024/9/2,2024,9,2,1,4,11141,68
2024/9/2,2024,9,2,1,5,11259,67
2024/9/2,2024,9,2,1,6,11435,66
2024/9/2,2024,9,2,1,7,11594,66
2024/9/2,2024,9,2,1,8,11835,67
2024/9/2,2024,9,2,1,9,12056,69
2024/9/2,2024,9,2,1,10,12156,70
2024/9/2,2024,9,2,1,11,12337,72
2024/9/2,2024,9,2,1,12,12692,74
2024/9/2,2024,9,2,1,13,13123,74
2024/9/2,2024,9,2,1,14,13435,75
2024/9/2,2024,9,2,1,15,13943,75
2024/9/2,2024,9,2,1,16,14616,75
2024/9/2,2024,9,2,1,17,15332,74
2024/9/2,2024,9,2,1,18,15396,72
2024/9/2,2024,9,2,1,19,15156,70
2024/9/2,2024,9,2,1,20,14590,67
2024/9/2,2024,9,2,1,21,13530,64
2024/9/2,2024,9,2,1,22,12283,63
2024/9/2,2024,9,2,1,23,11122,61
2024/9/2,2024,9,2,1,24,10414,59
2024/9/3,2024,9,3,2,1,9816,57
2024/9/3,2024,9,3,2,2,9532,56
2024/9/3,2024,9,3,2,3,9391,53
2024/9/3,2024,9,3,2,4,9574,53
2024/9/3,2024,9,3,2,5,10381,53
2024/9/3,2024,9,3,2,6,11376,52
2024/9/3,2024,9,3,2,7,11922,52
2024/9/3,2024,9,3,2,8,11789,56
2024/9/3,2024,9,3,2,9,11513,60
2024/9/3,2024,9,3,2,10,11251,65
2024/9/3,2024,9,3,2,11,11285,67
2024/9/3,2024,9,3,2,12,11380,69
2024/9/3,2024,9,3,2,13,11704,71
2024/9/3,2024,9,3,2,14,12020,72
2024/9/3,2024,9,3,2,15,12761,72
2024/9/3,2024,9,3,2,16,13663,72
2024/9/3,2024,9,3,2,17,14555,73
2024/9/3,2024,9,3,2,18,14873,72
2024/9/3,2024,9,3,2,19,14759,70
2024/9/3,2024,9,3,2,20,14213,64
2024/9/3,2024,9,3,2,21,13196,63
2024/9/3,2024,9,3,2,22,12050,62
2024/9/3,2024,9,3,2,23,11006,59
2024/9/3,2024,9,3,2,24,10333,58
2024/9/4,2024,9,4,3,1,9882,57
2024/9/4,2024,9,4,3,2,9631,57
2024/9/4,2024,9,4,3,3,9531,56
2024/9/4,2024,9,4,3,4,9729,55
2024/9/4,2024,9,4,3,5,10417,54
2024/9/4,2024,9,4,3,6,11555,54
2024/9/4,2024,9,4,3,7,12131,55
2024/9/4,2024,9,4,3,8,12105,60
2024/9/4,2024,9,4,3,9,11954,65
2024/9/4,2024,9,4,3,10,11895,69
2024/9/4,2024,9,4,3,11,11951,72
2024/9/4,2024,9,4,3,12,12184,74
2024/9/4,2024,9,4,3,13,12568,76
2024/9/4,2024,9,4,3,14,13107,77
2024/9/4,2024,9,4,3,15,13836,77
2024/9/4,2024,9,4,3,16,14727,78
2024/9/4,2024,9,4,3,17,15580,77
2024/9/4,2024,9,4,3,18,15751,76
2024/9/4,2024,9,4,3,19,15569,73
2024/9/4,2024,9,4,3,20,14993,69
2024/9/4,2024,9,4,3,21,13868,66
2024/9/4,2024,9,4,3,22,12648,65
2024/9/4,2024,9,4,3,23,11569,64
2024/9/4,2024,9,4,3,24,10810,62
2024/9/5,2024,9,5,4,1,10276,60
2024/9/5,2024,9,5,4,2,9981,59
2024/9/5,2024,9,5,4,3,9831,59
2024/9/5,2024,9,5,4,4,10003,58
2024/9/5,2024,9,5,4,5,10689,57
2024/9/5,2024,9,5,4,6,11802,55
2024/9/5,2024,9,5,4,7,12414,56
2024/9/5,2024,9,5,4,8,12440,61
2024/9/5,2024,9,5,4,9,12271,65
2024/9/5,2024,9,5,4,10,12185,69
2024/9/5,2024,9,5,4,11,12150,72
2024/9/5,2024,9,5,4,12,12221,74
2024/9/5,2024,9,5,4,13,12618,75
2024/9/5,2024,9,5,4,14,13030,76
2024/9/5,2024,9,5,4,15,13833,76
2024/9/5,2024,9,5,4,16,14532,75
2024/9/5,2024,9,5,4,17,15263,75
2024/9/5,2024,9,5,4,18,15380,73
2024/9/5,2024,9,5,4,19,15240,70
2024/9/5,2024,9,5,4,20,14751,67
2024/9/5,2024,9,5,4,21,13741,65
2024/9/5,2024,9,5,4,22,12595,63
2024/9/5,2024,9,5,4,23,11444,62
2024/9/5,2024,9,5,4,24,10802,60
2024/9/6,2024,9,6,5,1,10309,58
2024/9/6,2024,9,6,5,2,10017,58
2024/9/6,2024,9,6,5,3,9927,58
2024/9/6,2024,9,6,5,4,10118,59
2024/9/6,2024,9,6,5,5,10868,58
2024/9/6,2024,9,6,5,6,12076,59
2024/9/6,2024,9,6,5,7,12821,59
2024/9/6,2024,9,6,5,8,13174,61
2024/9/6,2024,9,6,5,9,13326,62
2024/9/6,2024,9,6,5,10,13364,64
2024/9/6,2024,9,6,5,11,13321,66
2024/9/6,2024,9,6,5,12,13272,69
2024/9/6,2024,9,6,5,13,13470,70
2024/9/6,2024,9,6,5,14,13625,72
2024/9/6,2024,9,6,5,15,14077,74
2024/9/6,2024,9,6,5,16,14555,74
2024/9/6,2024,9,6,5,17,15071,73
2024/9/6,2024,9,6,5,18,15097,72
2024/9/6,2024,9,6,5,19,15017,70
2024/9/6,2024,9,6,5,20,14526,68
2024/9/6,2024,9,6,5,21,13637,66
2024/9/6,2024,9,6,5,22,12675,66
2024/9/6,2024,9,6,5,23,11934,64
2024/9/6,2024,9,6,5,24,11235,64
2024/9/7,2024,9,7,6,1,10696,63
2024/9/7,2024,9,7,6,2,10346,63
2024/9/7,2024,9,7,6,3,10097,62
2024/9/7,2024,9,7,6,4,10100,62
2024/9/7,2024,9,7,6,5,10568,62
2024/9/7,2024,9,7,6,6,10669,61
2024/9/7,2024,9,7,6,7,11015,61
2024/9/7,2024,9,7,6,8,11436,63
2024/9/7,2024,9,7,6,9,11581,65
2024/9/7,2024,9,7,6,10,11706,68
2024/9/7,2024,9,7,6,11,12110,70
2024/9/7,2024,9,7,6,12,12597,71
2024/9/7,2024,9,7,6,13,12932,72
2024/9/7,2024,9,7,6,14,13234,72
2024/9/7,2024,9,7,6,15,13464,72
2024/9/7,2024,9,7,6,16,13801,71
2024/9/7,2024,9,7,6,17,14144,69
2024/9/7,2024,9,7,6,18,14135,68
2024/9/7,2024,9,7,6,19,14040,65
2024/9/7,2024,9,7,6,20,13583,62
2024/9/7,2024,9,7,6,21,12789,61
2024/9/7,2024,9,7,6,22,11624,59
2024/9/7,2024,9,7,6,23,11098,59
2024/9/7,2024,9,7,6,24,10428,58
2024/9/8,2024,9,8,7,1,9922,57
2024/9/8,2024,9,8,7,2,9559,56
2024/9/8,2024,9,8,7,3,9345,56
2024/9/8,2024,9,8,7,4,9274,55
2024/9/8,2024,9,8,7,5,9369,53
2024/9/8,2024,9,8,7,6,9621,52
2024/9/8,2024,9,8,7,7,9893,53
2024/9/8,2024,9,8,7,8,9947,56
2024/9/8,2024,9,8,7,9,9961,58
2024/9/8,2024,9,8,7,10,9836,61
2024/9/8,2024,9,8,7,11,9850,63
2024/9/8,2024,9,8,7,12,10040,64
2024/9/8,2024,9,8,7,13,10501,66
2024/9/8,2024,9,8,7,14,10432,66
2024/9/8,2024,9,8,7,15,11004,67
2024/9/8,2024,9,8,7,16,11914,67
2024/9/8,2024,9,8,7,17,12971,67
2024/9/8,2024,9,8,7,18,13347,66
2024/9/8,2024,9,8,7,19,13428,64
2024/9/8,2024,9,8,7,20,13009,60
2024/9/8,2024,9,8,7,21,11993,58
2024/9/8,2024,9,8,7,22,11009,56
2024/9/8,2024,9,8,7,23,10233,55
2024/9/8,2024,9,8,7,24,9655,55
2024/9/9,2024,9,9,1,1,9278,54
2024/9/9,2024,9,9,1,2,9104,54
2024/9/9,2024,9,9,1,3,9062,55
2024/9/9,2024,9,9,1,4,9335,53
2024/9/9,2024,9,9,1,5,10080,53
2024/9/9,2024,9,9,1,6,11350,52
2024/9/9,2024,9,9,1,7,11884,52
2024/9/9,2024,9,9,1,8,11720,56
2024/9/9,2024,9,9,1,9,11470,60
2024/9/9,2024,9,9,1,10,11281,64
2024/9/9,2024,9,9,1,11,11259,67
2024/9/9,2024,9,9,1,12,11422,70
2024/9/9,2024,9,9,1,13,11721,72
2024/9/9,2024,9,9,1,14,12243,73
2024/9/9,2024,9,9,1,15,12963,74
2024/9/9,2024,9,9,1,16,13629,74
2024/9/9,2024,9,9,1,17,14348,73
2024/9/9,2024,9,9,1,18,14579,71
2024/9/9,2024,9,9,1,19,14615,69
2024/9/9,2024,9,9,1,20,14064,66
2024/9/9,2024,9,9,1,21,12918,66
2024/9/9,2024,9,9,1,22,11949,64
2024/9/9,2024,9,9,1,23,11096,63
2024/9/9,2024,9,9,1,24,10391,62
2024/9/10,2024,9,10,2,1,9975,61
2024/9/10,2024,9,10,2,2,9757,61
2024/9/10,2024,9,10,2,3,9662,61
2024/9/10,2024,9,10,2,4,9925,59
2024/9/10,2024,9,10,2,5,10898,58
2024/9/10,2024,9,10,2,6,11688,57
2024/9/10,2024,9,10,2,7,12352,57
2024/9/10,2024,9,10,2,8,12297,61
2024/9/10,2024,9,10,2,9,12060,65
2024/9/10,2024,9,10,2,10,11933,68
2024/9/10,2024,9,10,2,11,11892,70
2024/9/10,2024,9,10,2,12,12048,72
2024/9/10,2024,9,10,2,13,12213,73
2024/9/10,2024,9,10,2,14,12495,75
2024/9/10,2024,9,10,2,15,13144,76
2024/9/10,2024,9,10,2,16,14013,76
2024/9/10,2024,9,10,2,17,14865,76
2024/9/10,2024,9,10,2,18,15094,74
2024/9/10,2024,9,10,2,19,15004,69
2024/9/10,2024,9,10,2,20,14360,65
2024/9/10,2024,9,10,2,21,12797,63
2024/9/10,2024,9,10,2,22,11986,62
2024/9/10,2024,9,10,2,23,11139,60
2024/9/10,2024,9,10,2,24,10359,58
2024/9/11,2024,9,11,3,1,9844,57
2024/9/11,2024,9,11,3,2,9556,57
2024/9/11,2024,9,11,3,3,9442,55
2024/9/11,2024,9,11,3,4,9611,53
2024/9/11,2024,9,11,3,5,10345,52
2024/9/11,2024,9,11,3,6,11523,52
2024/9/11,2024,9,11,3,7,12013,53
2024/9/11,2024,9,11,3,8,11954,58
2024/9/11,2024,9,11,3,9,11685,63
2024/9/11,2024,9,11,3,10,11498,67
2024/9/11,2024,9,11,3,11,11508,70
2024/9/11,2024,9,11,3,12,11666,72
2024/9/11,2024,9,11,3,13,11980,73
2024/9/11,2024,9,11,3,14,12367,75
2024/9/11,2024,9,11,3,15,13053,75
2024/9/11,2024,9,11,3,16,13955,75
2024/9/11,2024,9,11,3,17,14747,74
2024/9/11,2024,9,11,3,18,14940,73
2024/9/11,2024,9,11,3,19,14930,70
2024/9/11,2024,9,11,3,20,14311,67
2024/9/11,2024,9,11,3,21,13279,65
2024/9/11,2024,9,11,3,22,12105,62
2024/9/11,2024,9,11,3,23,11112,61
2024/9/11,2024,9,11,3,24,10414,60
2024/9/12,2024,9,12,4,1,9919,58
2024/9/12,2024,9,12,4,2,9668,58
2024/9/12,2024,9,12,4,3,9551,57
2024/9/12,2024,9,12,4,4,9934,56
2024/9/12,2024,9,12,4,5,10714,55
2024/9/12,2024,9,12,4,6,11650,54
2024/9/12,2024,9,12,4,7,12245,55
2024/9/12,2024,9,12,4,8,12313,59
2024/9/12,2024,9,12,4,9,12097,63
2024/9/12,2024,9,12,4,10,12085,68
2024/9/12,2024,9,12,4,11,12106,72
2024/9/12,2024,9,12,4,12,12450,75
2024/9/12,2024,9,12,4,13,12780,76
2024/9/12,2024,9,12,4,14,13215,77
2024/9/12,2024,9,12,4,15,14048,78
2024/9/12,2024,9,12,4,16,14841,78
2024/9/12,2024,9,12,4,17,15548,77
2024/9/12,2024,9,12,4,18,15619,76
2024/9/12,2024,9,12,4,19,15536,72
2024/9/12,2024,9,12,4,20,14861,68
2024/9/12,2024,9,12,4,21,13460,66
2024/9/12,2024,9,12,4,22,12584,65
2024/9/12,2024,9,12,4,23,11600,64
2024/9/12,2024,9,12,4,24,10848,63
2024/9/13,2024,9,13,5,1,10352,62
2024/9/13,2024,9,13,5,2,10019,61
2024/9/13,2024,9,13,5,3,9889,60
2024/9/13,2024,9,13,5,4,10056,59
2024/9/13,2024,9,13,5,5,10754,59
2024/9/13,2024,9,13,5,6,11933,58
2024/9/13,2024,9,13,5,7,12636,58
2024/9/13,2024,9,13,5,8,12695,62
2024/9/13,2024,9,13,5,9,12645,66
2024/9/13,2024,9,13,5,10,12648,71
2024/9/13,2024,9,13,5,11,12870,74
2024/9/13,2024,9,13,5,12,13204,77
2024/9/13,2024,9,13,5,13,13756,79
2024/9/13,2024,9,13,5,14,14391,81
2024/9/13,2024,9,13,5,15,15160,81
2024/9/13,2024,9,13,5,16,15919,81
2024/9/13,2024,9,13,5,17,16363,80
2024/9/13,2024,9,13,5,18,16232,79
2024/9/13,2024,9,13,5,19,15994,76
2024/9/13,2024,9,13,5,20,15338,72
2024/9/13,2024,9,13,5,21,14303,70
2024/9/13,2024,9,13,5,22,13348,68
2024/9/13,2024,9,13,5,23,12014,66
2024/9/13,2024,9,13,5,24,11390,65
2024/9/14,2024,9,14,6,1,10883,65
2024/9/14,2024,9,14,6,2,10486,64
2024/9/14,2024,9,14,6,3,10226,64
2024/9/14,2024,9,14,6,4,10167,64
2024/9/14,2024,9,14,6,5,10341,64
2024/9/14,2024,9,14,6,6,10746,63
2024/9/14,2024,9,14,6,7,11198,63
2024/9/14,2024,9,14,6,8,11652,66
2024/9/14,2024,9,14,6,9,11816,70
2024/9/14,2024,9,14,6,10,12006,74
2024/9/14,2024,9,14,6,11,12364,76
2024/9/14,2024,9,14,6,12,12975,78
2024/9/14,2024,9,14,6,13,13688,80
2024/9/14,2024,9,14,6,14,14079,80
2024/9/14,2024,9,14,6,15,14647,80
2024/9/14,2024,9,14,6,16,15348,79
2024/9/14,2024,9,14,6,17,15857,78
2024/9/14,2024,9,14,6,18,15732,74
2024/9/14,2024,9,14,6,19,15438,72
2024/9/14,2024,9,14,6,20,14763,70
2024/9/14,2024,9,14,6,21,13820,68
2024/9/14,2024,9,14,6,22,12667,67
2024/9/14,2024,9,14,6,23,11974,66
2024/9/14,2024,9,14,6,24,11298,66
2024/9/15,2024,9,15,7,1,10770,64
2024/9/15,2024,9,15,7,2,10370,63
2024/9/15,2024,9,15,7,3,10114,62
2024/9/15,2024,9,15,7,4,10018,62
2024/9/15,2024,9,15,7,5,10124,62
2024/9/15,2024,9,15,7,6,10395,61
2024/9/15,2024,9,15,7,7,10738,60
2024/9/15,2024,9,15,7,8,11106,62
2024/9/15,2024,9,15,7,9,11217,65
2024/9/15,2024,9,15,7,10,11220,70
2024/9/15,2024,9,15,7,11,11442,73
2024/9/15,2024,9,15,7,12,11956,75
2024/9/15,2024,9,15,7,13,12546,76
2024/9/15,2024,9,15,7,14,13054,77
2024/9/15,2024,9,15,7,15,13791,78
2024/9/15,2024,9,15,7,16,14700,77
2024/9/15,2024,9,15,7,17,15484,77
2024/9/15,2024,9,15,7,18,15506,75
2024/9/15,2024,9,15,7,19,15296,72
2024/9/15,2024,9,15,7,20,14567,69
2024/9/15,2024,9,15,7,21,13401,66
2024/9/15,2024,9,15,7,22,12196,64
2024/9/15,2024,9,15,7,23,11238,62
2024/9/15,2024,9,15,7,24,10511,61
2024/9/16,2024,9,16,1,1,10050,59
2024/9/16,2024,9,16,1,2,9752,59
2024/9/16,2024,9,16,1,3,9636,57
2024/9/16,2024,9,16,1,4,9817,56
2024/9/16,2024,9,16,1,5,10850,56
2024/9/16,2024,9,16,1,6,11700,55
2024/9/16,2024,9,16,1,7,12346,55
2024/9/16,2024,9,16,1,8,12387,60
2024/9/16,2024,9,16,1,9,12247,64
2024/9/16,2024,9,16,1,10,12223,68
2024/9/16,2024,9,16,1,11,12350,72
2024/9/16,2024,9,16,1,12,12528,75
2024/9/16,2024,9,16,1,13,13060,76
2024/9/16,2024,9,16,1,14,13707,78
2024/9/16,2024,9,16,1,15,14287,79
2024/9/16,2024,9,16,1,16,15226,78
2024/9/16,2024,9,16,1,17,15947,77
2024/9/16,2024,9,16,1,18,15897,76
2024/9/16,2024,9,16,1,19,15795,71
2024/9/16,2024,9,16,1,20,14956,68
2024/9/16,2024,9,16,1,21,13607,65
2024/9/16,2024,9,16,1,22,12482,64
2024/9/16,2024,9,16,1,23,11566,62
2024/9/16,2024,9,16,1,24,10859,61
2024/9/17,2024,9,17,2,1,10359,61
2024/9/17,2024,9,17,2,2,10051,60
2024/9/17,2024,9,17,2,3,9942,59
2024/9/17,2024,9,17,2,4,10231,59
2024/9/17,2024,9,17,2,5,11168,58
2024/9/17,2024,9,17,2,6,12021,58
2024/9/17,2024,9,17,2,7,12671,58
2024/9/17,2024,9,17,2,8,12710,60
2024/9/17,2024,9,17,2,9,12506,64
2024/9/17,2024,9,17,2,10,12468,68
2024/9/17,2024,9,17,2,11,12721,72
2024/9/17,2024,9,17,2,12,13236,75
2024/9/17,2024,9,17,2,13,13814,78
2024/9/17,2024,9,17,2,14,14357,79
2024/9/17,2024,9,17,2,15,14918,79
2024/9/17,2024,9,17,2,16,15470,79
2024/9/17,2024,9,17,2,17,15947,78
2024/9/17,2024,9,17,2,18,15949,76
2024/9/17,2024,9,17,2,19,15883,72
2024/9/17,2024,9,17,2,20,15099,68
2024/9/17,2024,9,17,2,21,13752,67
2024/9/17,2024,9,17,2,22,12844,65
2024/9/17,2024,9,17,2,23,11868,63
2024/9/17,2024,9,17,2,24,11107,62
2024/9/18,2024,9,18,3,1,10583,61
2024/9/18,2024,9,18,3,2,10258,61
2024/9/18,2024,9,18,3,3,10118,60
2024/9/18,2024,9,18,3,4,10378,60
2024/9/18,2024,9,18,3,5,11345,59
2024/9/18,2024,9,18,3,6,12137,59
2024/9/18,2024,9,18,3,7,12790,60
2024/9/18,2024,9,18,3,8,12953,62
2024/9/18,2024,9,18,3,9,12972,65
2024/9/18,2024,9,18,3,10,12963,67
2024/9/18,2024,9,18,3,11,13320,71
2024/9/18,2024,9,18,3,12,13643,73
2024/9/18,2024,9,18,3,13,13873,73
2024/9/18,2024,9,18,3,14,14292,75
2024/9/18,2024,9,18,3,15,14608,75
2024/9/18,2024,9,18,3,16,14986,74
2024/9/18,2024,9,18,3,17,15405,73
2024/9/18,2024,9,18,3,18,15569,71
2024/9/18,2024,9,18,3,19,15593,69
2024/9/18,2024,9,18,3,20,15043,68
2024/9/18,2024,9,18,3,21,13752,67
2024/9/18,2024,9,18,3,22,12907,66
2024/9/18,2024,9,18,3,23,12016,65
2024/9/18,2024,9,18,3,24,11318,65
2024/9/19,2024,9,19,4,1,10857,64
2024/9/19,2024,9,19,4,2,10554,64
2024/9/19,2024,9,19,4,3,10412,64
2024/9/19,2024,9,19,4,4,10624,63
2024/9/19,2024,9,19,4,5,11312,63
2024/9/19,2024,9,19,4,6,12531,62
2024/9/19,2024,9,19,4,7,13173,61
2024/9/19,2024,9,19,4,8,13289,63
2024/9/19,2024,9,19,4,9,13259,67
2024/9/19,2024,9,19,4,10,13329,71
2024/9/19,2024,9,19,4,11,13463,74
2024/9/19,2024,9,19,4,12,13868,76
2024/9/19,2024,9,19,4,13,14140,78
2024/9/19,2024,9,19,4,14,14418,79
2024/9/19,2024,9,19,4,15,14944,79
2024/9/19,2024,9,19,4,16,15491,78
2024/9/19,2024,9,19,4,17,16008,76
2024/9/19,2024,9,19,4,18,16022,75
2024/9/19,2024,9,19,4,19,16000,72
2024/9/19,2024,9,19,4,20,15483,70
2024/9/19,2024,9,19,4,21,14366,69
2024/9/19,2024,9,19,4,22,13402,68
2024/9/19,2024,9,19,4,23,12325,67
2024/9/19,2024,9,19,4,24,11609,65
2024/9/20,2024,9,20,5,1,11081,66
2024/9/20,2024,9,20,5,2,10767,65
2024/9/20,2024,9,20,5,3,10611,65
2024/9/20,2024,9,20,5,4,10743,65
2024/9/20,2024,9,20,5,5,11432,65
2024/9/20,2024,9,20,5,6,12644,64
2024/9/20,2024,9,20,5,7,13387,64
2024/9/20,2024,9,20,5,8,13778,64
2024/9/20,2024,9,20,5,9,13954,65
2024/9/20,2024,9,20,5,10,14016,66
2024/9/20,2024,9,20,5,11,14022,67
2024/9/20,2024,9,20,5,12,13889,68
2024/9/20,2024,9,20,5,13,13879,68
2024/9/20,2024,9,20,5,14,13900,69
2024/9/20,2024,9,20,5,15,13934,68
2024/9/20,2024,9,20,5,16,14123,67
2024/9/20,2024,9,20,5,17,14300,66
2024/9/20,2024,9,20,5,18,14291,66
2024/9/20,2024,9,20,5,19,14284,65
2024/9/20,2024,9,20,5,20,13672,64
2024/9/20,2024,9,20,5,21,12874,64
2024/9/20,2024,9,20,5,22,12028,63
2024/9/20,2024,9,20,5,23,11211,63
2024/9/20,2024,9,20,5,24,10605,62
2024/9/21,2024,9,21,6,1,10164,62
2024/9/21,2024,9,21,6,2,9843,62
2024/9/21,2024,9,21,6,3,9679,61
2024/9/21,2024,9,21,6,4,9695,61
2024/9/21,2024,9,21,6,5,9908,61
2024/9/21,2024,9,21,6,6,10392,60
2024/9/21,2024,9,21,6,7,10949,60
2024/9/21,2024,9,21,6,8,11471,60
2024/9/21,2024,9,21,6,9,11768,62
2024/9/21,2024,9,21,6,10,11840,62
2024/9/21,2024,9,21,6,11,11851,63
2024/9/21,2024,9,21,6,12,11886,64
2024/9/21,2024,9,21,6,13,11981,64
2024/9/21,2024,9,21,6,14,12107,64
2024/9/21,2024,9,21,6,15,12268,64
2024/9/21,2024,9,21,6,16,12453,63
2024/9/21,2024,9,21,6,17,12855,63
2024/9/21,2024,9,21,6,18,13133,62
2024/9/21,2024,9,21,6,19,13056,61
2024/9/21,2024,9,21,6,20,12598,60
2024/9/21,2024,9,21,6,21,11999,60
2024/9/21,2024,9,21,6,22,11297,59
2024/9/21,2024,9,21,6,23,10562,59
2024/9/21,2024,9,21,6,24,9995,58
2024/9/22,2024,9,22,7,1,9582,57
2024/9/22,2024,9,22,7,2,9332,57
2024/9/22,2024,9,22,7,3,9183,56
2024/9/22,2024,9,22,7,4,9270,56
2024/9/22,2024,9,22,7,5,9689,56
2024/9/22,2024,9,22,7,6,9691,56
2024/9/22,2024,9,22,7,7,10134,56
2024/9/22,2024,9,22,7,8,10633,57
2024/9/22,2024,9,22,7,9,10892,59
2024/9/22,2024,9,22,7,10,10869,62
2024/9/22,2024,9,22,7,11,10821,65
2024/9/22,2024,9,22,7,12,10875,65
2024/9/22,2024,9,22,7,13,10841,68
2024/9/22,2024,9,22,7,14,10897,67
2024/9/22,2024,9,22,7,15,11405,67
2024/9/22,2024,9,22,7,16,12166,67
2024/9/22,2024,9,22,7,17,12985,65
2024/9/22,2024,9,22,7,18,13414,64
2024/9/22,2024,9,22,7,19,13496,61
2024/9/22,2024,9,22,7,20,12937,59
2024/9/22,2024,9,22,7,21,11693,59
2024/9/22,2024,9,22,7,22,11059,57
2024/9/22,2024,9,22,7,23,10296,57
2024/9/22,2024,9,22,7,24,9712,56
2024/9/23,2024,9,23,1,1,9374,56
2024/9/23,2024,9,23,1,2,9174,55
2024/9/23,2024,9,23,1,3,9120,55
2024/9/23,2024,9,23,1,4,9480,53
2024/9/23,2024,9,23,1,5,10613,53
2024/9/23,2024,9,23,1,6,11447,53
2024/9/23,2024,9,23,1,7,12015,52
2024/9/23,2024,9,23,1,8,12259,55
2024/9/23,2024,9,23,1,9,12335,58
2024/9/23,2024,9,23,1,10,12516,61
2024/9/23,2024,9,23,1,11,12553,62
2024/9/23,2024,9,23,1,12,12651,64
2024/9/23,2024,9,23,1,13,12650,64
2024/9/23,2024,9,23,1,14,12771,64
2024/9/23,2024,9,23,1,15,12793,64
2024/9/23,2024,9,23,1,16,13221,63
2024/9/23,2024,9,23,1,17,13686,63
2024/9/23,2024,9,23,1,18,14052,61
2024/9/23,2024,9,23,1,19,14072,60
2024/9/23,2024,9,23,1,20,13420,59
2024/9/23,2024,9,23,1,21,12079,59
2024/9/23,2024,9,23,1,22,11388,58
2024/9/23,2024,9,23,1,23,10539,57
2024/9/23,2024,9,23,1,24,9950,55
2024/9/24,2024,9,24,2,1,9550,54
2024/9/24,2024,9,24,2,2,9344,54
2024/9/24,2024,9,24,2,3,9283,54
2024/9/24,2024,9,24,2,4,9606,53
2024/9/24,2024,9,24,2,5,10608,53
2024/9/24,2024,9,24,2,6,11591,52
2024/9/24,2024,9,24,2,7,12226,52
2024/9/24,2024,9,24,2,8,12071,54
2024/9/24,2024,9,24,2,9,11815,57
2024/9/24,2024,9,24,2,10,11863,60
2024/9/24,2024,9,24,2,11,12034,63
2024/9/24,2024,9,24,2,12,12122,64
2024/9/24,2024,9,24,2,13,12162,64
2024/9/24,2024,9,24,2,14,12182,65
2024/9/24,2024,9,24,2,15,12430,66
2024/9/24,2024,9,24,2,16,12886,65
2024/9/24,2024,9,24,2,17,13529,64
2024/9/24,2024,9,24,2,18,13999,62
2024/9/24,2024,9,24,2,19,14068,61
2024/9/24,2024,9,24,2,20,13379,60
2024/9/24,2024,9,24,2,21,12131,59
2024/9/24,2024,9,24,2,22,11447,58
2024/9/24,2024,9,24,2,23,10528,58
2024/9/24,2024,9,24,2,24,9941,57
2024/9/25,2024,9,25,3,1,9565,56
2024/9/25,2024,9,25,3,2,9326,56
2024/9/25,2024,9,25,3,3,9262,55
2024/9/25,2024,9,25,3,4,9617,56
2024/9/25,2024,9,25,3,5,10621,56
2024/9/25,2024,9,25,3,6,11639,56
2024/9/25,2024,9,25,3,7,12422,56
2024/9/25,2024,9,25,3,8,12695,57
2024/9/25,2024,9,25,3,9,12786,59
2024/9/25,2024,9,25,3,10,12967,60
2024/9/25,2024,9,25,3,11,13078,62
2024/9/25,2024,9,25,3,12,13070,62
2024/9/25,2024,9,25,3,13,13181,63
2024/9/25,2024,9,25,3,14,13136,63
2024/9/25,2024,9,25,3,15,13218,64
2024/9/25,2024,9,25,3,16,13449,63
2024/9/25,2024,9,25,3,17,13862,62
2024/9/25,2024,9,25,3,18,14155,62
2024/9/25,2024,9,25,3,19,14074,61
2024/9/25,2024,9,25,3,20,13452,60
2024/9/25,2024,9,25,3,21,12619,60
2024/9/25,2024,9,25,3,22,11580,60
2024/9/25,2024,9,25,3,23,10671,60
2024/9/25,2024,9,25,3,24,10107,60
2024/9/26,2024,9,26,4,1,9737,59
2024/9/26,2024,9,26,4,2,9512,59
2024/9/26,2024,9,26,4,3,9474,59
2024/9/26,2024,9,26,4,4,9686,59
2024/9/26,2024,9,26,4,5,10475,60
2024/9/26,2024,9,26,4,6,11857,60
2024/9/26,2024,9,26,4,7,12855,60
2024/9/26,2024,9,26,4,8,13344,60
2024/9/26,2024,9,26,4,9,13613,61
2024/9/26,2024,9,26,4,10,13859,62
2024/9/26,2024,9,26,4,11,13937,63
2024/9/26,2024,9,26,4,12,14014,63
2024/9/26,2024,9,26,4,13,14096,65
2024/9/26,2024,9,26,4,14,14109,66
2024/9/26,2024,9,26,4,15,14115,67
2024/9/26,2024,9,26,4,16,14368,68
2024/9/26,2024,9,26,4,17,14697,68
2024/9/26,2024,9,26,4,18,14855,68
2024/9/26,2024,9,26,4,19,14720,68
2024/9/26,2024,9,26,4,20,14075,66
2024/9/26,2024,9,26,4,21,13234,65
2024/9/26,2024,9,26,4,22,12192,64
2024/9/26,2024,9,26,4,23,11210,64
2024/9/26,2024,9,26,4,24,10538,64
2024/9/27,2024,9,27,5,1,10130,63
2024/9/27,2024,9,27,5,2,9872,62
2024/9/27,2024,9,27,5,3,9761,62
2024/9/27,2024,9,27,5,4,9966,62
2024/9/27,2024,9,27,5,5,10759,62
2024/9/27,2024,9,27,5,6,11937,62
2024/9/27,2024,9,27,5,7,12729,62
2024/9/27,2024,9,27,5,8,12926,62
2024/9/27,2024,9,27,5,9,12625,63
2024/9/27,2024,9,27,5,10,12241,66
2024/9/27,2024,9,27,5,11,12221,70
2024/9/27,2024,9,27,5,12,12302,73
2024/9/27,2024,9,27,5,13,12569,74
2024/9/27,2024,9,27,5,14,12976,75
2024/9/27,2024,9,27,5,15,13405,76
2024/9/27,2024,9,27,5,16,13941,74
2024/9/27,2024,9,27,5,17,14332,72
2024/9/27,2024,9,27,5,18,14501,71
2024/9/27,2024,9,27,5,19,14355,67
2024/9/27,2024,9,27,5,20,13759,65
2024/9/27,2024,9,27,5,21,13011,65
2024/9/27,2024,9,27,5,22,12106,64
2024/9/27,2024,9,27,5,23,11099,64
2024/9/27,2024,9,27,5,24,10469,62
2024/9/28,2024,9,28,6,1,10011,62
2024/9/28,2024,9,28,6,2,9687,62
2024/9/28,2024,9,28,6,3,9504,60
2024/9/28,2024,9,28,6,4,9478,60
2024/9/28,2024,9,28,6,5,9778,60
2024/9/28,2024,9,28,6,6,10255,60
2024/9/28,2024,9,28,6,7,10787,59
2024/9/28,2024,9,28,6,8,11224,60
2024/9/28,2024,9,28,6,9,11311,61
2024/9/28,2024,9,28,6,10,11138,64
2024/9/28,2024,9,28,6,11,10882,67
2024/9/28,2024,9,28,6,12,10976,69
2024/9/28,2024,9,28,6,13,11181,71
2024/9/28,2024,9,28,6,14,11451,71
2024/9/28,2024,9,28,6,15,11855,71
2024/9/28,2024,9,28,6,16,12430,70
2024/9/28,2024,9,28,6,17,13035,69
2024/9/28,2024,9,28,6,18,13334,67
2024/9/28,2024,9,28,6,19,13282,65
2024/9/28,2024,9,28,6,20,12771,64
2024/9/28,2024,9,28,6,21,12171,63
2024/9/28,2024,9,28,6,22,11432,62
2024/9/28,2024,9,28,6,23,10657,62
2024/9/28,2024,9,28,6,24,10076,61
2024/9/29,2024,9,29,7,1,9622,60
2024/9/29,2024,9,29,7,2,9350,60
2024/9/29,2024,9,29,7,3,9185,60
2024/9/29,2024,9,29,7,4,9167,59
2024/9/29,2024,9,29,7,5,9327,59
2024/9/29,2024,9,29,7,6,9690,59
2024/9/29,2024,9,29,7,7,10153,59
2024/9/29,2024,9,29,7,8,10667,59
2024/9/29,2024,9,29,7,9,10985,61
2024/9/29,2024,9,29,7,10,11114,62
2024/9/29,2024,9,29,7,11,11178,63
2024/9/29,2024,9,29,7,12,11158,64
2024/9/29,2024,9,29,7,13,11213,65
2024/9/29,2024,9,29,7,14,11387,66
2024/9/29,2024,9,29,7,15,11752,66
2024/9/29,2024,9,29,7,16,12379,65
2024/9/29,2024,9,29,7,17,13080,65
2024/9/29,2024,9,29,7,18,13573,64
2024/9/29,2024,9,29,7,19,13580,62
2024/9/29,2024,9,29,7,20,12936,60
2024/9/29,2024,9,29,7,21,12115,59
2024/9/29,2024,9,29,7,22,11139,58
2024/9/29,2024,9,29,7,23,10253,56
2024/9/29,2024,9,29,7,24,9688,56
2024/9/30,2024,9,30,1,1,9310,56
2024/9/30,2024,9,30,1,2,9098,55
2024/9/30,2024,9,30,1,3,9069,54
2024/9/30,2024,9,30,1,4,9310,55
2024/9/30,2024,9,30,1,5,10079,54
2024/9/30,2024,9,30,1,6,11410,55
2024/9/30,2024,9,30,1,7,12179,55
2024/9/30,2024,9,30,1,8,12182,57
2024/9/30,2024,9,30,1,9,12025,59
2024/9/30,2024,9,30,1,10,11784,61
2024/9/30,2024,9,30,1,11,11640,65
2024/9/30,2024,9,30,1,12,11765,69
2024/9/30,2024,9,30,1,13,12024,70
2024/9/30,2024,9,30,1,14,12378,71
2024/9/30,2024,9,30,1,15,12859,72
2024/9/30,2024,9,30,1,16,13506,72
2024/9/30,2024,9,30,1,17,14260,70
2024/9/30,2024,9,30,1,18,14620,68
2024/9/30,2024,9,30,1,19,14510,65
2024/9/30,2024,9,30,1,20,13755,63
2024/9/30,2024,9,30,1,21,12793,62
2024/9/30,2024,9,30,1,22,11673,60
2024/9/30,2024,9,30,1,23,10660,59
2024/9/30,2024,9,30,1,24,9713,59
2024/10/1,2024,10,1,2,1,9297,58
2024/10/1,2024,10,1,2,2,9081,57
2024/10/1,2024,10,1,2,3,8933,57
2024/10/1,2024,10,1,2,4,9308,57
2024/10/1,2024,10,1,2,5,10170,57
2024/10/1,2024,10,1,2,6,11311,56
2024/10/1,2024,10,1,2,7,12036,56
2024/10/1,2024,10,1,2,8,12127,57
2024/10/1,2024,10,1,2,9,11947,59
2024/10/1,2024,10,1,2,10,11839,63
2024/10/1,2024,10,1,2,11,11762,65
2024/10/1,2024,10,1,2,12,11610,66
2024/10/1,2024,10,1,2,13,11771,67
2024/10/1,2024,10,1,2,14,11988,67
2024/10/1,2024,10,1,2,15,12279,68
2024/10/1,2024,10,1,2,16,12724,68
2024/10/1,2024,10,1,2,17,13314,66
2024/10/1,2024,10,1,2,18,13686,64
2024/10/1,2024,10,1,2,19,13640,62
2024/10/1,2024,10,1,2,20,13130,60
2024/10/1,2024,10,1,2,21,12207,59
2024/10/1,2024,10,1,2,22,11113,58
2024/10/1,2024,10,1,2,23,10126,57
2024/10/1,2024,10,1,2,24,9699,56
2024/10/2,2024,10,2,3,1,9304,55
2024/10/2,2024,10,2,3,2,9060,55
2024/10/2,2024,10,2,3,3,9015,55
2024/10/2,2024,10,2,3,4,9271,55
2024/10/2,2024,10,2,3,5,10161,54
2024/10/2,2024,10,2,3,6,11345,54
2024/10/2,2024,10,2,3,7,12103,54
2024/10/2,2024,10,2,3,8,12141,55
2024/10/2,2024,10,2,3,9,11901,57
2024/10/2,2024,10,2,3,10,11764,60
2024/10/2,2024,10,2,3,11,11710,62
2024/10/2,2024,10,2,3,12,11606,63
2024/10/2,2024,10,2,3,13,11693,65
2024/10/2,2024,10,2,3,14,11808,65
2024/10/2,2024,10,2,3,15,12066,65
2024/10/2,2024,10,2,3,16,12669,66
2024/10/2,2024,10,2,3,17,13373,66
2024/10/2,2024,10,2,3,18,13704,63
2024/10/2,2024,10,2,3,19,13649,61
2024/10/2,2024,10,2,3,20,13063,58
2024/10/2,2024,10,2,3,21,12157,57
2024/10/2,2024,10,2,3,22,11045,57
2024/10/2,2024,10,2,3,23,10256,56
2024/10/2,2024,10,2,3,24,9885,56
2024/10/3,2024,10,3,4,1,9511,55
2024/10/3,2024,10,3,4,2,9277,55
2024/10/3,2024,10,3,4,3,9222,56
2024/10/3,2024,10,3,4,4,9478,56
2024/10/3,2024,10,3,4,5,10378,55
2024/10/3,2024,10,3,4,6,11576,56
2024/10/3,2024,10,3,4,7,12260,56
2024/10/3,2024,10,3,4,8,12352,58
2024/10/3,2024,10,3,4,9,12100,60
2024/10/3,2024,10,3,4,10,11897,63
2024/10/3,2024,10,3,4,11,11768,65
2024/10/3,2024,10,3,4,12,11705,68
2024/10/3,2024,10,3,4,13,11926,70
2024/10/3,2024,10,3,4,14,12068,70
2024/10/3,2024,10,3,4,15,12426,71
2024/10/3,2024,10,3,4,16,13200,70
2024/10/3,2024,10,3,4,17,13754,70
2024/10/3,2024,10,3,4,18,14225,68
2024/10/3,2024,10,3,4,19,14120,65
2024/10/3,2024,10,3,4,20,12927,63
2024/10/3,2024,10,3,4,21,12185,61
2024/10/3,2024,10,3,4,22,11675,60
2024/10/3,2024,10,3,4,23,10598,59
2024/10/3,2024,10,3,4,24,9993,58
2024/10/4,2024,10,4,5,1,9630,57
2024/10/4,2024,10,4,5,2,9361,55
2024/10/4,2024,10,4,5,3,9258,55
2024/10/4,2024,10,4,5,4,9513,54
2024/10/4,2024,10,4,5,5,10259,53
2024/10/4,2024,10,4,5,6,11439,53
2024/10/4,2024,10,4,5,7,12109,53
2024/10/4,2024,10,4,5,8,12216,55
2024/10/4,2024,10,4,5,9,12049,59
2024/10/4,2024,10,4,5,10,11869,62
2024/10/4,2024,10,4,5,11,11734,65
2024/10/4,2024,10,4,5,12,11811,67
2024/10/4,2024,10,4,5,13,12069,69
2024/10/4,2024,10,4,5,14,12350,70
2024/10/4,2024,10,4,5,15,12706,72
2024/10/4,2024,10,4,5,16,13245,72
2024/10/4,2024,10,4,5,17,13625,71
2024/10/4,2024,10,4,5,18,13975,69
2024/10/4,2024,10,4,5,19,13725,66
2024/10/4,2024,10,4,5,20,13168,65
2024/10/4,2024,10,4,5,21,12470,63
2024/10/4,2024,10,4,5,22,11594,62
2024/10/4,2024,10,4,5,23,10662,61
2024/10/4,2024,10,4,5,24,10125,60
2024/10/5,2024,10,5,6,1,9633,59
2024/10/5,2024,10,5,6,2,9423,58
2024/10/5,2024,10,5,6,3,9249,57
2024/10/5,2024,10,5,6,4,9309,58
2024/10/5,2024,10,5,6,5,9510,58
2024/10/5,2024,10,5,6,6,10082,59
2024/10/5,2024,10,5,6,7,10667,58
2024/10/5,2024,10,5,6,8,11163,59
2024/10/5,2024,10,5,6,9,11023,61
2024/10/5,2024,10,5,6,10,10497,64
2024/10/5,2024,10,5,6,11,10222,67
2024/10/5,2024,10,5,6,12,10200,70
2024/10/5,2024,10,5,6,13,10311,71
2024/10/5,2024,10,5,6,14,10588,72
2024/10/5,2024,10,5,6,15,11112,71
2024/10/5,2024,10,5,6,16,11892,71
2024/10/5,2024,10,5,6,17,12717,70
2024/10/5,2024,10,5,6,18,13053,67
2024/10/5,2024,10,5,6,19,12868,63
2024/10/5,2024,10,5,6,20,12311,61
2024/10/5,2024,10,5,6,21,11687,59
2024/10/5,2024,10,5,6,22,10935,58
2024/10/5,2024,10,5,6,23,10145,56
2024/10/5,2024,10,5,6,24,9511,55
2024/10/6,2024,10,6,7,1,9179,53
2024/10/6,2024,10,6,7,2,8909,52
2024/10/6,2024,10,6,7,3,8792,51
2024/10/6,2024,10,6,7,4,8816,49
2024/10/6,2024,10,6,7,5,9032,49
2024/10/6,2024,10,6,7,6,9483,48
2024/10/6,2024,10,6,7,7,9944,46
2024/10/6,2024,10,6,7,8,10111,50
2024/10/6,2024,10,6,7,9,10004,55
2024/10/6,2024,10,6,7,10,9793,58
2024/10/6,2024,10,6,7,11,9650,60
2024/10/6,2024,10,6,7,12,9692,63
2024/10/6,2024,10,6,7,13,9847,64
2024/10/6,2024,10,6,7,14,10124,66
2024/10/6,2024,10,6,7,15,10734,66
2024/10/6,2024,10,6,7,16,11767,66
2024/10/6,2024,10,6,7,17,12813,66
2024/10/6,2024,10,6,7,18,13359,63
2024/10/6,2024,10,6,7,19,13243,60
2024/10/6,2024,10,6,7,20,12636,58
2024/10/6,2024,10,6,7,21,11800,57
2024/10/6,2024,10,6,7,22,10852,57
2024/10/6,2024,10,6,7,23,9945,56
2024/10/6,2024,10,6,7,24,9446,55
2024/10/7,2024,10,7,1,1,9147,55
2024/10/7,2024,10,7,1,2,8980,55
2024/10/7,2024,10,7,1,3,8998,56
2024/10/7,2024,10,7,1,4,9302,56
2024/10/7,2024,10,7,1,5,10170,57
2024/10/7,2024,10,7,1,6,11515,57
2024/10/7,2024,10,7,1,7,12551,57
2024/10/7,2024,10,7,1,8,13162,58
2024/10/7,2024,10,7,1,9,13584,58
2024/10/7,2024,10,7,1,10,13728,59
2024/10/7,2024,10,7,1,11,13480,59
2024/10/7,2024,10,7,1,12,13356,62
2024/10/7,2024,10,7,1,13,13216,63
2024/10/7,2024,10,7,1,14,13153,65
2024/10/7,2024,10,7,1,15,13213,67
2024/10/7,2024,10,7,1,16,13568,65
2024/10/7,2024,10,7,1,17,14015,65
2024/10/7,2024,10,7,1,18,14307,63
2024/10/7,2024,10,7,1,19,14011,61
2024/10/7,2024,10,7,1,20,13370,59
2024/10/7,2024,10,7,1,21,12401,58
2024/10/7,2024,10,7,1,22,11414,57
2024/10/7,2024,10,7,1,23,10469,56
2024/10/7,2024,10,7,1,24,9830,55
2024/10/8,2024,10,8,2,1,9406,54
2024/10/8,2024,10,8,2,2,9181,52
2024/10/8,2024,10,8,2,3,9127,52
2024/10/8,2024,10,8,2,4,9380,50
2024/10/8,2024,10,8,2,5,10170,50
2024/10/8,2024,10,8,2,6,11583,48
2024/10/8,2024,10,8,2,7,12346,48
2024/10/8,2024,10,8,2,8,12039,50
2024/10/8,2024,10,8,2,9,11424,53
2024/10/8,2024,10,8,2,10,10889,56
2024/10/8,2024,10,8,2,11,10628,59
2024/10/8,2024,10,8,2,12,10633,60
2024/10/8,2024,10,8,2,13,10835,63
2024/10/8,2024,10,8,2,14,11145,64
2024/10/8,2024,10,8,2,15,11645,64
2024/10/8,2024,10,8,2,16,12447,65
2024/10/8,2024,10,8,2,17,13327,64
2024/10/8,2024,10,8,2,18,13846,60
2024/10/8,2024,10,8,2,19,13741,57
2024/10/8,2024,10,8,2,20,13168,54
2024/10/8,2024,10,8,2,21,12298,53
2024/10/8,2024,10,8,2,22,11269,51
2024/10/8,2024,10,8,2,23,10383,50
2024/10/8,2024,10,8,2,24,9784,49
2024/10/9,2024,10,9,3,1,9419,49
2024/10/9,2024,10,9,3,2,9208,49
2024/10/9,2024,10,9,3,3,9191,49
2024/10/9,2024,10,9,3,4,9452,49
2024/10/9,2024,10,9,3,5,10283,48
2024/10/9,2024,10,9,3,6,11769,47
2024/10/9,2024,10,9,3,7,12537,47
2024/10/9,2024,10,9,3,8,12355,48
2024/10/9,2024,10,9,3,9,11733,51
2024/10/9,2024,10,9,3,10,11354,55
2024/10/9,2024,10,9,3,11,11120,58
2024/10/9,2024,10,9,3,12,11047,60
2024/10/9,2024,10,9,3,13,11228,63
2024/10/9,2024,10,9,3,14,11533,63
2024/10/9,2024,10,9,3,15,11984,63
2024/10/9,2024,10,9,3,16,12642,63
2024/10/9,2024,10,9,3,17,13391,61
2024/10/9,2024,10,9,3,18,13931,59
2024/10/9,2024,10,9,3,19,13808,57
2024/10/9,2024,10,9,3,20,13276,54
2024/10/9,2024,10,9,3,21,12351,53
2024/10/9,2024,10,9,3,22,11333,52
2024/10/9,2024,10,9,3,23,10417,51
2024/10/9,2024,10,9,3,24,9796,50
2024/10/10,2024,10,10,4,1,9398,49
2024/10/10,2024,10,10,4,2,9253,48
2024/10/10,2024,10,10,4,3,9236,48
2024/10/10,2024,10,10,4,4,9550,47
2024/10/10,2024,10,10,4,5,10327,46
2024/10/10,2024,10,10,4,6,11879,45
2024/10/10,2024,10,10,4,7,12634,45
2024/10/10,2024,10,10,4,8,12407,46
2024/10/10,2024,10,10,4,9,11850,49
2024/10/10,2024,10,10,4,10,11479,52
2024/10/10,2024,10,10,4,11,11193,54
2024/10/10,2024,10,10,4,12,11123,56
2024/10/10,2024,10,10,4,13,11171,57
2024/10/10,2024,10,10,4,14,11384,58
2024/10/10,2024,10,10,4,15,11849,58
2024/10/10,2024,10,10,4,16,12518,58
2024/10/10,2024,10,10,4,17,13328,57
2024/10/10,2024,10,10,4,18,13927,55
2024/10/10,2024,10,10,4,19,13801,52
2024/10/10,2024,10,10,4,20,13228,51
2024/10/10,2024,10,10,4,21,12533,50
2024/10/10,2024,10,10,4,22,11488,49
2024/10/10,2024,10,10,4,23,10570,49
2024/10/10,2024,10,10,4,24,9962,48
2024/10/11,2024,10,11,5,1,9605,47
2024/10/11,2024,10,11,5,2,9427,45
2024/10/11,2024,10,11,5,3,9417,46
2024/10/11,2024,10,11,5,4,9716,46
2024/10/11,2024,10,11,5,5,10465,45
2024/10/11,2024,10,11,5,6,11892,44
2024/10/11,2024,10,11,5,7,12683,43
2024/10/11,2024,10,11,5,8,12508,46
2024/10/11,2024,10,11,5,9,11897,50
2024/10/11,2024,10,11,5,10,11313,53
2024/10/11,2024,10,11,5,11,10747,58
2024/10/11,2024,10,11,5,12,10572,61
2024/10/11,2024,10,11,5,13,10608,64
2024/10/11,2024,10,11,5,14,10768,66
2024/10/11,2024,10,11,5,15,11396,67
2024/10/11,2024,10,11,5,16,12314,67
2024/10/11,2024,10,11,5,17,13051,67
2024/10/11,2024,10,11,5,18,13478,64
2024/10/11,2024,10,11,5,19,13260,60
2024/10/11,2024,10,11,5,20,12736,59
2024/10/11,2024,10,11,5,21,12083,58
2024/10/11,2024,10,11,5,22,11223,57
2024/10/11,2024,10,11,5,23,10495,57
2024/10/11,2024,10,11,5,24,9843,56
2024/10/12,2024,10,12,6,1,9407,54
2024/10/12,2024,10,12,6,2,9186,54
2024/10/12,2024,10,12,6,3,9069,54
2024/10/12,2024,10,12,6,4,9156,55
2024/10/12,2024,10,12,6,5,9457,56
2024/10/12,2024,10,12,6,6,10043,56
2024/10/12,2024,10,12,6,7,10572,57
2024/10/12,2024,10,12,6,8,10698,60
2024/10/12,2024,10,12,6,9,10393,64
2024/10/12,2024,10,12,6,10,9796,66
2024/10/12,2024,10,12,6,11,9433,68
2024/10/12,2024,10,12,6,12,9303,69
2024/10/12,2024,10,12,6,13,9310,70
2024/10/12,2024,10,12,6,14,9654,70
2024/10/12,2024,10,12,6,15,10132,69
2024/10/12,2024,10,12,6,16,11156,69
2024/10/12,2024,10,12,6,17,12108,68
2024/10/12,2024,10,12,6,18,12572,64
2024/10/12,2024,10,12,6,19,12381,60
2024/10/12,2024,10,12,6,20,11954,57
2024/10/12,2024,10,12,6,21,11427,54
2024/10/12,2024,10,12,6,22,10754,53
2024/10/12,2024,10,12,6,23,10069,50
2024/10/12,2024,10,12,6,24,9573,48
2024/10/13,2024,10,13,7,1,9198,45
2024/10/13,2024,10,13,7,2,9012,43
2024/10/13,2024,10,13,7,3,8963,45
2024/10/13,2024,10,13,7,4,9061,45
2024/10/13,2024,10,13,7,5,9277,42
2024/10/13,2024,10,13,7,6,9780,44
2024/10/13,2024,10,13,7,7,10450,46
2024/10/13,2024,10,13,7,8,11201,47
2024/10/13,2024,10,13,7,9,11673,47
2024/10/13,2024,10,13,7,10,11778,48
2024/10/13,2024,10,13,7,11,11643,50
2024/10/13,2024,10,13,7,12,11702,51
2024/10/13,2024,10,13,7,13,12022,50
2024/10/13,2024,10,13,7,14,12227,50
2024/10/13,2024,10,13,7,15,12426,50
2024/10/13,2024,10,13,7,16,12890,50
2024/10/13,2024,10,13,7,17,13390,49
2024/10/13,2024,10,13,7,18,13579,49
2024/10/13,2024,10,13,7,19,13214,48
2024/10/13,2024,10,13,7,20,12669,48
2024/10/13,2024,10,13,7,21,11909,48
2024/10/13,2024,10,13,7,22,11085,48
2024/10/13,2024,10,13,7,23,10292,48
2024/10/13,2024,10,13,7,24,9783,48
2024/10/14,2024,10,14,1,1,9467,47
2024/10/14,2024,10,14,1,2,9282,47
2024/10/14,2024,10,14,1,3,9251,48
2024/10/14,2024,10,14,1,4,9474,47
2024/10/14,2024,10,14,1,5,10094,47
2024/10/14,2024,10,14,1,6,11081,47
2024/10/14,2024,10,14,1,7,12006,48
2024/10/14,2024,10,14,1,8,12801,48
2024/10/14,2024,10,14,1,9,13355,48
2024/10/14,2024,10,14,1,10,13705,49
2024/10/14,2024,10,14,1,11,13832,48
2024/10/14,2024,10,14,1,12,13687,49
2024/10/14,2024,10,14,1,13,13497,50
2024/10/14,2024,10,14,1,14,13309,51
2024/10/14,2024,10,14,1,15,13220,54
2024/10/14,2024,10,14,1,16,13524,56
2024/10/14,2024,10,14,1,17,14088,55
2024/10/14,2024,10,14,1,18,14398,53
2024/10/14,2024,10,14,1,19,14104,50
2024/10/14,2024,10,14,1,20,13533,49
2024/10/14,2024,10,14,1,21,12659,48
2024/10/14,2024,10,14,1,22,11678,46
2024/10/14,2024,10,14,1,23,10788,44
2024/10/14,2024,10,14,1,24,10223,43
2024/10/15,2024,10,15,2,1,9886,42
2024/10/15,2024,10,15,2,2,9731,41
2024/10/15,2024,10,15,2,3,9739,41
2024/10/15,2024,10,15,2,4,10081,40
2024/10/15,2024,10,15,2,5,10985,40
2024/10/15,2024,10,15,2,6,12517,40
2024/10/15,2024,10,15,2,7,13405,40
2024/10/15,2024,10,15,2,8,13082,41
2024/10/15,2024,10,15,2,9,12422,45
2024/10/15,2024,10,15,2,10,12073,48
2024/10/15,2024,10,15,2,11,11881,50
2024/10/15,2024,10,15,2,12,11633,51
2024/10/15,2024,10,15,2,13,11584,52
2024/10/15,2024,10,15,2,14,11758,53
2024/10/15,2024,10,15,2,15,12109,53
2024/10/15,2024,10,15,2,16,12840,54
2024/10/15,2024,10,15,2,17,13828,53
2024/10/15,2024,10,15,2,18,14426,51
2024/10/15,2024,10,15,2,19,14318,48
2024/10/15,2024,10,15,2,20,13787,46
2024/10/15,2024,10,15,2,21,12947,45
2024/10/15,2024,10,15,2,22,11936,44
2024/10/15,2024,10,15,2,23,11021,43
2024/10/15,2024,10,15,2,24,9776,42
2024/10/16,2024,10,16,3,1,9437,42
2024/10/16,2024,10,16,3,2,9290,41
2024/10/16,2024,10,16,3,3,9512,42
2024/10/16,2024,10,16,3,4,9967,42
2024/10/16,2024,10,16,3,5,10801,42
2024/10/16,2024,10,16,3,6,11130,42
2024/10/16,2024,10,16,3,7,11976,42
2024/10/16,2024,10,16,3,8,11810,43
2024/10/16,2024,10,16,3,9,11934,46
2024/10/16,2024,10,16,3,10,11531,48
2024/10/16,2024,10,16,3,11,11188,51
2024/10/16,2024,10,16,3,12,11095,52
2024/10/16,2024,10,16,3,13,10565,53
2024/10/16,2024,10,16,3,14,10368,55
2024/10/16,2024,10,16,3,15,10957,55
2024/10/16,2024,10,16,3,16,11733,56
2024/10/16,2024,10,16,3,17,12289,55
2024/10/16,2024,10,16,3,18,13225,52
2024/10/16,2024,10,16,3,19,13376,49
2024/10/16,2024,10,16,3,20,13173,47
2024/10/16,2024,10,16,3,21,12535,45
2024/10/16,2024,10,16,3,22,12060,44
2024/10/16,2024,10,16,3,23,11167,43
2024/10/16,2024,10,16,3,24,10569,42
2024/10/17,2024,10,17,4,1,10246,41
2024/10/17,2024,10,17,4,2,10108,39
2024/10/17,2024,10,17,4,3,10141,38
2024/10/17,2024,10,17,4,4,10471,37
2024/10/17,2024,10,17,4,5,11437,37
2024/10/17,2024,10,17,4,6,12988,37
2024/10/17,2024,10,17,4,7,13819,36
2024/10/17,2024,10,17,4,8,13451,39
2024/10/17,2024,10,17,4,9,12522,43
2024/10/17,2024,10,17,4,10,11823,48
2024/10/17,2024,10,17,4,11,11394,51
2024/10/17,2024,10,17,4,12,11213,53
2024/10/17,2024,10,17,4,13,11315,55
2024/10/17,2024,10,17,4,14,11517,56
2024/10/17,2024,10,17,4,15,12023,57
2024/10/17,2024,10,17,4,16,12762,56
2024/10/17,2024,10,17,4,17,13661,55
2024/10/17,2024,10,17,4,18,14285,53
2024/10/17,2024,10,17,4,19,14155,49
2024/10/17,2024,10,17,4,20,13738,49
2024/10/17,2024,10,17,4,21,12999,46
2024/10/17,2024,10,17,4,22,12003,47
2024/10/17,2024,10,17,4,23,11134,45
2024/10/17,2024,10,17,4,24,10564,45
2024/10/18,2024,10,18,5,1,10207,44
2024/10/18,2024,10,18,5,2,10051,43
2024/10/18,2024,10,18,5,3,10042,43
2024/10/18,2024,10,18,5,4,10325,43
2024/10/18,2024,10,18,5,5,11184,42
2024/10/18,2024,10,18,5,6,12632,43
2024/10/18,2024,10,18,5,7,13452,42
2024/10/18,2024,10,18,5,8,13108,43
2024/10/18,2024,10,18,5,9,12246,49
2024/10/18,2024,10,18,5,10,11458,54
2024/10/18,2024,10,18,5,11,10987,57
2024/10/18,2024,10,18,5,12,10699,60
2024/10/18,2024,10,18,5,13,10688,62
2024/10/18,2024,10,18,5,14,10861,64
2024/10/18,2024,10,18,5,15,11422,64
2024/10/18,2024,10,18,5,16,12319,64
2024/10/18,2024,10,18,5,17,13174,63
2024/10/18,2024,10,18,5,18,13623,59
2024/10/18,2024,10,18,5,19,13406,55
2024/10/18,2024,10,18,5,20,12958,52
2024/10/18,2024,10,18,5,21,12342,50
2024/10/18,2024,10,18,5,22,11546,49
2024/10/18,2024,10,18,5,23,10791,46
2024/10/18,2024,10,18,5,24,10203,45
2024/10/19,2024,10,19,6,1,9858,45
2024/10/19,2024,10,19,6,2,9644,45
2024/10/19,2024,10,19,6,3,9598,44
2024/10/19,2024,10,19,6,4,9712,43
2024/10/19,2024,10,19,6,5,10131,42
2024/10/19,2024,10,19,6,6,10840,41
2024/10/19,2024,10,19,6,7,11509,41
2024/10/19,2024,10,19,6,8,11545,43
2024/10/19,2024,10,19,6,9,10945,50
2024/10/19,2024,10,19,6,10,10320,55
2024/10/19,2024,10,19,6,11,9888,60
2024/10/19,2024,10,19,6,12,9630,63
2024/10/19,2024,10,19,6,13,9588,66
2024/10/19,2024,10,19,6,14,9865,68
2024/10/19,2024,10,19,6,15,10487,68
2024/10/19,2024,10,19,6,16,11446,68
2024/10/19,2024,10,19,6,17,12355,67
2024/10/19,2024,10,19,6,18,12806,64
2024/10/19,2024,10,19,6,19,12578,60
2024/10/19,2024,10,19,6,20,12141,57
2024/10/19,2024,10,19,6,21,11592,56
2024/10/19,2024,10,19,6,22,10923,52
2024/10/19,2024,10,19,6,23,10272,50
2024/10/19,2024,10,19,6,24,9814,49
2024/10/20,2024,10,20,7,1,9446,48
2024/10/20,2024,10,20,7,2,9239,47
2024/10/20,2024,10,20,7,3,9226,45
2024/10/20,2024,10,20,7,4,9291,43
2024/10/20,2024,10,20,7,5,9629,43
2024/10/20,2024,10,20,7,6,10128,43
2024/10/20,2024,10,20,7,7,10679,41
2024/10/20,2024,10,20,7,8,10782,43
2024/10/20,2024,10,20,7,9,10369,51
2024/10/20,2024,10,20,7,10,9971,56
2024/10/20,2024,10,20,7,11,9737,61
2024/10/20,2024,10,20,7,12,9594,65
2024/10/20,2024,10,20,7,13,9756,69
2024/10/20,2024,10,20,7,14,10024,72
2024/10/20,2024,10,20,7,15,10746,73
2024/10/20,2024,10,20,7,16,11831,74
2024/10/20,2024,10,20,7,17,12887,72
2024/10/20,2024,10,20,7,18,13419,68
2024/10/20,2024,10,20,7,19,13152,63
2024/10/20,2024,10,20,7,20,12545,60
2024/10/20,2024,10,20,7,21,11727,57
2024/10/20,2024,10,20,7,22,10789,56
2024/10/20,2024,10,20,7,23,9993,54
2024/10/20,2024,10,20,7,24,9517,53
2024/10/21,2024,10,21,1,1,9214,52
2024/10/21,2024,10,21,1,2,9077,53
2024/10/21,2024,10,21,1,3,9080,51
2024/10/21,2024,10,21,1,4,9430,50
2024/10/21,2024,10,21,1,5,10299,49
2024/10/21,2024,10,21,1,6,11788,50
2024/10/21,2024,10,21,1,7,12620,50
2024/10/21,2024,10,21,1,8,12535,52
2024/10/21,2024,10,21,1,9,12062,58
2024/10/21,2024,10,21,1,10,11634,64
2024/10/21,2024,10,21,1,11,11397,69
2024/10/21,2024,10,21,1,12,11321,74
2024/10/21,2024,10,21,1,13,11505,77
2024/10/21,2024,10,21,1,14,11871,80
2024/10/21,2024,10,21,1,15,12572,81
2024/10/21,2024,10,21,1,16,13374,80
2024/10/21,2024,10,21,1,17,14007,79
2024/10/21,2024,10,21,1,18,14320,75
2024/10/21,2024,10,21,1,19,13973,71
2024/10/21,2024,10,21,1,20,13358,70
2024/10/21,2024,10,21,1,21,12413,66
2024/10/21,2024,10,21,1,22,11359,65
2024/10/21,2024,10,21,1,23,10440,62
2024/10/21,2024,10,21,1,24,9810,61
2024/10/22,2024,10,22,2,1,9421,61
2024/10/22,2024,10,22,2,2,9191,58
2024/10/22,2024,10,22,2,3,9158,56
2024/10/22,2024,10,22,2,4,9320,56
2024/10/22,2024,10,22,2,5,10164,56
2024/10/22,2024,10,22,2,6,11584,56
2024/10/22,2024,10,22,2,7,12443,56
2024/10/22,2024,10,22,2,8,12359,56
2024/10/22,2024,10,22,2,9,11900,63
2024/10/22,2024,10,22,2,10,11601,68
2024/10/22,2024,10,22,2,11,11433,71
2024/10/22,2024,10,22,2,12,11432,73
2024/10/22,2024,10,22,2,13,11672,74
2024/10/22,2024,10,22,2,14,12018,75
2024/10/22,2024,10,22,2,15,12621,75
2024/10/22,2024,10,22,2,16,13410,74
2024/10/22,2024,10,22,2,17,14093,72
2024/10/22,2024,10,22,2,18,14352,68
2024/10/22,2024,10,22,2,19,13963,65
2024/10/22,2024,10,22,2,20,13345,64
2024/10/22,2024,10,22,2,21,12500,62
2024/10/22,2024,10,22,2,22,11426,60
2024/10/22,2024,10,22,2,23,10495,59
2024/10/22,2024,10,22,2,24,9869,56
2024/10/23,2024,10,23,3,1,9478,57
2024/10/23,2024,10,23,3,2,9254,56
2024/10/23,2024,10,23,3,3,9208,56
2024/10/23,2024,10,23,3,4,9407,54
2024/10/23,2024,10,23,3,5,10215,54
2024/10/23,2024,10,23,3,6,11604,54
2024/10/23,2024,10,23,3,7,12502,55
2024/10/23,2024,10,23,3,8,12468,55
2024/10/23,2024,10,23,3,9,12083,58
2024/10/23,2024,10,23,3,10,11674,61
2024/10/23,2024,10,23,3,11,11386,66
2024/10/23,2024,10,23,3,12,11407,70
2024/10/23,2024,10,23,3,13,11664,73
2024/10/23,2024,10,23,3,14,12107,75
2024/10/23,2024,10,23,3,15,12737,75
2024/10/23,2024,10,23,3,16,13479,74
2024/10/23,2024,10,23,3,17,14115,72
2024/10/23,2024,10,23,3,18,14482,69
2024/10/23,2024,10,23,3,19,14151,67
2024/10/23,2024,10,23,3,20,13517,66
2024/10/23,2024,10,23,3,21,12661,65
2024/10/23,2024,10,23,3,22,11632,63
2024/10/23,2024,10,23,3,23,10681,62
2024/10/23,2024,10,23,3,24,10035,61
2024/10/24,2024,10,24,4,1,9643,60
2024/10/24,2024,10,24,4,2,9405,59
2024/10/24,2024,10,24,4,3,9311,58
2024/10/24,2024,10,24,4,4,9540,57
2024/10/24,2024,10,24,4,5,10289,58
2024/10/24,2024,10,24,4,6,11675,60
2024/10/24,2024,10,24,4,7,12676,60
2024/10/24,2024,10,24,4,8,12821,61
2024/10/24,2024,10,24,4,9,12565,62
2024/10/24,2024,10,24,4,10,12062,64
2024/10/24,2024,10,24,4,11,11587,66
2024/10/24,2024,10,24,4,12,11488,68
2024/10/24,2024,10,24,4,13,11783,68
2024/10/24,2024,10,24,4,14,11938,68
2024/10/24,2024,10,24,4,15,12157,67
2024/10/24,2024,10,24,4,16,12754,67
2024/10/24,2024,10,24,4,17,13442,66
2024/10/24,2024,10,24,4,18,13873,62
2024/10/24,2024,10,24,4,19,13576,60
2024/10/24,2024,10,24,4,20,13013,58
2024/10/24,2024,10,24,4,21,12206,55
2024/10/24,2024,10,24,4,22,11231,53
2024/10/24,2024,10,24,4,23,10302,52
2024/10/24,2024,10,24,4,24,9740,50
2024/10/25,2024,10,25,5,1,9385,48
2024/10/25,2024,10,25,5,2,9195,47
2024/10/25,2024,10,25,5,3,9198,45
2024/10/25,2024,10,25,5,4,9468,44
2024/10/25,2024,10,25,5,5,10205,44
2024/10/25,2024,10,25,5,6,11651,43
2024/10/25,2024,10,25,5,7,12677,42
2024/10/25,2024,10,25,5,8,12465,43
2024/10/25,2024,10,25,5,9,11728,47
2024/10/25,2024,10,25,5,10,11093,51
2024/10/25,2024,10,25,5,11,10643,54
2024/10/25,2024,10,25,5,12,10443,56
2024/10/25,2024,10,25,5,13,10546,57
2024/10/25,2024,10,25,5,14,10703,58
2024/10/25,2024,10,25,5,15,11323,59
2024/10/25,2024,10,25,5,16,12255,59
2024/10/25,2024,10,25,5,17,13199,59
2024/10/25,2024,10,25,5,18,13493,55
2024/10/25,2024,10,25,5,19,13154,53
2024/10/25,2024,10,25,5,20,12695,52
2024/10/25,2024,10,25,5,21,12075,52
2024/10/25,2024,10,25,5,22,11335,51
2024/10/25,2024,10,25,5,23,10529,51
2024/10/25,2024,10,25,5,24,9972,51
2024/10/26,2024,10,26,6,1,9517,50
2024/10/26,2024,10,26,6,2,9280,49
2024/10/26,2024,10,26,6,3,9193,49
2024/10/26,2024,10,26,6,4,9287,48
2024/10/26,2024,10,26,6,5,9596,48
2024/10/26,2024,10,26,6,6,10247,47
2024/10/26,2024,10,26,6,7,10902,47
2024/10/26,2024,10,26,6,8,11264,48
2024/10/26,2024,10,26,6,9,11032,53
2024/10/26,2024,10,26,6,10,10506,58
2024/10/26,2024,10,26,6,11,10120,61
2024/10/26,2024,10,26,6,12,9953,62
2024/10/26,2024,10,26,6,13,9797,63
2024/10/26,2024,10,26,6,14,9972,63
2024/10/26,2024,10,26,6,15,10553,63
2024/10/26,2024,10,26,6,16,11474,61
2024/10/26,2024,10,26,6,17,12396,60
2024/10/26,2024,10,26,6,18,12784,57
2024/10/26,2024,10,26,6,19,12543,55
2024/10/26,2024,10,26,6,20,12089,52
2024/10/26,2024,10,26,6,21,11589,50
2024/10/26,2024,10,26,6,22,10972,48
2024/10/26,2024,10,26,6,23,10211,46
2024/10/26,2024,10,26,6,24,9860,45
2024/10/27,2024,10,27,7,1,9516,44
2024/10/27,2024,10,27,7,2,9339,43
2024/10/27,2024,10,27,7,3,9301,42
2024/10/27,2024,10,27,7,4,9381,42
2024/10/27,2024,10,27,7,5,9679,41
2024/10/27,2024,10,27,7,6,10257,40
2024/10/27,2024,10,27,7,7,10961,39
2024/10/27,2024,10,27,7,8,11129,39
2024/10/27,2024,10,27,7,9,10622,43
2024/10/27,2024,10,27,7,10,10111,45
2024/10/27,2024,10,27,7,11,9825,48
2024/10/27,2024,10,27,7,12,9863,51
2024/10/27,2024,10,27,7,13,9924,52
2024/10/27,2024,10,27,7,14,10373,54
2024/10/27,2024,10,27,7,15,10990,54
2024/10/27,2024,10,27,7,16,12090,54
2024/10/27,2024,10,27,7,17,13255,53
2024/10/27,2024,10,27,7,18,13904,51
2024/10/27,2024,10,27,7,19,13567,48
2024/10/27,2024,10,27,7,20,13042,46
2024/10/27,2024,10,27,7,21,12260,45
2024/10/27,2024,10,27,7,22,11412,44
2024/10/27,2024,10,27,7,23,10588,43
2024/10/27,2024,10,27,7,24,10103,42
2024/10/28,2024,10,28,1,1,9826,42
2024/10/28,2024,10,28,1,2,9711,42
2024/10/28,2024,10,28,1,3,9737,40
2024/10/28,2024,10,28,1,4,10168,39
2024/10/28,2024,10,28,1,5,11028,39
2024/10/28,2024,10,28,1,6,12611,37
2024/10/28,2024,10,28,1,7,13623,38
2024/10/28,2024,10,28,1,8,13641,38
2024/10/28,2024,10,28,1,9,13276,41
2024/10/28,2024,10,28,1,10,12628,43
2024/10/28,2024,10,28,1,11,11801,44
2024/10/28,2024,10,28,1,12,11337,46
2024/10/28,2024,10,28,1,13,11250,47
2024/10/28,2024,10,28,1,14,11374,49
2024/10/28,2024,10,28,1,15,11927,50
2024/10/28,2024,10,28,1,16,13040,51
2024/10/28,2024,10,28,1,17,14162,50
2024/10/28,2024,10,28,1,18,14736,48
2024/10/28,2024,10,28,1,19,14456,45
2024/10/28,2024,10,28,1,20,13933,43
2024/10/28,2024,10,28,1,21,13172,42
2024/10/28,2024,10,28,1,22,12172,41
2024/10/28,2024,10,28,1,23,11319,39
2024/10/28,2024,10,28,1,24,10663,38
2024/10/29,2024,10,29,2,1,10312,39
2024/10/29,2024,10,29,2,2,10164,40
2024/10/29,2024,10,29,2,3,10176,40
2024/10/29,2024,10,29,2,4,10422,40
2024/10/29,2024,10,29,2,5,11327,39
2024/10/29,2024,10,29,2,6,12824,41
2024/10/29,2024,10,29,2,7,13774,41
2024/10/29,2024,10,29,2,8,13741,42
2024/10/29,2024,10,29,2,9,13445,45
2024/10/29,2024,10,29,2,10,13218,47
2024/10/29,2024,10,29,2,11,13195,50
2024/10/29,2024,10,29,2,12,13258,51
2024/10/29,2024,10,29,2,13,13266,52
2024/10/29,2024,10,29,2,14,13251,53
2024/10/29,2024,10,29,2,15,13415,55
2024/10/29,2024,10,29,2,16,13874,54
2024/10/29,2024,10,29,2,17,14522,54
2024/10/29,2024,10,29,2,18,14666,53
2024/10/29,2024,10,29,2,19,14346,53
2024/10/29,2024,10,29,2,20,13696,53
2024/10/29,2024,10,29,2,21,12864,53
2024/10/29,2024,10,29,2,22,11799,52
2024/10/29,2024,10,29,2,23,10888,51
2024/10/29,2024,10,29,2,24,10295,52
2024/10/30,2024,10,30,3,1,9908,51
2024/10/30,2024,10,30,3,2,9693,51
2024/10/30,2024,10,30,3,3,9662,51
2024/10/30,2024,10,30,3,4,9918,51
2024/10/30,2024,10,30,3,5,10768,51
2024/10/30,2024,10,30,3,6,12198,51
2024/10/30,2024,10,30,3,7,13225,52
2024/10/30,2024,10,30,3,8,13325,52
2024/10/30,2024,10,30,3,9,13170,54
2024/10/30,2024,10,30,3,10,12883,56
2024/10/30,2024,10,30,3,11,12580,57
2024/10/30,2024,10,30,3,12,12362,61
2024/10/30,2024,10,30,3,13,12322,64
2024/10/30,2024,10,30,3,14,12436,66
2024/10/30,2024,10,30,3,15,12735,67
2024/10/30,2024,10,30,3,16,13395,68
2024/10/30,2024,10,30,3,17,14062,67
2024/10/30,2024,10,30,3,18,14401,65
2024/10/30,2024,10,30,3,19,14031,63
2024/10/30,2024,10,30,3,20,13443,62
2024/10/30,2024,10,30,3,21,12622,61
2024/10/30,2024,10,30,3,22,11620,61
2024/10/30,2024,10,30,3,23,10716,60
2024/10/30,2024,10,30,3,24,10086,59
2024/10/31,2024,10,31,4,1,9666,59
2024/10/31,2024,10,31,4,2,9427,58
2024/10/31,2024,10,31,4,3,9387,58
2024/10/31,2024,10,31,4,4,9637,57
2024/10/31,2024,10,31,4,5,10459,57
2024/10/31,2024,10,31,4,6,11874,56
2024/10/31,2024,10,31,4,7,12754,55
2024/10/31,2024,10,31,4,8,12702,56
2024/10/31,2024,10,31,4,9,12316,60
2024/10/31,2024,10,31,4,10,11873,64
2024/10/31,2024,10,31,4,11,11690,70
2024/10/31,2024,10,31,4,12,11706,73
2024/10/31,2024,10,31,4,13,11992,76
2024/10/31,2024,10,31,4,14,12348,77
2024/10/31,2024,10,31,4,15,12929,78
2024/10/31,2024,10,31,4,16,13455,77
2024/10/31,2024,10,31,4,17,13750,75
2024/10/31,2024,10,31,4,18,13594,72
2024/10/31,2024,10,31,4,19,13241,71
2024/10/31,2024,10,31,4,20,12947,70
2024/10/31,2024,10,31,4,21,12402,69
2024/10/31,2024,10,31,4,22,11561,68
2024/10/31,2024,10,31,4,23,10691,67
2024/10/31,2024,10,31,4,24,10122,66
2024/11/1,2024,11,1,5,1,9741,65
2024/11/1,2024,11,1,5,2,9514,66
2024/11/1,2024,11,1,5,3,9443,66
2024/11/1,2024,11,1,5,4,9652,66
2024/11/1,2024,11,1,5,5,10357,65
2024/11/1,2024,11,1,5,6,11646,65
2024/11/1,2024,11,1,5,7,12609,64
2024/11/1,2024,11,1,5,8,12992,65
2024/11/1,2024,11,1,5,9,13116,66
2024/11/1,2024,11,1,5,10,12963,68
2024/11/1,2024,11,1,5,11,12622,70
2024/11/1,2024,11,1,5,12,12186,73
2024/11/1,2024,11,1,5,13,12133,76
2024/11/1,2024,11,1,5,14,12262,77
2024/11/1,2024,11,1,5,15,12683,78
2024/11/1,2024,11,1,5,16,13297,75
2024/11/1,2024,11,1,5,17,13764,71
2024/11/1,2024,11,1,5,18,13822,66
2024/11/1,2024,11,1,5,19,13234,62
2024/11/1,2024,11,1,5,20,12616,60
2024/11/1,2024,11,1,5,21,11916,58
2024/11/1,2024,11,1,5,22,11089,56
2024/11/1,2024,11,1,5,23,10240,54
2024/11/1,2024,11,1,5,24,9599,54
2024/11/2,2024,11,2,6,1,9244,53
2024/11/2,2024,11,2,6,2,9014,52
2024/11/2,2024,11,2,6,3,8941,51
2024/11/2,2024,11,2,6,4,9015,51
2024/11/2,2024,11,2,6,5,9352,50
2024/11/2,2024,11,2,6,6,9945,49
2024/11/2,2024,11,2,6,7,10653,48
2024/11/2,2024,11,2,6,8,11162,48
2024/11/2,2024,11,2,6,9,11020,50
2024/11/2,2024,11,2,6,10,10961,52
2024/11/2,2024,11,2,6,11,10940,53
2024/11/2,2024,11,2,6,12,10916,53
2024/11/2,2024,11,2,6,13,10939,54
2024/11/2,2024,11,2,6,14,11034,53
2024/11/2,2024,11,2,6,15,11297,54
2024/11/2,2024,11,2,6,16,11981,53
2024/11/2,2024,11,2,6,17,12819,52
2024/11/2,2024,11,2,6,18,13163,50
2024/11/2,2024,11,2,6,19,12883,48
2024/11/2,2024,11,2,6,20,12458,45
2024/11/2,2024,11,2,6,21,11940,44
2024/11/2,2024,11,2,6,22,11321,42
2024/11/2,2024,11,2,6,23,10684,42
2024/11/2,2024,11,2,6,24,10182,40
2024/11/3,2024,11,3,7,1,9870,39
2024/11/3,2024,11,3,7,2,9672,39
2024/11/3,2024,11,3,7,3,9636,36
2024/11/3,2024,11,3,7,4,9667,35
2024/11/3,2024,11,3,7,5,9869,34
2024/11/3,2024,11,3,7,6,10347,34
2024/11/3,2024,11,3,7,7,11039,33
2024/11/3,2024,11,3,7,8,11347,34
2024/11/3,2024,11,3,7,9,11084,37
2024/11/3,2024,11,3,7,10,10641,40
2024/11/3,2024,11,3,7,11,10199,43
2024/11/3,2024,11,3,7,12,10063,45
2024/11/3,2024,11,3,7,13,10115,47
2024/11/3,2024,11,3,7,14,10453,48
2024/11/3,2024,11,3,7,15,11205,49
2024/11/3,2024,11,3,7,16,12242,50
2024/11/3,2024,11,3,7,17,13494,49
2024/11/3,2024,11,3,7,18,14471,46
2024/11/3,2024,11,3,7,19,14277,43
2024/11/3,2024,11,3,7,20,13871,41
2024/11/3,2024,11,3,7,21,13313,39
2024/11/3,2024,11,3,7,22,12564,38
2024/11/3,2024,11,3,7,23,11731,36
2024/11/3,2024,11,3,7,24,10924,36
2024/11/4,2024,11,4,1,1,10585,36
2024/11/4,2024,11,4,1,2,10359,34
2024/11/4,2024,11,4,1,3,10307,34
2024/11/4,2024,11,4,1,4,10416,33
2024/11/4,2024,11,4,1,5,10872,32
2024/11/4,2024,11,4,1,6,11929,32
2024/11/4,2024,11,4,1,7,13481,34
2024/11/4,2024,11,4,1,8,14050,36
2024/11/4,2024,11,4,1,9,14029,38
2024/11/4,2024,11,4,1,10,13944,41
2024/11/4,2024,11,4,1,11,13961,43
2024/11/4,2024,11,4,1,12,13627,45
2024/11/4,2024,11,4,1,13,13377,47
2024/11/4,2024,11,4,1,14,13237,50
2024/11/4,2024,11,4,1,15,13390,51
2024/11/4,2024,11,4,1,16,13882,52
2024/11/4,2024,11,4,1,17,14811,51
2024/11/4,2024,11,4,1,18,15438,50
2024/11/4,2024,11,4,1,19,15094,50
2024/11/4,2024,11,4,1,20,14505,50
2024/11/4,2024,11,4,1,21,13732,50
2024/11/4,2024,11,4,1,22,12781,50
2024/11/4,2024,11,4,1,23,11735,49
2024/11/4,2024,11,4,1,24,10934,50
2024/11/5,2024,11,5,2,1,10351,50
2024/11/5,2024,11,5,2,2,9925,50
2024/11/5,2024,11,5,2,3,9733,50
2024/11/5,2024,11,5,2,4,9717,50
2024/11/5,2024,11,5,2,5,10015,51
2024/11/5,2024,11,5,2,6,10885,52
2024/11/5,2024,11,5,2,7,12201,53
2024/11/5,2024,11,5,2,8,12784,54
2024/11/5,2024,11,5,2,9,12717,56
2024/11/5,2024,11,5,2,10,12310,59
2024/11/5,2024,11,5,2,11,11916,62
2024/11/5,2024,11,5,2,12,11740,65
2024/11/5,2024,11,5,2,13,11740,68
2024/11/5,2024,11,5,2,14,12059,71
2024/11/5,2024,11,5,2,15,12618,72
2024/11/5,2024,11,5,2,16,13306,73
2024/11/5,2024,11,5,2,17,14045,71
2024/11/5,2024,11,5,2,18,14758,68
2024/11/5,2024,11,5,2,19,14424,66
2024/11/5,2024,11,5,2,20,13890,65
2024/11/5,2024,11,5,2,21,13187,63
2024/11/5,2024,11,5,2,22,12312,62
2024/11/5,2024,11,5,2,23,11439,61
2024/11/5,2024,11,5,2,24,10687,61
2024/11/6,2024,11,6,3,1,10159,62
2024/11/6,2024,11,6,3,2,9762,62
2024/11/6,2024,11,6,3,3,9556,63
2024/11/6,2024,11,6,3,4,9513,63
2024/11/6,2024,11,6,3,5,9756,63
2024/11/6,2024,11,6,3,6,10603,63
2024/11/6,2024,11,6,3,7,11936,62
2024/11/6,2024,11,6,3,8,12384,63
2024/11/6,2024,11,6,3,9,12228,64
2024/11/6,2024,11,6,3,10,12033,68
2024/11/6,2024,11,6,3,11,11988,72
2024/11/6,2024,11,6,3,12,12143,74
2024/11/6,2024,11,6,3,13,12612,77
2024/11/6,2024,11,6,3,14,13132,79
2024/11/6,2024,11,6,3,15,13579,79
2024/11/6,2024,11,6,3,16,14000,78
2024/11/6,2024,11,6,3,17,14573,76
2024/11/6,2024,11,6,3,18,15141,75
2024/11/6,2024,11,6,3,19,14793,73
2024/11/6,2024,11,6,3,20,14244,71
2024/11/6,2024,11,6,3,21,13569,69
2024/11/6,2024,11,6,3,22,12654,69
2024/11/6,2024,11,6,3,23,11618,68
2024/11/6,2024,11,6,3,24,10767,67
2024/11/7,2024,11,7,4,1,10125,66
2024/11/7,2024,11,7,4,2,9700,65
2024/11/7,2024,11,7,4,3,9454,63
2024/11/7,2024,11,7,4,4,9373,61
2024/11/7,2024,11,7,4,5,9591,59
2024/11/7,2024,11,7,4,6,10346,58
2024/11/7,2024,11,7,4,7,11704,58
2024/11/7,2024,11,7,4,8,12371,58
2024/11/7,2024,11,7,4,9,12357,60
2024/11/7,2024,11,7,4,10,12228,64
2024/11/7,2024,11,7,4,11,12209,66
2024/11/7,2024,11,7,4,12,12003,66
2024/11/7,2024,11,7,4,13,11808,67
2024/11/7,2024,11,7,4,14,11861,67
2024/11/7,2024,11,7,4,15,12255,67
2024/11/7,2024,11,7,4,16,12942,65
2024/11/7,2024,11,7,4,17,13712,63
2024/11/7,2024,11,7,4,18,14299,60
2024/11/7,2024,11,7,4,19,14024,57
2024/11/7,2024,11,7,4,20,13540,55
2024/11/7,2024,11,7,4,21,12919,52
2024/11/7,2024,11,7,4,22,12170,51
2024/11/7,2024,11,7,4,23,11246,50
2024/11/7,2024,11,7,4,24,10456,48
2024/11/8,2024,11,8,5,1,9899,47
2024/11/8,2024,11,8,5,2,9568,45
2024/11/8,2024,11,8,5,3,9400,44
2024/11/8,2024,11,8,5,4,9431,43
2024/11/8,2024,11,8,5,5,9769,43
2024/11/8,2024,11,8,5,6,10641,42
2024/11/8,2024,11,8,5,7,12029,42
2024/11/8,2024,11,8,5,8,12516,42
2024/11/8,2024,11,8,5,9,12100,47
2024/11/8,2024,11,8,5,10,11513,52
2024/11/8,2024,11,8,5,11,11215,55
2024/11/8,2024,11,8,5,12,11236,59
2024/11/8,2024,11,8,5,13,11348,61
2024/11/8,2024,11,8,5,14,11801,63
2024/11/8,2024,11,8,5,15,12245,63
2024/11/8,2024,11,8,5,16,12830,63
2024/11/8,2024,11,8,5,17,13649,61
2024/11/8,2024,11,8,5,18,14129,58
2024/11/8,2024,11,8,5,19,13766,56
2024/11/8,2024,11,8,5,20,13305,55
2024/11/8,2024,11,8,5,21,12790,53
2024/11/8,2024,11,8,5,22,12139,52
2024/11/8,2024,11,8,5,23,11387,48
2024/11/8,2024,11,8,5,24,10610,47
2024/11/9,2024,11,9,6,1,10074,46
2024/11/9,2024,11,9,6,2,9820,45
2024/11/9,2024,11,9,6,3,9665,44
2024/11/9,2024,11,9,6,4,9622,43
2024/11/9,2024,11,9,6,5,9759,43
2024/11/9,2024,11,9,6,6,10214,41
2024/11/9,2024,11,9,6,7,10878,40
2024/11/9,2024,11,9,6,8,11231,40
2024/11/9,2024,11,9,6,9,11031,42
2024/11/9,2024,11,9,6,10,10628,44
2024/11/9,2024,11,9,6,11,10250,46
2024/11/9,2024,11,9,6,12,10101,48
2024/11/9,2024,11,9,6,13,10118,49
2024/11/9,2024,11,9,6,14,10423,51
2024/11/9,2024,11,9,6,15,11072,52
2024/11/9,2024,11,9,6,16,12098,52
2024/11/9,2024,11,9,6,17,13203,50
2024/11/9,2024,11,9,6,18,13912,47
2024/11/9,2024,11,9,6,19,13709,45
2024/11/9,2024,11,9,6,20,13367,44
2024/11/9,2024,11,9,6,21,12931,42
2024/11/9,2024,11,9,6,22,12445,41
2024/11/9,2024,11,9,6,23,11796,40
2024/11/9,2024,11,9,6,24,11208,38
2024/11/10,2024,11,10,7,1,10769,36
2024/11/10,2024,11,10,7,2,10478,34
2024/11/10,2024,11,10,7,3,10368,32
2024/11/10,2024,11,10,7,4,10323,32
2024/11/10,2024,11,10,7,5,10441,32
2024/11/10,2024,11,10,7,6,10801,32
2024/11/10,2024,11,10,7,7,11261,32
2024/11/10,2024,11,10,7,8,11584,33
2024/11/10,2024,11,10,7,9,11483,37
2024/11/10,2024,11,10,7,10,11092,41
2024/11/10,2024,11,10,7,11,10837,45
2024/11/10,2024,11,10,7,12,10747,50
2024/11/10,2024,11,10,7,13,11015,53
2024/11/10,2024,11,10,7,14,11385,56
2024/11/10,2024,11,10,7,15,11914,57
2024/11/10,2024,11,10,7,16,12601,56
2024/11/10,2024,11,10,7,17,13616,55
2024/11/10,2024,11,10,7,18,14143,55
2024/11/10,2024,11,10,7,19,13771,54
2024/11/10,2024,11,10,7,20,13271,54
2024/11/10,2024,11,10,7,21,12625,53
2024/11/10,2024,11,10,7,22,11846,53
2024/11/10,2024,11,10,7,23,11064,52
2024/11/10,2024,11,10,7,24,10327,51
2024/11/11,2024,11,11,1,1,9858,51
2024/11/11,2024,11,11,1,2,9554,52
2024/11/11,2024,11,11,1,3,9322,53
2024/11/11,2024,11,11,1,4,9308,55
2024/11/11,2024,11,11,1,5,9571,55
2024/11/11,2024,11,11,1,6,10252,55
2024/11/11,2024,11,11,1,7,11360,55
2024/11/11,2024,11,11,1,8,12141,55
2024/11/11,2024,11,11,1,9,12295,56
2024/11/11,2024,11,11,1,10,12112,58
2024/11/11,2024,11,11,1,11,11749,61
2024/11/11,2024,11,11,1,12,11706,63
2024/11/11,2024,11,11,1,13,11894,64
2024/11/11,2024,11,11,1,14,12236,65
2024/11/11,2024,11,11,1,15,12637,66
2024/11/11,2024,11,11,1,16,13120,65
2024/11/11,2024,11,11,1,17,13921,64
2024/11/11,2024,11,11,1,18,14568,61
2024/11/11,2024,11,11,1,19,14217,60
2024/11/11,2024,11,11,1,20,13651,59
2024/11/11,2024,11,11,1,21,12959,58
2024/11/11,2024,11,11,1,22,12099,57
2024/11/11,2024,11,11,1,23,11174,56
2024/11/11,2024,11,11,1,24,10245,56
2024/11/12,2024,11,12,2,1,9807,55
2024/11/12,2024,11,12,2,2,9475,53
2024/11/12,2024,11,12,2,3,9308,52
2024/11/12,2024,11,12,2,4,9336,52
2024/11/12,2024,11,12,2,5,9721,51
2024/11/12,2024,11,12,2,6,10602,50
2024/11/12,2024,11,12,2,7,12119,49
2024/11/12,2024,11,12,2,8,12683,49
2024/11/12,2024,11,12,2,9,12446,49
2024/11/12,2024,11,12,2,10,12036,50
2024/11/12,2024,11,12,2,11,11990,49
2024/11/12,2024,11,12,2,12,11923,50
2024/11/12,2024,11,12,2,13,11777,49
2024/11/12,2024,11,12,2,14,11995,49
2024/11/12,2024,11,12,2,15,12487,49
2024/11/12,2024,11,12,2,16,13327,47
2024/11/12,2024,11,12,2,17,14469,45
2024/11/12,2024,11,12,2,18,15291,43
2024/11/12,2024,11,12,2,19,15122,42
2024/11/12,2024,11,12,2,20,14735,41
2024/11/12,2024,11,12,2,21,14153,40
2024/11/12,2024,11,12,2,22,13398,39
2024/11/12,2024,11,12,2,23,12457,38
2024/11/12,2024,11,12,2,24,11530,37
2024/11/13,2024,11,13,3,1,11101,36
2024/11/13,2024,11,13,3,2,10832,35
2024/11/13,2024,11,13,3,3,10692,34
2024/11/13,2024,11,13,3,4,10793,34
2024/11/13,2024,11,13,3,5,11188,32
2024/11/13,2024,11,13,3,6,12264,32
2024/11/13,2024,11,13,3,7,13675,32
2024/11/13,2024,11,13,3,8,14153,32
2024/11/13,2024,11,13,3,9,13496,35
2024/11/13,2024,11,13,3,10,12611,37
2024/11/13,2024,11,13,3,11,12091,39
2024/11/13,2024,11,13,3,12,11763,42
2024/11/13,2024,11,13,3,13,11693,43
2024/11/13,2024,11,13,3,14,12028,45
2024/11/13,2024,11,13,3,15,12727,46
2024/11/13,2024,11,13,3,16,13760,46
2024/11/13,2024,11,13,3,17,14898,45
2024/11/13,2024,11,13,3,18,15714,41
2024/11/13,2024,11,13,3,19,15540,40
2024/11/13,2024,11,13,3,20,15214,39
2024/11/13,2024,11,13,3,21,14725,37
2024/11/13,2024,11,13,3,22,13920,36
2024/11/13,2024,11,13,3,23,12938,36
2024/11/13,2024,11,13,3,24,12115,34
2024/11/14,2024,11,14,4,1,11586,32
2024/11/14,2024,11,14,4,2,11286,31
2024/11/14,2024,11,14,4,3,11173,31
2024/11/14,2024,11,14,4,4,11216,30
2024/11/14,2024,11,14,4,5,11599,30
2024/11/14,2024,11,14,4,6,12569,30
2024/11/14,2024,11,14,4,7,14058,30
2024/11/14,2024,11,14,4,8,14490,29
2024/11/14,2024,11,14,4,9,13691,33
2024/11/14,2024,11,14,4,10,12856,36
2024/11/14,2024,11,14,4,11,12317,39
2024/11/14,2024,11,14,4,12,12020,42
2024/11/14,2024,11,14,4,13,11938,44
2024/11/14,2024,11,14,4,14,12311,45
2024/11/14,2024,11,14,4,15,13034,46
2024/11/14,2024,11,14,4,16,13969,45
2024/11/14,2024,11,14,4,17,15085,43
2024/11/14,2024,11,14,4,18,15697,41
2024/11/14,2024,11,14,4,19,15581,40
2024/11/14,2024,11,14,4,20,15269,38
2024/11/14,2024,11,14,4,21,14769,37
2024/11/14,2024,11,14,4,22,13995,37
2024/11/14,2024,11,14,4,23,13068,36
2024/11/14,2024,11,14,4,24,12220,36
2024/11/15,2024,11,15,5,1,11569,36
2024/11/15,2024,11,15,5,2,11227,35
2024/11/15,2024,11,15,5,3,11097,34
2024/11/15,2024,11,15,5,4,11196,33
2024/11/15,2024,11,15,5,5,11564,33
2024/11/15,2024,11,15,5,6,12462,31
2024/11/15,2024,11,15,5,7,13859,31
2024/11/15,2024,11,15,5,8,14376,32
2024/11/15,2024,11,15,5,9,13735,35
2024/11/15,2024,11,15,5,10,12790,40
2024/11/15,2024,11,15,5,11,12157,45
2024/11/15,2024,11,15,5,12,11772,50
2024/11/15,2024,11,15,5,13,11735,54
2024/11/15,2024,11,15,5,14,11942,56
2024/11/15,2024,11,15,5,15,12461,58
2024/11/15,2024,11,15,5,16,13285,57
2024/11/15,2024,11,15,5,17,14219,55
2024/11/15,2024,11,15,5,18,14786,52
2024/11/15,2024,11,15,5,19,14474,51
2024/11/15,2024,11,15,5,20,13991,49
2024/11/15,2024,11,15,5,21,13501,48
2024/11/15,2024,11,15,5,22,12868,48
2024/11/15,2024,11,15,5,23,12093,47
2024/11/15,2024,11,15,5,24,11247,47
2024/11/16,2024,11,16,6,1,10794,45
2024/11/16,2024,11,16,6,2,10431,44
2024/11/16,2024,11,16,6,3,10211,44
2024/11/16,2024,11,16,6,4,10136,44
2024/11/16,2024,11,16,6,5,10269,43
2024/11/16,2024,11,16,6,6,10671,42
2024/11/16,2024,11,16,6,7,11273,41
2024/11/16,2024,11,16,6,8,11653,42
2024/11/16,2024,11,16,6,9,11551,46
2024/11/16,2024,11,16,6,10,11189,50
2024/11/16,2024,11,16,6,11,10840,52
2024/11/16,2024,11,16,6,12,10620,55
2024/11/16,2024,11,16,6,13,10655,58
2024/11/16,2024,11,16,6,14,10873,59
2024/11/16,2024,11,16,6,15,11408,61
2024/11/16,2024,11,16,6,16,12225,60
2024/11/16,2024,11,16,6,17,13149,58
2024/11/16,2024,11,16,6,18,13713,55
2024/11/16,2024,11,16,6,19,13470,53
2024/11/16,2024,11,16,6,20,13038,53
2024/11/16,2024,11,16,6,21,12606,51
2024/11/16,2024,11,16,6,22,12068,50
2024/11/16,2024,11,16,6,23,11421,49
2024/11/16,2024,11,16,6,24,10790,47
2024/11/17,2024,11,17,7,1,10269,47
2024/11/17,2024,11,17,7,2,9974,46
2024/11/17,2024,11,17,7,3,9777,45
2024/11/17,2024,11,17,7,4,9710,44
2024/11/17,2024,11,17,7,5,9899,44
2024/11/17,2024,11,17,7,6,10211,43
2024/11/17,2024,11,17,7,7,10748,41
2024/11/17,2024,11,17,7,8,11066,41
2024/11/17,2024,11,17,7,9,10854,45
2024/11/17,2024,11,17,7,10,10417,50
2024/11/17,2024,11,17,7,11,10093,53
2024/11/17,2024,11,17,7,12,10083,57
2024/11/17,2024,11,17,7,13,10267,60
2024/11/17,2024,11,17,7,14,10656,62
2024/11/17,2024,11,17,7,15,11420,63
2024/11/17,2024,11,17,7,16,12358,63
2024/11/17,2024,11,17,7,17,13528,59
2024/11/17,2024,11,17,7,18,14236,55
2024/11/17,2024,11,17,7,19,13956,54
2024/11/17,2024,11,17,7,20,13479,53
2024/11/17,2024,11,17,7,21,12901,50
2024/11/17,2024,11,17,7,22,12133,51
2024/11/17,2024,11,17,7,23,11262,50
2024/11/17,2024,11,17,7,24,10524,47
2024/11/18,2024,11,18,1,1,10080,47
2024/11/18,2024,11,18,1,2,9801,45
2024/11/18,2024,11,18,1,3,9684,43
2024/11/18,2024,11,18,1,4,9724,44
2024/11/18,2024,11,18,1,5,10143,43
2024/11/18,2024,11,18,1,6,11122,42
2024/11/18,2024,11,18,1,7,12617,44
2024/11/18,2024,11,18,1,8,13475,45
2024/11/18,2024,11,18,1,9,13393,47
2024/11/18,2024,11,18,1,10,12602,51
2024/11/18,2024,11,18,1,11,12039,55
2024/11/18,2024,11,18,1,12,11735,58
2024/11/18,2024,11,18,1,13,11715,59
2024/11/18,2024,11,18,1,14,12052,61
2024/11/18,2024,11,18,1,15,12600,61
2024/11/18,2024,11,18,1,16,13282,60
2024/11/18,2024,11,18,1,17,14208,58
2024/11/18,2024,11,18,1,18,14932,56
2024/11/18,2024,11,18,1,19,14666,54
2024/11/18,2024,11,18,1,20,14165,53
2024/11/18,2024,11,18,1,21,13502,52
2024/11/18,2024,11,18,1,22,12651,51
2024/11/18,2024,11,18,1,23,11666,51
2024/11/18,2024,11,18,1,24,10828,50
2024/11/19,2024,11,19,2,1,10277,48
2024/11/19,2024,11,19,2,2,9969,47
2024/11/19,2024,11,19,2,3,9822,47
2024/11/19,2024,11,19,2,4,9859,46
2024/11/19,2024,11,19,2,5,10217,46
2024/11/19,2024,11,19,2,6,11185,44
2024/11/19,2024,11,19,2,7,12671,43
2024/11/19,2024,11,19,2,8,13276,44
2024/11/19,2024,11,19,2,9,12772,46
2024/11/19,2024,11,19,2,10,12078,49
2024/11/19,2024,11,19,2,11,11672,51
2024/11/19,2024,11,19,2,12,11441,53
2024/11/19,2024,11,19,2,13,11395,55
2024/11/19,2024,11,19,2,14,11840,57
2024/11/19,2024,11,19,2,15,12421,57
2024/11/19,2024,11,19,2,16,13249,57
2024/11/19,2024,11,19,2,17,14322,55
2024/11/19,2024,11,19,2,18,15041,52
2024/11/19,2024,11,19,2,19,14862,50
2024/11/19,2024,11,19,2,20,14491,48
2024/11/19,2024,11,19,2,21,13790,47
2024/11/19,2024,11,19,2,22,13075,46
2024/11/19,2024,11,19,2,23,11974,46
2024/11/19,2024,11,19,2,24,11148,44
2024/11/20,2024,11,20,3,1,10619,44
2024/11/20,2024,11,20,3,2,10310,42
2024/11/20,2024,11,20,3,3,10146,42
2024/11/20,2024,11,20,3,4,10190,41
2024/11/20,2024,11,20,3,5,10564,41
2024/11/20,2024,11,20,3,6,11529,41
2024/11/20,2024,11,20,3,7,13032,41
2024/11/20,2024,11,20,3,8,13639,41
2024/11/20,2024,11,20,3,9,13329,43
2024/11/20,2024,11,20,3,10,12637,46
2024/11/20,2024,11,20,3,11,12155,49
2024/11/20,2024,11,20,3,12,11828,51
2024/11/20,2024,11,20,3,13,11800,53
2024/11/20,2024,11,20,3,14,12136,54
2024/11/20,2024,11,20,3,15,12682,55
2024/11/20,2024,11,20,3,16,13369,54
2024/11/20,2024,11,20,3,17,14331,53
2024/11/20,2024,11,20,3,18,15004,50
2024/11/20,2024,11,20,3,19,14816,48
2024/11/20,2024,11,20,3,20,14394,47
2024/11/20,2024,11,20,3,21,13778,47
2024/11/20,2024,11,20,3,22,12934,47
2024/11/20,2024,11,20,3,23,11892,47
2024/11/20,2024,11,20,3,24,10992,46
2024/11/21,2024,11,21,4,1,10428,46
2024/11/21,2024,11,21,4,2,10039,46
2024/11/21,2024,11,21,4,3,9863,45
2024/11/21,2024,11,21,4,4,9842,45
2024/11/21,2024,11,21,4,5,10151,46
2024/11/21,2024,11,21,4,6,11044,45
2024/11/21,2024,11,21,4,7,12523,45
2024/11/21,2024,11,21,4,8,13456,45
2024/11/21,2024,11,21,4,9,13845,45
2024/11/21,2024,11,21,4,10,14114,45
2024/11/21,2024,11,21,4,11,14305,46
2024/11/21,2024,11,21,4,12,14336,46
2024/11/21,2024,11,21,4,13,14404,46
2024/11/21,2024,11,21,4,14,14478,46
2024/11/21,2024,11,21,4,15,14408,46
2024/11/21,2024,11,21,4,16,14569,46
2024/11/21,2024,11,21,4,17,15068,46
2024/11/21,2024,11,21,4,18,15340,46
2024/11/21,2024,11,21,4,19,15057,45
2024/11/21,2024,11,21,4,20,14638,45
2024/11/21,2024,11,21,4,21,14053,46
2024/11/21,2024,11,21,4,22,13240,45
2024/11/21,2024,11,21,4,23,12236,45
2024/11/21,2024,11,21,4,24,11368,45
2024/11/22,2024,11,22,5,1,10778,46
2024/11/22,2024,11,22,5,2,10382,45
2024/11/22,2024,11,22,5,3,10191,46
2024/11/22,2024,11,22,5,4,10170,46
2024/11/22,2024,11,22,5,5,10458,44
2024/11/22,2024,11,22,5,6,11315,42
2024/11/22,2024,11,22,5,7,12742,42
2024/11/22,2024,11,22,5,8,13579,42
2024/11/22,2024,11,22,5,9,13634,42
2024/11/22,2024,11,22,5,10,13366,44
2024/11/22,2024,11,22,5,11,13137,45
2024/11/22,2024,11,22,5,12,13058,46
2024/11/22,2024,11,22,5,13,13071,48
2024/11/22,2024,11,22,5,14,13295,48
2024/11/22,2024,11,22,5,15,13519,48
2024/11/22,2024,11,22,5,16,13917,48
2024/11/22,2024,11,22,5,17,14690,47
2024/11/22,2024,11,22,5,18,14982,46
2024/11/22,2024,11,22,5,19,14649,45
2024/11/22,2024,11,22,5,20,14179,44
2024/11/22,2024,11,22,5,21,13651,44
2024/11/22,2024,11,22,5,22,12983,43
2024/11/22,2024,11,22,5,23,12179,42
2024/11/22,2024,11,22,5,24,11379,43
2024/11/23,2024,11,23,6,1,10773,42
2024/11/23,2024,11,23,6,2,10370,42
2024/11/23,2024,11,23,6,3,10125,42
2024/11/23,2024,11,23,6,4,10044,42
2024/11/23,2024,11,23,6,5,10155,42
2024/11/23,2024,11,23,6,6,10532,42
2024/11/23,2024,11,23,6,7,11219,42
2024/11/23,2024,11,23,6,8,11976,42
2024/11/23,2024,11,23,6,9,12763,41
2024/11/23,2024,11,23,6,10,13316,42
2024/11/23,2024,11,23,6,11,13624,43
2024/11/23,2024,11,23,6,12,13725,44
2024/11/23,2024,11,23,6,13,13534,44
2024/11/23,2024,11,23,6,14,13354,45
2024/11/23,2024,11,23,6,15,13352,47
2024/11/23,2024,11,23,6,16,13603,47
2024/11/23,2024,11,23,6,17,14333,47
2024/11/23,2024,11,23,6,18,14715,46
2024/11/23,2024,11,23,6,19,14395,45
2024/11/23,2024,11,23,6,20,13918,45
2024/11/23,2024,11,23,6,21,13470,45
2024/11/23,2024,11,23,6,22,12867,44
2024/11/23,2024,11,23,6,23,12140,44
2024/11/23,2024,11,23,6,24,11209,43
2024/11/24,2024,11,24,7,1,10862,44
2024/11/24,2024,11,24,7,2,10474,44
2024/11/24,2024,11,24,7,3,10268,44
2024/11/24,2024,11,24,7,4,10173,44
2024/11/24,2024,11,24,7,5,10225,44
2024/11/24,2024,11,24,7,6,10521,44
2024/11/24,2024,11,24,7,7,11039,44
2024/11/24,2024,11,24,7,8,11490,44
2024/11/24,2024,11,24,7,9,11736,44
2024/11/24,2024,11,24,7,10,11744,45
2024/11/24,2024,11,24,7,11,11688,46
2024/11/24,2024,11,24,7,12,11726,47
2024/11/24,2024,11,24,7,13,11966,47
2024/11/24,2024,11,24,7,14,12372,48
2024/11/24,2024,11,24,7,15,12914,47
2024/11/24,2024,11,24,7,16,13462,47
2024/11/24,2024,11,24,7,17,14513,46
2024/11/24,2024,11,24,7,18,15138,44
2024/11/24,2024,11,24,7,19,14913,44
2024/11/24,2024,11,24,7,20,14507,43
2024/11/24,2024,11,24,7,21,13965,42
2024/11/24,2024,11,24,7,22,13200,41
2024/11/24,2024,11,24,7,23,12328,41
2024/11/24,2024,11,24,7,24,11526,41
2024/11/25,2024,11,25,1,1,11025,39
2024/11/25,2024,11,25,1,2,10761,38
2024/11/25,2024,11,25,1,3,10679,38
2024/11/25,2024,11,25,1,4,10754,37
2024/11/25,2024,11,25,1,5,11170,36
2024/11/25,2024,11,25,1,6,12179,37
2024/11/25,2024,11,25,1,7,13675,36
2024/11/25,2024,11,25,1,8,14393,35
2024/11/25,2024,11,25,1,9,13880,37
2024/11/25,2024,11,25,1,10,13058,41
2024/11/25,2024,11,25,1,11,12534,43
2024/11/25,2024,11,25,1,12,12218,45
2024/11/25,2024,11,25,1,13,12158,48
2024/11/25,2024,11,25,1,14,12462,49
2024/11/25,2024,11,25,1,15,13101,50
2024/11/25,2024,11,25,1,16,13900,50
2024/11/25,2024,11,25,1,17,14909,48
2024/11/25,2024,11,25,1,18,15548,45
2024/11/25,2024,11,25,1,19,15468,45
2024/11/25,2024,11,25,1,20,15162,43
2024/11/25,2024,11,25,1,21,14635,40
2024/11/25,2024,11,25,1,22,13866,40
2024/11/25,2024,11,25,1,23,12860,37
2024/11/25,2024,11,25,1,24,12044,37
2024/11/26,2024,11,26,2,1,11468,36
2024/11/26,2024,11,26,2,2,11150,36
2024/11/26,2024,11,26,2,3,11025,36
2024/11/26,2024,11,26,2,4,11016,36
2024/11/26,2024,11,26,2,5,11360,37
2024/11/26,2024,11,26,2,6,12237,36
2024/11/26,2024,11,26,2,7,13643,37
2024/11/26,2024,11,26,2,8,14395,38
2024/11/26,2024,11,26,2,9,14539,39
2024/11/26,2024,11,26,2,10,14852,40
2024/11/26,2024,11,26,2,11,15171,41
2024/11/26,2024,11,26,2,12,15377,41
2024/11/26,2024,11,26,2,13,15324,41
2024/11/26,2024,11,26,2,14,15141,41
2024/11/26,2024,11,26,2,15,14823,42
2024/11/26,2024,11,26,2,16,14792,44
2024/11/26,2024,11,26,2,17,15339,43
2024/11/26,2024,11,26,2,18,15816,41
2024/11/26,2024,11,26,2,19,15659,41
2024/11/26,2024,11,26,2,20,15332,40
2024/11/26,2024,11,26,2,21,14747,39
2024/11/26,2024,11,26,2,22,14009,39
2024/11/26,2024,11,26,2,23,13029,40
2024/11/26,2024,11,26,2,24,12075,37
2024/11/27,2024,11,27,3,1,11516,36
2024/11/27,2024,11,27,3,2,11144,36
2024/11/27,2024,11,27,3,3,11000,35
2024/11/27,2024,11,27,3,4,11018,36
2024/11/27,2024,11,27,3,5,11350,35
2024/11/27,2024,11,27,3,6,12190,35
2024/11/27,2024,11,27,3,7,13513,35
2024/11/27,2024,11,27,3,8,14273,34
2024/11/27,2024,11,27,3,9,14084,37
2024/11/27,2024,11,27,3,10,13524,42
2024/11/27,2024,11,27,3,11,13179,44
2024/11/27,2024,11,27,3,12,12914,46
2024/11/27,2024,11,27,3,13,12628,47
2024/11/27,2024,11,27,3,14,12744,48
2024/11/27,2024,11,27,3,15,13259,48
2024/11/27,2024,11,27,3,16,13993,48
2024/11/27,2024,11,27,3,17,15028,46
2024/11/27,2024,11,27,3,18,15427,44
2024/11/27,2024,11,27,3,19,15226,41
2024/11/27,2024,11,27,3,20,14971,39
2024/11/27,2024,11,27,3,21,14565,37
2024/11/27,2024,11,27,3,22,13905,36
2024/11/27,2024,11,27,3,23,12993,36
2024/11/27,2024,11,27,3,24,12099,37
2024/11/28,2024,11,28,4,1,11397,38
2024/11/28,2024,11,28,4,2,10962,38
2024/11/28,2024,11,28,4,3,10658,38
2024/11/28,2024,11,28,4,4,10509,38
2024/11/28,2024,11,28,4,5,10593,38
2024/11/28,2024,11,28,4,6,10961,38
2024/11/28,2024,11,28,4,7,11620,39
2024/11/28,2024,11,28,4,8,12433,39
2024/11/28,2024,11,28,4,9,13437,39
2024/11/28,2024,11,28,4,10,14408,41
2024/11/28,2024,11,28,4,11,15177,41
2024/11/28,2024,11,28,4,12,15597,42
2024/11/28,2024,11,28,4,13,15456,42
2024/11/28,2024,11,28,4,14,14838,43
2024/11/28,2024,11,28,4,15,14171,43
2024/11/28,2024,11,28,4,16,13621,42
2024/11/28,2024,11,28,4,17,13510,42
2024/11/28,2024,11,28,4,18,13306,42
2024/11/28,2024,11,28,4,19,13014,42
2024/11/28,2024,11,28,4,20,12865,40
2024/11/28,2024,11,28,4,21,12706,39
2024/11/28,2024,11,28,4,22,12361,38
2024/11/28,2024,11,28,4,23,11747,38
2024/11/28,2024,11,28,4,24,11114,38
2024/11/29,2024,11,29,5,1,10683,39
2024/11/29,2024,11,29,5,2,10394,39
2024/11/29,2024,11,29,5,3,10273,38
2024/11/29,2024,11,29,5,4,10301,37
2024/11/29,2024,11,29,5,5,10565,36
2024/11/29,2024,11,29,5,6,11114,36
2024/11/29,2024,11,29,5,7,11875,36
2024/11/29,2024,11,29,5,8,12360,36
2024/11/29,2024,11,29,5,9,12402,37
2024/11/29,2024,11,29,5,10,12292,39
2024/11/29,2024,11,29,5,11,12183,42
2024/11/29,2024,11,29,5,12,12020,43
2024/11/29,2024,11,29,5,13,12158,45
2024/11/29,2024,11,29,5,14,12516,44
2024/11/29,2024,11,29,5,15,13022,44
2024/11/29,2024,11,29,5,16,13677,43
2024/11/29,2024,11,29,5,17,14544,42
2024/11/29,2024,11,29,5,18,14952,41
2024/11/29,2024,11,29,5,19,14755,39
2024/11/29,2024,11,29,5,20,14456,38
2024/11/29,2024,11,29,5,21,14065,37
2024/11/29,2024,11,29,5,22,13522,37
2024/11/29,2024,11,29,5,23,12726,37
2024/11/29,2024,11,29,5,24,12018,36
2024/11/30,2024,11,30,6,1,11476,34
2024/11/30,2024,11,30,6,2,11137,34
2024/11/30,2024,11,30,6,3,10974,33
2024/11/30,2024,11,30,6,4,10984,31
2024/11/30,2024,11,30,6,5,11151,30
2024/11/30,2024,11,30,6,6,11553,31
2024/11/30,2024,11,30,6,7,12203,30
2024/11/30,2024,11,30,6,8,12734,29
2024/11/30,2024,11,30,6,9,12737,31
2024/11/30,2024,11,30,6,10,12410,33
2024/11/30,2024,11,30,6,11,12130,35
2024/11/30,2024,11,30,6,12,12033,37
2024/11/30,2024,11,30,6,13,12188,38
2024/11/30,2024,11,30,6,14,12624,38
2024/11/30,2024,11,30,6,15,13290,39
2024/11/30,2024,11,30,6,16,14041,38
2024/11/30,2024,11,30,6,17,14986,36
2024/11/30,2024,11,30,6,18,15524,35
2024/11/30,2024,11,30,6,19,15271,34
2024/11/30,2024,11,30,6,20,15037,33
2024/11/30,2024,11,30,6,21,14624,33
2024/11/30,2024,11,30,6,22,14087,32
2024/11/30,2024,11,30,6,23,13360,32
2024/11/30,2024,11,30,6,24,12534,31
2024/12/1,2024,12,1,7,1,12047,30
2024/12/1,2024,12,1,7,2,11618,29
2024/12/1,2024,12,1,7,3,11520,29
2024/12/1,2024,12,1,7,4,11489,28
2024/12/1,2024,12,1,7,5,11595,28
2024/12/1,2024,12,1,7,6,12072,27
2024/12/1,2024,12,1,7,7,12535,26
2024/12/1,2024,12,1,7,8,12995,26
2024/12/1,2024,12,1,7,9,13202,28
2024/12/1,2024,12,1,7,10,13313,29
2024/12/1,2024,12,1,7,11,12965,31
2024/12/1,2024,12,1,7,12,12705,33
2024/12/1,2024,12,1,7,13,12741,35
2024/12/1,2024,12,1,7,14,13084,36
2024/12/1,2024,12,1,7,15,13838,36
2024/12/1,2024,12,1,7,16,14660,36
2024/12/1,2024,12,1,7,17,15910,34
2024/12/1,2024,12,1,7,18,16561,33
2024/12/1,2024,12,1,7,19,16420,32
2024/12/1,2024,12,1,7,20,16073,31
2024/12/1,2024,12,1,7,21,15514,30
2024/12/1,2024,12,1,7,22,14644,29
2024/12/1,2024,12,1,7,23,13620,29
2024/12/1,2024,12,1,7,24,12930,28
2024/12/2,2024,12,2,1,1,12349,27
2024/12/2,2024,12,2,1,2,12098,26
2024/12/2,2024,12,2,1,3,12016,26
2024/12/2,2024,12,2,1,4,12088,25
2024/12/2,2024,12,2,1,5,12510,25
2024/12/2,2024,12,2,1,6,13546,24
2024/12/2,2024,12,2,1,7,15170,24
2024/12/2,2024,12,2,1,8,15973,23
2024/12/2,2024,12,2,1,9,15516,26
2024/12/2,2024,12,2,1,10,14663,29
2024/12/2,2024,12,2,1,11,14072,33
2024/12/2,2024,12,2,1,12,13778,35
2024/12/2,2024,12,2,1,13,13804,37
2024/12/2,2024,12,2,1,14,14145,38
2024/12/2,2024,12,2,1,15,14714,38
2024/12/2,2024,12,2,1,16,15509,37
2024/12/2,2024,12,2,1,17,16697,35
2024/12/2,2024,12,2,1,18,17352,35
2024/12/2,2024,12,2,1,19,17221,33
2024/12/2,2024,12,2,1,20,16906,32
2024/12/2,2024,12,2,1,21,16318,30
2024/12/2,2024,12,2,1,22,15433,29
2024/12/2,2024,12,2,1,23,14321,28
2024/12/2,2024,12,2,1,24,13403,27
2024/12/3,2024,12,3,2,1,12787,27
2024/12/3,2024,12,3,2,2,12454,27
2024/12/3,2024,12,3,2,3,12338,26
2024/12/3,2024,12,3,2,4,12393,25
2024/12/3,2024,12,3,2,5,12805,25
2024/12/3,2024,12,3,2,6,13883,25
2024/12/3,2024,12,3,2,7,15383,24
2024/12/3,2024,12,3,2,8,16157,26
2024/12/3,2024,12,3,2,9,15995,27
2024/12/3,2024,12,3,2,10,15311,30
2024/12/3,2024,12,3,2,11,14543,32
2024/12/3,2024,12,3,2,12,14099,34
2024/12/3,2024,12,3,2,13,14077,35
2024/12/3,2024,12,3,2,14,14340,36
2024/12/3,2024,12,3,2,15,14813,37
2024/12/3,2024,12,3,2,16,15521,37
2024/12/3,2024,12,3,2,17,16669,35
2024/12/3,2024,12,3,2,18,17313,34
2024/12/3,2024,12,3,2,19,17251,32
2024/12/3,2024,12,3,2,20,16923,32
2024/12/3,2024,12,3,2,21,16304,31
2024/12/3,2024,12,3,2,22,15317,32
2024/12/3,2024,12,3,2,23,14185,31
2024/12/3,2024,12,3,2,24,13319,30
2024/12/4,2024,12,4,3,1,12697,29
2024/12/4,2024,12,4,3,2,12358,29
2024/12/4,2024,12,4,3,3,12210,28
2024/12/4,2024,12,4,3,4,12261,27
2024/12/4,2024,12,4,3,5,12772,27
2024/12/4,2024,12,4,3,6,13723,25
2024/12/4,2024,12,4,3,7,15311,24
2024/12/4,2024,12,4,3,8,16132,23
2024/12/4,2024,12,4,3,9,15684,25
2024/12/4,2024,12,4,3,10,14658,29
2024/12/4,2024,12,4,3,11,14019,31
2024/12/4,2024,12,4,3,12,13701,34
2024/12/4,2024,12,4,3,13,13864,36
2024/12/4,2024,12,4,3,14,14559,37
2024/12/4,2024,12,4,3,15,15213,38
2024/12/4,2024,12,4,3,16,15828,37
2024/12/4,2024,12,4,3,17,16742,37
2024/12/4,2024,12,4,3,18,17170,37
2024/12/4,2024,12,4,3,19,16967,36
2024/12/4,2024,12,4,3,20,16612,37
2024/12/4,2024,12,4,3,21,15954,38
2024/12/4,2024,12,4,3,22,15032,37
2024/12/4,2024,12,4,3,23,13762,36
2024/12/4,2024,12,4,3,24,12838,36
2024/12/5,2024,12,5,4,1,12197,36
2024/12/5,2024,12,5,4,2,11772,36
2024/12/5,2024,12,5,4,3,11628,36
2024/12/5,2024,12,5,4,4,11625,35
2024/12/5,2024,12,5,4,5,11958,34
2024/12/5,2024,12,5,4,6,12813,34
2024/12/5,2024,12,5,4,7,14171,34
2024/12/5,2024,12,5,4,8,15167,34
2024/12/5,2024,12,5,4,9,15674,34
2024/12/5,2024,12,5,4,10,15862,34
2024/12/5,2024,12,5,4,11,15710,35
2024/12/5,2024,12,5,4,12,15582,36
2024/12/5,2024,12,5,4,13,15386,37
2024/12/5,2024,12,5,4,14,15460,38
2024/12/5,2024,12,5,4,15,15555,38
2024/12/5,2024,12,5,4,16,15839,37
2024/12/5,2024,12,5,4,17,16629,36
2024/12/5,2024,12,5,4,18,17120,36
2024/12/5,2024,12,5,4,19,16914,36
2024/12/5,2024,12,5,4,20,16559,35
2024/12/5,2024,12,5,4,21,16041,35
2024/12/5,2024,12,5,4,22,15110,35
2024/12/5,2024,12,5,4,23,14090,34
2024/12/5,2024,12,5,4,24,13181,34
2024/12/6,2024,12,6,5,1,12520,33
2024/12/6,2024,12,6,5,2,12189,33
2024/12/6,2024,12,6,5,3,12021,32
2024/12/6,2024,12,6,5,4,12105,31
2024/12/6,2024,12,6,5,5,12470,31
2024/12/6,2024,12,6,5,6,13388,30
2024/12/6,2024,12,6,5,7,14912,29
2024/12/6,2024,12,6,5,8,15847,28
2024/12/6,2024,12,6,5,9,15798,27
2024/12/6,2024,12,6,5,10,15347,28
2024/12/6,2024,12,6,5,11,14930,29
2024/12/6,2024,12,6,5,12,14558,29
2024/12/6,2024,12,6,5,13,14410,30
2024/12/6,2024,12,6,5,14,14677,31
2024/12/6,2024,12,6,5,15,15276,31
2024/12/6,2024,12,6,5,16,16136,30
2024/12/6,2024,12,6,5,17,17119,29
2024/12/6,2024,12,6,5,18,17479,28
2024/12/6,2024,12,6,5,19,17221,28
2024/12/6,2024,12,6,5,20,16891,27
2024/12/6,2024,12,6,5,21,16456,27
2024/12/6,2024,12,6,5,22,15815,26
2024/12/6,2024,12,6,5,23,14889,25
2024/12/6,2024,12,6,5,24,13996,25
2024/12/7,2024,12,7,6,1,13310,24
2024/12/7,2024,12,7,6,2,12892,24
2024/12/7,2024,12,7,6,3,12648,24
2024/12/7,2024,12,7,6,4,12586,24
2024/12/7,2024,12,7,6,5,12710,24
2024/12/7,2024,12,7,6,6,13106,24
2024/12/7,2024,12,7,6,7,13781,25
2024/12/7,2024,12,7,6,8,14443,26
2024/12/7,2024,12,7,6,9,14843,26
2024/12/7,2024,12,7,6,10,14625,29
2024/12/7,2024,12,7,6,11,14100,30
2024/12/7,2024,12,7,6,12,13651,33
2024/12/7,2024,12,7,6,13,13521,35
2024/12/7,2024,12,7,6,14,13712,36
2024/12/7,2024,12,7,6,15,14302,37
2024/12/7,2024,12,7,6,16,14947,37
2024/12/7,2024,12,7,6,17,15914,34
2024/12/7,2024,12,7,6,18,16371,33
2024/12/7,2024,12,7,6,19,16161,33
2024/12/7,2024,12,7,6,20,15788,32
2024/12/7,2024,12,7,6,21,15355,32
2024/12/7,2024,12,7,6,22,14695,32
2024/12/7,2024,12,7,6,23,13845,33
2024/12/7,2024,12,7,6,24,13107,33
2024/12/8,2024,12,8,7,1,12516,33
2024/12/8,2024,12,8,7,2,12123,31
2024/12/8,2024,12,8,7,3,11876,31
2024/12/8,2024,12,8,7,4,11779,32
2024/12/8,2024,12,8,7,5,11802,33
2024/12/8,2024,12,8,7,6,12007,34
2024/12/8,2024,12,8,7,7,12482,35
2024/12/8,2024,12,8,7,8,13085,37
2024/12/8,2024,12,8,7,9,13801,37
2024/12/8,2024,12,8,7,10,14133,38
2024/12/8,2024,12,8,7,11,13811,40
2024/12/8,2024,12,8,7,12,13388,42
2024/12/8,2024,12,8,7,13,13482,44
2024/12/8,2024,12,8,7,14,13912,46
2024/12/8,2024,12,8,7,15,14313,46
2024/12/8,2024,12,8,7,16,14611,46
2024/12/8,2024,12,8,7,17,15513,46
2024/12/8,2024,12,8,7,18,16065,45
2024/12/8,2024,12,8,7,19,15774,46
2024/12/8,2024,12,8,7,20,15311,45
2024/12/8,2024,12,8,7,21,14694,45
2024/12/8,2024,12,8,7,22,13645,44
2024/12/8,2024,12,8,7,23,12829,43
2024/12/8,2024,12,8,7,24,11969,41
2024/12/9,2024,12,9,1,1,11452,39
2024/12/9,2024,12,9,1,2,11159,38
2024/12/9,2024,12,9,1,3,11082,36
2024/12/9,2024,12,9,1,4,11243,36
2024/12/9,2024,12,9,1,5,11603,34
2024/12/9,2024,12,9,1,6,12677,33
2024/12/9,2024,12,9,1,7,14221,33
2024/12/9,2024,12,9,1,8,15131,34
2024/12/9,2024,12,9,1,9,15225,35
2024/12/9,2024,12,9,1,10,14752,38
2024/12/9,2024,12,9,1,11,14330,40
2024/12/9,2024,12,9,1,12,14244,44
2024/12/9,2024,12,9,1,13,14485,45
2024/12/9,2024,12,9,1,14,14982,45
2024/12/9,2024,12,9,1,15,15215,45
2024/12/9,2024,12,9,1,16,15677,43
2024/12/9,2024,12,9,1,17,16404,41
2024/12/9,2024,12,9,1,18,16887,41
2024/12/9,2024,12,9,1,19,16657,40
2024/12/9,2024,12,9,1,20,16162,40
2024/12/9,2024,12,9,1,21,15439,40
2024/12/9,2024,12,9,1,22,14417,40
2024/12/9,2024,12,9,1,23,13230,40
2024/12/9,2024,12,9,1,24,12219,40
2024/12/10,2024,12,10,2,1,11671,39
2024/12/10,2024,12,10,2,2,11310,38
2024/12/10,2024,12,10,2,3,11125,38
2024/12/10,2024,12,10,2,4,11148,37
2024/12/10,2024,12,10,2,5,11540,37
2024/12/10,2024,12,10,2,6,12516,35
2024/12/10,2024,12,10,2,7,14043,34
2024/12/10,2024,12,10,2,8,15079,34
2024/12/10,2024,12,10,2,9,15437,33
2024/12/10,2024,12,10,2,10,15634,34
2024/12/10,2024,12,10,2,11,15788,34
2024/12/10,2024,12,10,2,12,15816,34
2024/12/10,2024,12,10,2,13,15753,35
2024/12/10,2024,12,10,2,14,15781,35
2024/12/10,2024,12,10,2,15,15806,35
2024/12/10,2024,12,10,2,16,16054,35
2024/12/10,2024,12,10,2,17,16853,35
2024/12/10,2024,12,10,2,18,17270,35
2024/12/10,2024,12,10,2,19,17026,35
2024/12/10,2024,12,10,2,20,16575,35
2024/12/10,2024,12,10,2,21,15917,35
2024/12/10,2024,12,10,2,22,14964,36
2024/12/10,2024,12,10,2,23,13741,36
2024/12/10,2024,12,10,2,24,12696,36
2024/12/11,2024,12,11,3,1,11962,37
2024/12/11,2024,12,11,3,2,11511,37
2024/12/11,2024,12,11,3,3,11306,37
2024/12/11,2024,12,11,3,4,11274,38
2024/12/11,2024,12,11,3,5,11539,38
2024/12/11,2024,12,11,3,6,12380,39
2024/12/11,2024,12,11,3,7,13837,39
2024/12/11,2024,12,11,3,8,14848,39
2024/12/11,2024,12,11,3,9,15344,40
2024/12/11,2024,12,11,3,10,15592,40
2024/12/11,2024,12,11,3,11,15699,42
2024/12/11,2024,12,11,3,12,15722,44
2024/12/11,2024,12,11,3,13,15580,46
2024/12/11,2024,12,11,3,14,15544,49
2024/12/11,2024,12,11,3,15,15412,51
2024/12/11,2024,12,11,3,16,15493,53
2024/12/11,2024,12,11,3,17,16033,58
2024/12/11,2024,12,11,3,18,16287,58
2024/12/11,2024,12,11,3,19,15910,58
2024/12/11,2024,12,11,3,20,15305,58
2024/12/11,2024,12,11,3,21,14555,56
2024/12/11,2024,12,11,3,22,13645,52
2024/12/11,2024,12,11,3,23,12534,52
2024/12/11,2024,12,11,3,24,11604,49
2024/12/12,2024,12,12,4,1,10931,47
2024/12/12,2024,12,12,4,2,10596,45
2024/12/12,2024,12,12,4,3,10496,41
2024/12/12,2024,12,12,4,4,10595,39
2024/12/12,2024,12,12,4,5,11032,38
2024/12/12,2024,12,12,4,6,12007,37
2024/12/12,2024,12,12,4,7,13600,37
2024/12/12,2024,12,12,4,8,14540,37
2024/12/12,2024,12,12,4,9,14360,36
2024/12/12,2024,12,12,4,10,13881,38
2024/12/12,2024,12,12,4,11,13886,39
2024/12/12,2024,12,12,4,12,13888,39
2024/12/12,2024,12,12,4,13,13819,39
2024/12/12,2024,12,12,4,14,13920,40
2024/12/12,2024,12,12,4,15,14399,40
2024/12/12,2024,12,12,4,16,15135,39
2024/12/12,2024,12,12,4,17,16320,37
2024/12/12,2024,12,12,4,18,17099,35
2024/12/12,2024,12,12,4,19,17052,33
2024/12/12,2024,12,12,4,20,16840,32
2024/12/12,2024,12,12,4,21,16365,30
2024/12/12,2024,12,12,4,22,15641,29
2024/12/12,2024,12,12,4,23,14629,28
2024/12/12,2024,12,12,4,24,13739,28
2024/12/13,2024,12,13,5,1,13142,26
2024/12/13,2024,12,13,5,2,12741,26
2024/12/13,2024,12,13,5,3,12607,25
2024/12/13,2024,12,13,5,4,12573,26
2024/12/13,2024,12,13,5,5,12868,26
2024/12/13,2024,12,13,5,6,13757,26
2024/12/13,2024,12,13,5,7,15255,26
2024/12/13,2024,12,13,5,8,16190,25
2024/12/13,2024,12,13,5,9,15906,25
2024/12/13,2024,12,13,5,10,15108,27
2024/12/13,2024,12,13,5,11,14474,29
2024/12/13,2024,12,13,5,12,14155,30
2024/12/13,2024,12,13,5,13,14119,31
2024/12/13,2024,12,13,5,14,14500,32
2024/12/13,2024,12,13,5,15,15100,32
2024/12/13,2024,12,13,5,16,15969,31
2024/12/13,2024,12,13,5,17,17101,30
2024/12/13,2024,12,13,5,18,17538,28
2024/12/13,2024,12,13,5,19,17361,27
2024/12/13,2024,12,13,5,20,17086,26
2024/12/13,2024,12,13,5,21,16714,25
2024/12/13,2024,12,13,5,22,16175,24
2024/12/13,2024,12,13,5,23,15350,23
2024/12/13,2024,12,13,5,24,14465,22
2024/12/14,2024,12,14,6,1,13792,21
2024/12/14,2024,12,14,6,2,13431,20
2024/12/14,2024,12,14,6,3,13211,19
2024/12/14,2024,12,14,6,4,13131,20
2024/12/14,2024,12,14,6,5,13234,20
2024/12/14,2024,12,14,6,6,13693,20
2024/12/14,2024,12,14,6,7,14423,18
2024/12/14,2024,12,14,6,8,15155,19
2024/12/14,2024,12,14,6,9,15196,20
2024/12/14,2024,12,14,6,10,14623,24
2024/12/14,2024,12,14,6,11,14096,27
2024/12/14,2024,12,14,6,12,13691,29
2024/12/14,2024,12,14,6,13,13553,31
2024/12/14,2024,12,14,6,14,13737,33
2024/12/14,2024,12,14,6,15,14309,33
2024/12/14,2024,12,14,6,16,15269,33
2024/12/14,2024,12,14,6,17,16394,31
2024/12/14,2024,12,14,6,18,16982,29
2024/12/14,2024,12,14,6,19,16845,27
2024/12/14,2024,12,14,6,20,16554,27
2024/12/14,2024,12,14,6,21,16252,25
2024/12/14,2024,12,14,6,22,15781,24
2024/12/14,2024,12,14,6,23,15050,23
2024/12/14,2024,12,14,6,24,14303,22
2024/12/15,2024,12,15,7,1,13759,22
2024/12/15,2024,12,15,7,2,13381,21
2024/12/15,2024,12,15,7,3,13200,20
2024/12/15,2024,12,15,7,4,13159,19
2024/12/15,2024,12,15,7,5,13284,18
2024/12/15,2024,12,15,7,6,13638,19
2024/12/15,2024,12,15,7,7,14227,19
2024/12/15,2024,12,15,7,8,14825,18
2024/12/15,2024,12,15,7,9,14894,20
2024/12/15,2024,12,15,7,10,14638,23
2024/12/15,2024,12,15,7,11,14381,26
2024/12/15,2024,12,15,7,12,14258,29
2024/12/15,2024,12,15,7,13,14252,31
2024/12/15,2024,12,15,7,14,14595,33
2024/12/15,2024,12,15,7,15,15096,33
2024/12/15,2024,12,15,7,16,15789,33
2024/12/15,2024,12,15,7,17,16896,32
2024/12/15,2024,12,15,7,18,17429,31
2024/12/15,2024,12,15,7,19,17250,30
2024/12/15,2024,12,15,7,20,16888,30
2024/12/15,2024,12,15,7,21,16330,30
2024/12/15,2024,12,15,7,22,15490,30
2024/12/15,2024,12,15,7,23,14347,30
2024/12/15,2024,12,15,7,24,13397,31
2024/12/16,2024,12,16,1,1,12733,31
2024/12/16,2024,12,16,1,2,12349,31
2024/12/16,2024,12,16,1,3,12158,31
2024/12/16,2024,12,16,1,4,12172,31
2024/12/16,2024,12,16,1,5,12538,31
2024/12/16,2024,12,16,1,6,13470,31
2024/12/16,2024,12,16,1,7,14822,32
2024/12/16,2024,12,16,1,8,15755,32
2024/12/16,2024,12,16,1,9,16102,33
2024/12/16,2024,12,16,1,10,16153,34
2024/12/16,2024,12,16,1,11,15982,35
2024/12/16,2024,12,16,1,12,15857,35
2024/12/16,2024,12,16,1,13,15734,37
2024/12/16,2024,12,16,1,14,15637,38
2024/12/16,2024,12,16,1,15,15708,39
2024/12/16,2024,12,16,1,16,15997,39
2024/12/16,2024,12,16,1,17,16775,39
2024/12/16,2024,12,16,1,18,17194,39
2024/12/16,2024,12,16,1,19,16937,39
2024/12/16,2024,12,16,1,20,16429,39
2024/12/16,2024,12,16,1,21,15736,40
2024/12/16,2024,12,16,1,22,14736,40
2024/12/16,2024,12,16,1,23,13501,42
2024/12/16,2024,12,16,1,24,12463,42
2024/12/17,2024,12,17,2,1,11661,43
2024/12/17,2024,12,17,2,2,11230,45
2024/12/17,2024,12,17,2,3,10988,46
2024/12/17,2024,12,17,2,4,10903,49
2024/12/17,2024,12,17,2,5,11081,49
2024/12/17,2024,12,17,2,6,11987,51
2024/12/17,2024,12,17,2,7,13299,51
2024/12/17,2024,12,17,2,8,14198,51
2024/12/17,2024,12,17,2,9,14256,51
2024/12/17,2024,12,17,2,10,13901,52
2024/12/17,2024,12,17,2,11,13317,53
2024/12/17,2024,12,17,2,12,12790,54
2024/12/17,2024,12,17,2,13,12563,55
2024/12/17,2024,12,17,2,14,12698,57
2024/12/17,2024,12,17,2,15,13180,57
2024/12/17,2024,12,17,2,16,13840,56
2024/12/17,2024,12,17,2,17,14893,54
2024/12/17,2024,12,17,2,18,15648,51
2024/12/17,2024,12,17,2,19,15549,50
2024/12/17,2024,12,17,2,20,15189,48
2024/12/17,2024,12,17,2,21,14708,47
2024/12/17,2024,12,17,2,22,13910,45
2024/12/17,2024,12,17,2,23,12858,44
2024/12/17,2024,12,17,2,24,11922,44
2024/12/18,2024,12,18,3,1,11371,42
2024/12/18,2024,12,18,3,2,11056,40
2024/12/18,2024,12,18,3,3,10892,39
2024/12/18,2024,12,18,3,4,10948,38
2024/12/18,2024,12,18,3,5,11351,37
2024/12/18,2024,12,18,3,6,12396,35
2024/12/18,2024,12,18,3,7,13938,35
2024/12/18,2024,12,18,3,8,14867,34
2024/12/18,2024,12,18,3,9,14638,35
2024/12/18,2024,12,18,3,10,13926,39
2024/12/18,2024,12,18,3,11,13282,43
2024/12/18,2024,12,18,3,12,12945,46
2024/12/18,2024,12,18,3,13,12818,48
2024/12/18,2024,12,18,3,14,13147,49
2024/12/18,2024,12,18,3,15,13641,49
2024/12/18,2024,12,18,3,16,14364,49
2024/12/18,2024,12,18,3,17,15516,47
2024/12/18,2024,12,18,3,18,16125,45
2024/12/18,2024,12,18,3,19,15928,45
2024/12/18,2024,12,18,3,20,15563,44
2024/12/18,2024,12,18,3,21,15077,43
2024/12/18,2024,12,18,3,22,14254,43
2024/12/18,2024,12,18,3,23,13171,42
2024/12/18,2024,12,18,3,24,12145,41
2024/12/19,2024,12,19,4,1,11494,40
2024/12/19,2024,12,19,4,2,11063,40
2024/12/19,2024,12,19,4,3,10848,40
2024/12/19,2024,12,19,4,4,10855,40
2024/12/19,2024,12,19,4,5,11204,39
2024/12/19,2024,12,19,4,6,12145,39
2024/12/19,2024,12,19,4,7,13650,38
2024/12/19,2024,12,19,4,8,14622,38
2024/12/19,2024,12,19,4,9,14449,38
2024/12/19,2024,12,19,4,10,13760,39
2024/12/19,2024,12,19,4,11,13346,41
2024/12/19,2024,12,19,4,12,13277,42
2024/12/19,2024,12,19,4,13,13310,42
2024/12/19,2024,12,19,4,14,13743,43
2024/12/19,2024,12,19,4,15,14362,41
2024/12/19,2024,12,19,4,16,15011,40
2024/12/19,2024,12,19,4,17,16094,38
2024/12/19,2024,12,19,4,18,16703,37
2024/12/19,2024,12,19,4,19,16609,36
2024/12/19,2024,12,19,4,20,16349,34
2024/12/19,2024,12,19,4,21,15958,33
2024/12/19,2024,12,19,4,22,15180,33
2024/12/19,2024,12,19,4,23,14151,32
2024/12/19,2024,12,19,4,24,13191,31
2024/12/20,2024,12,20,5,1,12510,31
2024/12/20,2024,12,20,5,2,12114,30
2024/12/20,2024,12,20,5,3,11931,30
2024/12/20,2024,12,20,5,4,11913,30
2024/12/20,2024,12,20,5,5,12242,30
2024/12/20,2024,12,20,5,6,13131,29
2024/12/20,2024,12,20,5,7,14569,30
2024/12/20,2024,12,20,5,8,15572,30
2024/12/20,2024,12,20,5,9,15940,31
2024/12/20,2024,12,20,5,10,16119,31
2024/12/20,2024,12,20,5,11,16299,31
2024/12/20,2024,12,20,5,12,16429,31
2024/12/20,2024,12,20,5,13,16508,31
2024/12/20,2024,12,20,5,14,16532,30
2024/12/20,2024,12,20,5,15,16583,30
2024/12/20,2024,12,20,5,16,16808,31
2024/12/20,2024,12,20,5,17,17419,30
2024/12/20,2024,12,20,5,18,17758,29
2024/12/20,2024,12,20,5,19,17456,28
2024/12/20,2024,12,20,5,20,17036,28
2024/12/20,2024,12,20,5,21,16539,28
2024/12/20,2024,12,20,5,22,15824,27
2024/12/20,2024,12,20,5,23,14865,28
2024/12/20,2024,12,20,5,24,13932,27
2024/12/21,2024,12,21,6,1,13252,27
2024/12/21,2024,12,21,6,2,12773,27
2024/12/21,2024,12,21,6,3,12517,27
2024/12/21,2024,12,21,6,4,12435,26
2024/12/21,2024,12,21,6,5,12550,26
2024/12/21,2024,12,21,6,6,12965,26
2024/12/21,2024,12,21,6,7,13659,26
2024/12/21,2024,12,21,6,8,14449,26
2024/12/21,2024,12,21,6,9,15270,26
2024/12/21,2024,12,21,6,10,15798,27
2024/12/21,2024,12,21,6,11,15931,27
2024/12/21,2024,12,21,6,12,15839,27
2024/12/21,2024,12,21,6,13,15726,27
2024/12/21,2024,12,21,6,14,15727,27
2024/12/21,2024,12,21,6,15,15868,26
2024/12/21,2024,12,21,6,16,16330,25
2024/12/21,2024,12,21,6,17,17258,23
2024/12/21,2024,12,21,6,18,17839,22
2024/12/21,2024,12,21,6,19,17743,21
2024/12/21,2024,12,21,6,20,17466,21
2024/12/21,2024,12,21,6,21,17142,19
2024/12/21,2024,12,21,6,22,16626,18
2024/12/21,2024,12,21,6,23,15870,17
2024/12/21,2024,12,21,6,24,15079,16
2024/12/22,2024,12,22,7,1,14575,15
2024/12/22,2024,12,22,7,2,14198,14
2024/12/22,2024,12,22,7,3,14012,14
2024/12/22,2024,12,22,7,4,13975,13
2024/12/22,2024,12,22,7,5,14095,11
2024/12/22,2024,12,22,7,6,14500,11
2024/12/22,2024,12,22,7,7,15140,10
2024/12/22,2024,12,22,7,8,15894,9
2024/12/22,2024,12,22,7,9,16479,10
2024/12/22,2024,12,22,7,10,16633,11
2024/12/22,2024,12,22,7,11,16512,13
2024/12/22,2024,12,22,7,12,16338,15
2024/12/22,2024,12,22,7,13,16221,16
2024/12/22,2024,12,22,7,14,16234,17
2024/12/22,2024,12,22,7,15,16574,18
2024/12/22,2024,12,22,7,16,17282,19
2024/12/22,2024,12,22,7,17,18341,17
2024/12/22,2024,12,22,7,18,19030,15
2024/12/22,2024,12,22,7,19,18993,14
2024/12/22,2024,12,22,7,20,18804,13
2024/12/22,2024,12,22,7,21,18421,12
2024/12/22,2024,12,22,7,22,17721,10
2024/12/22,2024,12,22,7,23,16786,10
2024/12/22,2024,12,22,7,24,15901,9
2024/12/23,2024,12,23,1,1,15305,9
2024/12/23,2024,12,23,1,2,14945,8
2024/12/23,2024,12,23,1,3,14806,8
2024/12/23,2024,12,23,1,4,14795,8
2024/12/23,2024,12,23,1,5,15101,8
2024/12/23,2024,12,23,1,6,15807,8
2024/12/23,2024,12,23,1,7,16934,8
2024/12/23,2024,12,23,1,8,17870,7
2024/12/23,2024,12,23,1,9,18157,10
2024/12/23,2024,12,23,1,10,18030,12
2024/12/23,2024,12,23,1,11,17620,15
2024/12/23,2024,12,23,1,12,17248,19
2024/12/23,2024,12,23,1,13,17093,21
2024/12/23,2024,12,23,1,14,17074,22
2024/12/23,2024,12,23,1,15,17156,23
2024/12/23,2024,12,23,1,16,17572,24
2024/12/23,2024,12,23,1,17,18429,24
2024/12/23,2024,12,23,1,18,18932,22
2024/12/23,2024,12,23,1,19,18726,22
2024/12/23,2024,12,23,1,20,18404,21
2024/12/23,2024,12,23,1,21,17912,22
2024/12/23,2024,12,23,1,22,17119,22
2024/12/23,2024,12,23,1,23,16018,23
2024/12/23,2024,12,23,1,24,14993,24
2024/12/24,2024,12,24,2,1,14030,24
2024/12/24,2024,12,24,2,2,13685,24
2024/12/24,2024,12,24,2,3,13356,25
2024/12/24,2024,12,24,2,4,13216,25
2024/12/24,2024,12,24,2,5,13360,26
2024/12/24,2024,12,24,2,6,13919,27
2024/12/24,2024,12,24,2,7,14788,27
2024/12/24,2024,12,24,2,8,15673,29
2024/12/24,2024,12,24,2,9,16515,29
2024/12/24,2024,12,24,2,10,17066,29
2024/12/24,2024,12,24,2,11,17317,29
2024/12/24,2024,12,24,2,12,17251,29
2024/12/24,2024,12,24,2,13,16716,30
2024/12/24,2024,12,24,2,14,16102,31
2024/12/24,2024,12,24,2,15,15888,33
2024/12/24,2024,12,24,2,16,16097,34
2024/12/24,2024,12,24,2,17,16722,33
2024/12/24,2024,12,24,2,18,16896,31
2024/12/24,2024,12,24,2,19,16317,30
2024/12/24,2024,12,24,2,20,15784,30
2024/12/24,2024,12,24,2,21,15464,29
2024/12/24,2024,12,24,2,22,15076,30
2024/12/24,2024,12,24,2,23,14532,28
2024/12/24,2024,12,24,2,24,13863,28
2024/12/25,2024,12,25,3,1,13263,27
2024/12/25,2024,12,25,3,2,12848,26
2024/12/25,2024,12,25,3,3,12640,25
2024/12/25,2024,12,25,3,4,12563,25
2024/12/25,2024,12,25,3,5,12694,24
2024/12/25,2024,12,25,3,6,13077,23
2024/12/25,2024,12,25,3,7,13681,22
2024/12/25,2024,12,25,3,8,14399,23
2024/12/25,2024,12,25,3,9,14773,23
2024/12/25,2024,12,25,3,10,14652,25
2024/12/25,2024,12,25,3,11,14261,27
2024/12/25,2024,12,25,3,12,13969,29
2024/12/25,2024,12,25,3,13,13781,31
2024/12/25,2024,12,25,3,14,13686,32
2024/12/25,2024,12,25,3,15,13921,33
2024/12/25,2024,12,25,3,16,14456,33
2024/12/25,2024,12,25,3,17,15308,32
2024/12/25,2024,12,25,3,18,15760,29
2024/12/25,2024,12,25,3,19,15612,28
2024/12/25,2024,12,25,3,20,15478,27
2024/12/25,2024,12,25,3,21,15275,27
2024/12/25,2024,12,25,3,22,14862,27
2024/12/25,2024,12,25,3,23,14180,26
2024/12/25,2024,12,25,3,24,13511,25
2024/12/26,2024,12,26,4,1,13037,25
2024/12/26,2024,12,26,4,2,12735,24
2024/12/26,2024,12,26,4,3,12598,24
2024/12/26,2024,12,26,4,4,12648,23
2024/12/26,2024,12,26,4,5,12929,23
2024/12/26,2024,12,26,4,6,13622,22
2024/12/26,2024,12,26,4,7,14566,22
2024/12/26,2024,12,26,4,8,15424,21
2024/12/26,2024,12,26,4,9,15868,22
2024/12/26,2024,12,26,4,10,15669,24
2024/12/26,2024,12,26,4,11,15224,27
2024/12/26,2024,12,26,4,12,14798,30
2024/12/26,2024,12,26,4,13,14510,32
2024/12/26,2024,12,26,4,14,14534,34
2024/12/26,2024,12,26,4,15,14906,35
2024/12/26,2024,12,26,4,16,15609,35
2024/12/26,2024,12,26,4,17,16711,34
2024/12/26,2024,12,26,4,18,17462,31
2024/12/26,2024,12,26,4,19,17325,29
2024/12/26,2024,12,26,4,20,16992,27
2024/12/26,2024,12,26,4,21,16569,26
2024/12/26,2024,12,26,4,22,15916,25
2024/12/26,2024,12,26,4,23,15002,24
2024/12/26,2024,12,26,4,24,14182,23
2024/12/27,2024,12,27,5,1,13666,22
2024/12/27,2024,12,27,5,2,13333,21
2024/12/27,2024,12,27,5,3,13194,20
2024/12/27,2024,12,27,5,4,13233,20
2024/12/27,2024,12,27,5,5,13556,21
2024/12/27,2024,12,27,5,6,14291,19
2024/12/27,2024,12,27,5,7,15299,19
2024/12/27,2024,12,27,5,8,16151,18
2024/12/27,2024,12,27,5,9,16262,19
2024/12/27,2024,12,27,5,10,15676,24
2024/12/27,2024,12,27,5,11,15109,28
2024/12/27,2024,12,27,5,12,14661,30
2024/12/27,2024,12,27,5,13,14405,34
2024/12/27,2024,12,27,5,14,14470,36
2024/12/27,2024,12,27,5,15,14854,37
2024/12/27,2024,12,27,5,16,15480,38
2024/12/27,2024,12,27,5,17,16476,37
2024/12/27,2024,12,27,5,18,17093,35
2024/12/27,2024,12,27,5,19,16822,32
2024/12/27,2024,12,27,5,20,16405,32
2024/12/27,2024,12,27,5,21,15960,30
2024/12/27,2024,12,27,5,22,15280,31
2024/12/27,2024,12,27,5,23,14421,31
2024/12/27,2024,12,27,5,24,13548,31
2024/12/28,2024,12,28,6,1,12874,30
2024/12/28,2024,12,28,6,2,12426,30
2024/12/28,2024,12,28,6,3,12180,32
2024/12/28,2024,12,28,6,4,12054,32
2024/12/28,2024,12,28,6,5,12110,33
2024/12/28,2024,12,28,6,6,12391,34
2024/12/28,2024,12,28,6,7,12910,34
2024/12/28,2024,12,28,6,8,13511,34
2024/12/28,2024,12,28,6,9,14169,36
2024/12/28,2024,12,28,6,10,14674,36
2024/12/28,2024,12,28,6,11,14870,38
2024/12/28,2024,12,28,6,12,14895,39
2024/12/28,2024,12,28,6,13,14739,41
2024/12/28,2024,12,28,6,14,14574,42
2024/12/28,2024,12,28,6,15,14609,43
2024/12/28,2024,12,28,6,16,14781,43
2024/12/28,2024,12,28,6,17,15400,43
2024/12/28,2024,12,28,6,18,15735,43
2024/12/28,2024,12,28,6,19,15433,42
2024/12/28,2024,12,28,6,20,14968,44
2024/12/28,2024,12,28,6,21,14495,44
2024/12/28,2024,12,28,6,22,13784,43
2024/12/28,2024,12,28,6,23,12945,43
2024/12/28,2024,12,28,6,24,12137,43
2024/12/29,2024,12,29,7,1,11507,43
2024/12/29,2024,12,29,7,2,11070,42
2024/12/29,2024,12,29,7,3,10823,42
2024/12/29,2024,12,29,7,4,10724,41
2024/12/29,2024,12,29,7,5,10784,41
2024/12/29,2024,12,29,7,6,11062,40
2024/12/29,2024,12,29,7,7,11537,40
2024/12/29,2024,12,29,7,8,12087,40
2024/12/29,2024,12,29,7,9,12608,41
2024/12/29,2024,12,29,7,10,13032,41
2024/12/29,2024,12,29,7,11,13322,42
2024/12/29,2024,12,29,7,12,13619,43
2024/12/29,2024,12,29,7,13,13837,44
2024/12/29,2024,12,29,7,14,13842,45
2024/12/29,2024,12,29,7,15,13868,46
2024/12/29,2024,12,29,7,16,14097,47
2024/12/29,2024,12,29,7,17,14856,47
2024/12/29,2024,12,29,7,18,15306,46
2024/12/29,2024,12,29,7,19,15018,46
2024/12/29,2024,12,29,7,20,14509,46
2024/12/29,2024,12,29,7,21,13935,46
2024/12/29,2024,12,29,7,22,13201,45
2024/12/29,2024,12,29,7,23,12351,45
2024/12/29,2024,12,29,7,24,11482,46
2024/12/30,2024,12,30,1,1,10846,47
2024/12/30,2024,12,30,1,2,10412,50
2024/12/30,2024,12,30,1,3,10187,51
2024/12/30,2024,12,30,1,4,10142,52
2024/12/30,2024,12,30,1,5,10383,52
2024/12/30,2024,12,30,1,6,11055,54
2024/12/30,2024,12,30,1,7,12008,54
2024/12/30,2024,12,30,1,8,12905,54
2024/12/30,2024,12,30,1,9,13575,53
2024/12/30,2024,12,30,1,10,13952,54
2024/12/30,2024,12,30,1,11,14091,54
2024/12/30,2024,12,30,1,12,13900,54
2024/12/30,2024,12,30,1,13,13437,56
2024/12/30,2024,12,30,1,14,13196,56
2024/12/30,2024,12,30,1,15,13344,56
2024/12/30,2024,12,30,1,16,13783,56
2024/12/30,2024,12,30,1,17,14605,54
2024/12/30,2024,12,30,1,18,15290,51
2024/12/30,2024,12,30,1,19,15070,49
2024/12/30,2024,12,30,1,20,14614,48
2024/12/30,2024,12,30,1,21,14161,47
2024/12/30,2024,12,30,1,22,13450,45
2024/12/30,2024,12,30,1,23,12559,45
2024/12/30,2024,12,30,1,24,11715,44
2024/12/31,2024,12,31,2,1,11082,44
2024/12/31,2024,12,31,2,2,10702,43
2024/12/31,2024,12,31,2,3,10526,42
2024/12/31,2024,12,31,2,4,10523,42
2024/12/31,2024,12,31,2,5,10820,40
2024/12/31,2024,12,31,2,6,11523,40
2024/12/31,2024,12,31,2,7,12572,38
2024/12/31,2024,12,31,2,8,13352,37
2024/12/31,2024,12,31,2,9,13390,39
2024/12/31,2024,12,31,2,10,12839,42
2024/12/31,2024,12,31,2,11,12493,45
2024/12/31,2024,12,31,2,12,12157,47
2024/12/31,2024,12,31,2,13,12048,49
2024/12/31,2024,12,31,2,14,12340,50
2024/12/31,2024,12,31,2,15,12937,50
2024/12/31,2024,12,31,2,16,13717,49
2024/12/31,2024,12,31,2,17,14755,47
2024/12/31,2024,12,31,2,18,15326,45
2024/12/31,2024,12,31,2,19,14909,43
2024/12/31,2024,12,31,2,20,14284,43
2024/12/31,2024,12,31,2,21,13727,41
2024/12/31,2024,12,31,2,22,13174,39
2024/12/31,2024,12,31,2,23,12556,38
2024/12/31,2024,12,31,2,24,11962,40
